tstamp,load_mw,forecast_3day_mw,init_peak_mw,datetime,weekday,month,year,he_date,predicted_peak_diff_mw,predicted_peak_strength,predicted_peak_strength_actionable
2024-01-01T01:00:00.000-0500,1559.705,1525.903,2734.3689,2024-01-01T01:00:00.000-0500,1,1,2024,2024-01-01,886.6850000000002,-16.733700000000002,0.0
2024-01-01T02:00:00.000-0500,1510.504,1474.605,,2024-01-01T02:00:00.000-0500,1,1,2024,2024-01-01,937.9830000000002,-17.759660000000004,0.0
2024-01-01T03:00:00.000-0500,1472.955,1443.004,,2024-01-01T03:00:00.000-0500,1,1,2024,2024-01-01,969.5840000000003,-18.391680000000004,0.0
2024-01-01T04:00:00.000-0500,1458.184,1441.081,,2024-01-01T04:00:00.000-0500,1,1,2024,2024-01-01,971.5070000000003,-18.430140000000005,0.0
2024-01-01T05:00:00.000-0500,1465.898,1459.222,,2024-01-01T05:00:00.000-0500,1,1,2024,2024-01-01,953.3660000000002,-18.067320000000006,0.0
2024-01-01T06:00:00.000-0500,1504.085,1520.658,,2024-01-01T06:00:00.000-0500,1,1,2024,2024-01-01,891.9300000000003,-16.838600000000007,0.0
2024-01-01T07:00:00.000-0500,1557.018,1596.736,,2024-01-01T07:00:00.000-0500,1,1,2024,2024-01-01,815.8520000000001,-15.317040000000002,0.0
2024-01-01T08:00:00.000-0500,1598.8,1621.551,,2024-01-01T08:00:00.000-0500,1,1,2024,2024-01-01,791.0370000000003,-14.820740000000006,0.0
2024-01-01T09:00:00.000-0500,1616.546,1609.666,,2024-01-01T09:00:00.000-0500,1,1,2024,2024-01-01,802.9220000000003,-15.058440000000004,0.0
2024-01-01T10:00:00.000-0500,1616.772,1629.055,,2024-01-01T10:00:00.000-0500,1,1,2024,2024-01-01,783.5330000000001,-14.670660000000003,0.0
2024-01-01T11:00:00.000-0500,1624.866,1625.235,,2024-01-01T11:00:00.000-0500,1,1,2024,2024-01-01,787.3530000000003,-14.747060000000006,0.0
2024-01-01T12:00:00.000-0500,1628.632,1653.683,,2024-01-01T12:00:00.000-0500,1,1,2024,2024-01-01,758.9050000000002,-14.178100000000004,0.0
2024-01-01T13:00:00.000-0500,1561.259,1648.977,,2024-01-01T13:00:00.000-0500,1,1,2024,2024-01-01,763.6110000000001,-14.272220000000003,0.0
2024-01-01T14:00:00.000-0500,1569.23,1687.045,,2024-01-01T14:00:00.000-0500,1,1,2024,2024-01-01,725.5430000000001,-13.510860000000003,0.0
2024-01-01T15:00:00.000-0500,1662.959,1726.182,,2024-01-01T15:00:00.000-0500,1,1,2024,2024-01-01,686.4060000000002,-12.728120000000004,0.0
2024-01-01T16:00:00.000-0500,1810.351,1899.487,,2024-01-01T16:00:00.000-0500,1,1,2024,2024-01-01,513.1010000000001,-9.262020000000003,0.0
2024-01-01T17:00:00.000-0500,1997.57,2039.119,,2024-01-01T17:00:00.000-0500,1,1,2024,2024-01-01,373.4690000000003,-6.4693800000000055,0.0
2024-01-01T18:00:00.000-0500,2129.262,2173.891,,2024-01-01T18:00:00.000-0500,1,1,2024,2024-01-01,238.69700000000012,-3.7739400000000023,0.0
2024-01-01T19:00:00.000-0500,2110.577,2122.379,,2024-01-01T19:00:00.000-0500,1,1,2024,2024-01-01,290.2090000000003,-4.804180000000006,0.0
2024-01-01T20:00:00.000-0500,2052.811,2076.532,,2024-01-01T20:00:00.000-0500,1,1,2024,2024-01-01,336.05600000000004,-5.721120000000001,0.0
2024-01-01T21:00:00.000-0500,1991.331,2015.131,,2024-01-01T21:00:00.000-0500,1,1,2024,2024-01-01,397.4570000000001,-6.9491400000000025,0.0
2024-01-01T22:00:00.000-0500,1901.426,1888.241,,2024-01-01T22:00:00.000-0500,1,1,2024,2024-01-01,524.3470000000002,-9.486940000000004,0.0
2024-01-01T23:00:00.000-0500,1779.371,1781.027,,2024-01-01T23:00:00.000-0500,1,1,2024,2024-01-01,631.5610000000001,-11.631220000000003,0.0
2024-01-02T00:00:00.000-0500,1675.035,1674.453,,2024-01-02T00:00:00.000-0500,2,1,2024,2024-01-02,738.1350000000002,-13.762700000000004,0.0
2024-01-02T01:00:00.000-0500,1609.843,1713.171,3763.6564,2024-01-02T01:00:00.000-0500,2,1,2024,2024-01-02,699.4170000000001,-12.988340000000003,0.0
2024-01-02T02:00:00.000-0500,1577.117,1668.083,,2024-01-02T02:00:00.000-0500,2,1,2024,2024-01-02,744.5050000000001,-13.890100000000002,0.0
2024-01-02T03:00:00.000-0500,1567.47,1636.814,,2024-01-02T03:00:00.000-0500,2,1,2024,2024-01-02,775.7740000000001,-14.515480000000002,0.0
2024-01-02T04:00:00.000-0500,1582.907,1644.811,,2024-01-02T04:00:00.000-0500,2,1,2024,2024-01-02,767.7770000000003,-14.355540000000005,0.0
2024-01-02T05:00:00.000-0500,1641.792,1737.23,,2024-01-02T05:00:00.000-0500,2,1,2024,2024-01-02,675.3580000000002,-12.507160000000004,0.0
2024-01-02T06:00:00.000-0500,1783.742,1844.195,,2024-01-02T06:00:00.000-0500,2,1,2024,2024-01-02,568.3930000000003,-10.367860000000006,0.0
2024-01-02T07:00:00.000-0500,1994.823,2077.32,,2024-01-02T07:00:00.000-0500,2,1,2024,2024-01-02,335.26800000000003,-5.705360000000001,0.0
2024-01-02T08:00:00.000-0500,2119.329,2183.828,,2024-01-02T08:00:00.000-0500,2,1,2024,2024-01-02,228.76000000000022,-3.575200000000004,0.0
2024-01-02T09:00:00.000-0500,2081.166,2136.538,,2024-01-02T09:00:00.000-0500,2,1,2024,2024-01-02,276.0500000000002,-4.5210000000000035,0.0
2024-01-02T10:00:00.000-0500,1958.696,2006.989,,2024-01-02T10:00:00.000-0500,2,1,2024,2024-01-02,405.59900000000016,-7.111980000000003,0.0
2024-01-02T11:00:00.000-0500,1862.355,1897.037,,2024-01-02T11:00:00.000-0500,2,1,2024,2024-01-02,515.5510000000002,-9.311020000000003,0.0
2024-01-02T12:00:00.000-0500,1792.538,1813.169,,2024-01-02T12:00:00.000-0500,2,1,2024,2024-01-02,599.4190000000001,-10.988380000000003,0.0
2024-01-02T13:00:00.000-0500,1768.865,1766.048,,2024-01-02T13:00:00.000-0500,2,1,2024,2024-01-02,646.5400000000002,-11.930800000000005,0.0
2024-01-02T14:00:00.000-0500,1784.112,1767.593,,2024-01-02T14:00:00.000-0500,2,1,2024,2024-01-02,644.9950000000001,-11.899900000000002,0.0
2024-01-02T15:00:00.000-0500,1861.158,1834.741,,2024-01-02T15:00:00.000-0500,2,1,2024,2024-01-02,577.8470000000002,-10.556940000000004,0.0
2024-01-02T16:00:00.000-0500,2004.983,2064.407,,2024-01-02T16:00:00.000-0500,2,1,2024,2024-01-02,348.18100000000004,-5.963620000000001,0.0
2024-01-02T17:00:00.000-0500,2176.332,2267.804,,2024-01-02T17:00:00.000-0500,2,1,2024,2024-01-02,144.7840000000001,-1.8956800000000023,0.0
2024-01-02T18:00:00.000-0500,2299.431,2385.568,,2024-01-02T18:00:00.000-0500,2,1,2024,2024-01-02,27.019999999999982,0.45960000000000034,0.45960000000000034
2024-01-02T19:00:00.000-0500,2281.979,2342.298,,2024-01-02T19:00:00.000-0500,2,1,2024,2024-01-02,70.29000000000042,-0.4058000000000084,0.0
2024-01-02T20:00:00.000-0500,2224.343,2289.576,,2024-01-02T20:00:00.000-0500,2,1,2024,2024-01-02,123.01200000000017,-1.4602400000000033,0.0
2024-01-02T21:00:00.000-0500,2147.362,2154.967,,2024-01-02T21:00:00.000-0500,2,1,2024,2024-01-02,257.6210000000001,-4.152420000000002,0.0
2024-01-02T22:00:00.000-0500,2029.182,2072.169,,2024-01-02T22:00:00.000-0500,2,1,2024,2024-01-02,340.4190000000003,-5.808380000000007,0.0
2024-01-02T23:00:00.000-0500,1891.992,1927.871,,2024-01-02T23:00:00.000-0500,2,1,2024,2024-01-02,484.7170000000001,-8.694340000000002,0.0
2024-01-03T00:00:00.000-0500,1777.035,1811.962,,2024-01-03T00:00:00.000-0500,3,1,2024,2024-01-03,600.6260000000002,-11.012520000000004,0.0
2024-01-03T01:00:00.000-0500,1695.108,1697.784,3983.4816,2024-01-03T01:00:00.000-0500,3,1,2024,2024-01-03,714.8040000000001,-13.296080000000002,0.0
2024-01-03T02:00:00.000-0500,1647.376,1670.146,,2024-01-03T02:00:00.000-0500,3,1,2024,2024-01-03,742.4420000000002,-13.848840000000004,0.0
2024-01-03T03:00:00.000-0500,1624.106,1642.85,,2024-01-03T03:00:00.000-0500,3,1,2024,2024-01-03,769.7380000000003,-14.394760000000007,0.0
2024-01-03T04:00:00.000-0500,1630.561,1649.398,,2024-01-03T04:00:00.000-0500,3,1,2024,2024-01-03,763.1900000000003,-14.263800000000005,0.0
2024-01-03T05:00:00.000-0500,1672.498,1701.45,,2024-01-03T05:00:00.000-0500,3,1,2024,2024-01-03,711.1380000000001,-13.222760000000003,0.0
2024-01-03T06:00:00.000-0500,1802.924,1845.138,,2024-01-03T06:00:00.000-0500,3,1,2024,2024-01-03,567.4500000000003,-10.349000000000006,0.0
2024-01-03T07:00:00.000-0500,1999.1,2040.316,,2024-01-03T07:00:00.000-0500,3,1,2024,2024-01-03,372.27200000000016,-6.445440000000003,0.0
2024-01-03T08:00:00.000-0500,2132.994,2197.594,,2024-01-03T08:00:00.000-0500,3,1,2024,2024-01-03,214.99400000000014,-3.2998800000000026,0.0
2024-01-03T09:00:00.000-0500,2152.302,2126.008,,2024-01-03T09:00:00.000-0500,3,1,2024,2024-01-03,286.5800000000004,-4.731600000000007,0.0
2024-01-03T10:00:00.000-0500,2063.798,1991.298,,2024-01-03T10:00:00.000-0500,3,1,2024,2024-01-03,421.2900000000002,-7.425800000000004,0.0
2024-01-03T11:00:00.000-0500,2019.911,1895.031,,2024-01-03T11:00:00.000-0500,3,1,2024,2024-01-03,517.5570000000002,-9.351140000000004,0.0
2024-01-03T12:00:00.000-0500,1993.195,1860.416,,2024-01-03T12:00:00.000-0500,3,1,2024,2024-01-03,552.1720000000003,-10.043440000000006,0.0
2024-01-03T13:00:00.000-0500,1998.957,1857.242,,2024-01-03T13:00:00.000-0500,3,1,2024,2024-01-03,555.3460000000002,-10.106920000000004,0.0
2024-01-03T14:00:00.000-0500,2046.491,1964.103,,2024-01-03T14:00:00.000-0500,3,1,2024,2024-01-03,448.4850000000001,-7.969700000000003,0.0
2024-01-03T15:00:00.000-0500,2068.217,2049.087,,2024-01-03T15:00:00.000-0500,3,1,2024,2024-01-03,363.5010000000002,-6.270020000000004,0.0
2024-01-03T16:00:00.000-0500,2101.235,2151.053,,2024-01-03T16:00:00.000-0500,3,1,2024,2024-01-03,261.5350000000003,-4.230700000000006,0.0
2024-01-03T17:00:00.000-0500,2223.351,2240.385,,2024-01-03T17:00:00.000-0500,3,1,2024,2024-01-03,172.20299999999997,-2.4440599999999995,0.0
2024-01-03T18:00:00.000-0500,2294.963,2353.98,,2024-01-03T18:00:00.000-0500,3,1,2024,2024-01-03,58.608000000000175,-0.17216000000000342,0.0
2024-01-03T19:00:00.000-0500,2260.374,2310.659,,2024-01-03T19:00:00.000-0500,3,1,2024,2024-01-03,101.92900000000009,-1.0385800000000018,0.0
2024-01-03T20:00:00.000-0500,2194.099,2252.94,,2024-01-03T20:00:00.000-0500,3,1,2024,2024-01-03,159.64800000000014,-2.192960000000003,0.0
2024-01-03T21:00:00.000-0500,2102.251,2166.289,,2024-01-03T21:00:00.000-0500,3,1,2024,2024-01-03,246.29899999999998,-3.92598,0.0
2024-01-03T22:00:00.000-0500,1986.155,2047.166,,2024-01-03T22:00:00.000-0500,3,1,2024,2024-01-03,365.42200000000025,-6.308440000000005,0.0
2024-01-03T23:00:00.000-0500,1831.184,1901.057,,2024-01-03T23:00:00.000-0500,3,1,2024,2024-01-03,511.5310000000002,-9.230620000000004,0.0
2024-01-04T00:00:00.000-0500,1708.263,1781.159,,2024-01-04T00:00:00.000-0500,4,1,2024,2024-01-04,631.4290000000001,-11.628580000000001,0.0
2024-01-04T01:00:00.000-0500,1636.037,1699.199,3983.4816,2024-01-04T01:00:00.000-0500,4,1,2024,2024-01-04,713.3890000000001,-13.267780000000002,0.0
2024-01-04T02:00:00.000-0500,1578.823,1654.246,,2024-01-04T02:00:00.000-0500,4,1,2024,2024-01-04,758.3420000000001,-14.166840000000002,0.0
2024-01-04T03:00:00.000-0500,1552.967,1628.607,,2024-01-04T03:00:00.000-0500,4,1,2024,2024-01-04,783.9810000000002,-14.679620000000005,0.0
2024-01-04T04:00:00.000-0500,1555.585,1630.848,,2024-01-04T04:00:00.000-0500,4,1,2024,2024-01-04,781.7400000000002,-14.634800000000006,0.0
2024-01-04T05:00:00.000-0500,1592.568,1687.043,,2024-01-04T05:00:00.000-0500,4,1,2024,2024-01-04,725.5450000000003,-13.510900000000007,0.0
2024-01-04T06:00:00.000-0500,1726.179,1729.023,,2024-01-04T06:00:00.000-0500,4,1,2024,2024-01-04,683.5650000000003,-12.671300000000006,0.0
2024-01-04T07:00:00.000-0500,1919.986,1925.544,,2024-01-04T07:00:00.000-0500,4,1,2024,2024-01-04,487.0440000000001,-8.740880000000002,0.0
2024-01-04T08:00:00.000-0500,2045.36,2077.08,,2024-01-04T08:00:00.000-0500,4,1,2024,2024-01-04,335.50800000000027,-5.7101600000000055,0.0
2024-01-04T09:00:00.000-0500,2054.785,2090.0,,2024-01-04T09:00:00.000-0500,4,1,2024,2024-01-04,322.5880000000002,-5.451760000000004,0.0
2024-01-04T10:00:00.000-0500,2033.829,2064.149,,2024-01-04T10:00:00.000-0500,4,1,2024,2024-01-04,348.4390000000003,-5.968780000000006,0.0
2024-01-04T11:00:00.000-0500,1972.885,1998.665,,2024-01-04T11:00:00.000-0500,4,1,2024,2024-01-04,413.92300000000023,-7.278460000000004,0.0
2024-01-04T12:00:00.000-0500,1941.628,1964.343,,2024-01-04T12:00:00.000-0500,4,1,2024,2024-01-04,448.2450000000001,-7.964900000000002,0.0
2024-01-04T13:00:00.000-0500,1906.711,1939.889,,2024-01-04T13:00:00.000-0500,4,1,2024,2024-01-04,472.6990000000003,-8.453980000000007,0.0
2024-01-04T14:00:00.000-0500,1906.381,1985.915,,2024-01-04T14:00:00.000-0500,4,1,2024,2024-01-04,426.67300000000023,-7.533460000000005,0.0
2024-01-04T15:00:00.000-0500,1958.119,2034.784,,2024-01-04T15:00:00.000-0500,4,1,2024,2024-01-04,377.8040000000001,-6.5560800000000015,0.0
2024-01-04T16:00:00.000-0500,2032.074,2130.136,,2024-01-04T16:00:00.000-0500,4,1,2024,2024-01-04,282.4520000000002,-4.649040000000005,0.0
2024-01-04T17:00:00.000-0500,2166.06,2242.549,,2024-01-04T17:00:00.000-0500,4,1,2024,2024-01-04,170.03900000000021,-2.4007800000000046,0.0
2024-01-04T18:00:00.000-0500,2287.093,2360.001,,2024-01-04T18:00:00.000-0500,4,1,2024,2024-01-04,52.58699999999999,-0.0517399999999999,0.0
2024-01-04T19:00:00.000-0500,2287.124,2342.902,,2024-01-04T19:00:00.000-0500,4,1,2024,2024-01-04,69.68600000000015,-0.39372000000000296,0.0
2024-01-04T20:00:00.000-0500,2252.851,2278.41,,2024-01-04T20:00:00.000-0500,4,1,2024,2024-01-04,134.17800000000034,-1.6835600000000066,0.0
2024-01-04T21:00:00.000-0500,2189.567,2200.767,,2024-01-04T21:00:00.000-0500,4,1,2024,2024-01-04,211.82100000000037,-3.236420000000008,0.0
2024-01-04T22:00:00.000-0500,2096.707,2100.277,,2024-01-04T22:00:00.000-0500,4,1,2024,2024-01-04,312.31100000000015,-5.246220000000003,0.0
2024-01-04T23:00:00.000-0500,1970.24,1973.084,,2024-01-04T23:00:00.000-0500,4,1,2024,2024-01-04,439.50400000000013,-7.790080000000003,0.0
2024-01-05T00:00:00.000-0500,1860.428,1854.444,,2024-01-05T00:00:00.000-0500,5,1,2024,2024-01-05,558.1440000000002,-10.162880000000005,0.0
2024-01-05T01:00:00.000-0500,1789.417,1832.858,4016.1254,2024-01-05T01:00:00.000-0500,5,1,2024,2024-01-05,579.7300000000002,-10.594600000000005,0.0
2024-01-05T02:00:00.000-0500,1749.873,1791.43,,2024-01-05T02:00:00.000-0500,5,1,2024,2024-01-05,621.1580000000001,-11.423160000000003,0.0
2024-01-05T03:00:00.000-0500,1735.009,1767.14,,2024-01-05T03:00:00.000-0500,5,1,2024,2024-01-05,645.4480000000001,-11.908960000000002,0.0
2024-01-05T04:00:00.000-0500,1744.016,1780.859,,2024-01-05T04:00:00.000-0500,5,1,2024,2024-01-05,631.7290000000003,-11.634580000000005,0.0
2024-01-05T05:00:00.000-0500,1790.664,1832.141,,2024-01-05T05:00:00.000-0500,5,1,2024,2024-01-05,580.4470000000001,-10.608940000000002,0.0
2024-01-05T06:00:00.000-0500,1920.224,1956.278,,2024-01-05T06:00:00.000-0500,5,1,2024,2024-01-05,456.3100000000002,-8.126200000000004,0.0
2024-01-05T07:00:00.000-0500,2114.817,2171.72,,2024-01-05T07:00:00.000-0500,5,1,2024,2024-01-05,240.8680000000004,-3.817360000000008,0.0
2024-01-05T08:00:00.000-0500,2234.421,2310.897,,2024-01-05T08:00:00.000-0500,5,1,2024,2024-01-05,101.69100000000026,-1.0338200000000053,0.0
2024-01-05T09:00:00.000-0500,2199.093,2196.128,,2024-01-05T09:00:00.000-0500,5,1,2024,2024-01-05,216.46000000000004,-3.329200000000001,0.0
2024-01-05T10:00:00.000-0500,2094.888,2028.705,,2024-01-05T10:00:00.000-0500,5,1,2024,2024-01-05,383.88300000000027,-6.677660000000006,0.0
2024-01-05T11:00:00.000-0500,2016.835,1917.143,,2024-01-05T11:00:00.000-0500,5,1,2024,2024-01-05,495.44500000000016,-8.908900000000003,0.0
2024-01-05T12:00:00.000-0500,1945.316,1856.282,,2024-01-05T12:00:00.000-0500,5,1,2024,2024-01-05,556.3060000000003,-10.126120000000006,0.0
2024-01-05T13:00:00.000-0500,1945.457,1837.904,,2024-01-05T13:00:00.000-0500,5,1,2024,2024-01-05,574.6840000000002,-10.493680000000005,0.0
2024-01-05T14:00:00.000-0500,1999.99,1857.258,,2024-01-05T14:00:00.000-0500,5,1,2024,2024-01-05,555.3300000000002,-10.106600000000004,0.0
2024-01-05T15:00:00.000-0500,2063.084,1952.448,,2024-01-05T15:00:00.000-0500,5,1,2024,2024-01-05,460.1400000000001,-8.202800000000002,0.0
2024-01-05T16:00:00.000-0500,2140.004,2165.504,,2024-01-05T16:00:00.000-0500,5,1,2024,2024-01-05,247.0840000000003,-3.941680000000006,0.0
2024-01-05T17:00:00.000-0500,2277.082,2319.707,,2024-01-05T17:00:00.000-0500,5,1,2024,2024-01-05,92.88100000000031,-0.8576200000000063,0.0
2024-01-05T18:00:00.000-0500,2349.352,2412.588,,2024-01-05T18:00:00.000-0500,5,1,2024,2024-01-05,0.0,1.0,1.0
2024-01-05T19:00:00.000-0500,2307.22,2362.671,,2024-01-05T19:00:00.000-0500,5,1,2024,2024-01-05,49.91700000000037,0.0016599999999925563,0.0016599999999925563
2024-01-05T20:00:00.000-0500,2244.879,2298.487,,2024-01-05T20:00:00.000-0500,5,1,2024,2024-01-05,114.10100000000011,-1.2820200000000024,0.0
2024-01-05T21:00:00.000-0500,2165.002,2187.467,,2024-01-05T21:00:00.000-0500,5,1,2024,2024-01-05,225.1210000000001,-3.5024200000000016,0.0
2024-01-05T22:00:00.000-0500,2076.678,2118.365,,2024-01-05T22:00:00.000-0500,5,1,2024,2024-01-05,294.2230000000004,-4.884460000000009,0.0
2024-01-05T23:00:00.000-0500,1953.348,1994.901,,2024-01-05T23:00:00.000-0500,5,1,2024,2024-01-05,417.6870000000001,-7.353740000000002,0.0
2024-01-06T00:00:00.000-0500,1839.206,1885.572,,2024-01-06T00:00:00.000-0500,6,1,2024,2024-01-06,527.0160000000003,-9.540320000000007,0.0
2024-01-06T01:00:00.000-0500,1758.434,1803.235,4036.6506,2024-01-06T01:00:00.000-0500,6,1,2024,2024-01-06,609.3530000000003,-11.187060000000006,0.0
2024-01-06T02:00:00.000-0500,1697.943,1746.682,,2024-01-06T02:00:00.000-0500,6,1,2024,2024-01-06,665.9060000000002,-12.318120000000004,0.0
2024-01-06T03:00:00.000-0500,1667.291,1710.595,,2024-01-06T03:00:00.000-0500,6,1,2024,2024-01-06,701.9930000000002,-13.039860000000004,0.0
2024-01-06T04:00:00.000-0500,1651.554,1713.274,,2024-01-06T04:00:00.000-0500,6,1,2024,2024-01-06,699.3140000000003,-12.986280000000006,0.0
2024-01-06T05:00:00.000-0500,1663.782,1740.657,,2024-01-06T05:00:00.000-0500,6,1,2024,2024-01-06,671.9310000000003,-12.438620000000006,0.0
2024-01-06T06:00:00.000-0500,1705.912,1777.912,,2024-01-06T06:00:00.000-0500,6,1,2024,2024-01-06,634.6760000000002,-11.693520000000003,0.0
2024-01-06T07:00:00.000-0500,1773.254,1887.77,,2024-01-06T07:00:00.000-0500,6,1,2024,2024-01-06,524.8180000000002,-9.496360000000005,0.0
2024-01-06T08:00:00.000-0500,1852.65,1940.474,,2024-01-06T08:00:00.000-0500,6,1,2024,2024-01-06,472.11400000000026,-8.442280000000006,0.0
2024-01-06T09:00:00.000-0500,1912.432,1988.373,,2024-01-06T09:00:00.000-0500,6,1,2024,2024-01-06,424.21500000000015,-7.484300000000003,0.0
2024-01-06T10:00:00.000-0500,1936.431,2026.036,,2024-01-06T10:00:00.000-0500,6,1,2024,2024-01-06,386.55200000000013,-6.731040000000003,0.0
2024-01-06T11:00:00.000-0500,1942.67,1986.869,,2024-01-06T11:00:00.000-0500,6,1,2024,2024-01-06,425.7190000000003,-7.514380000000006,0.0
2024-01-06T12:00:00.000-0500,1973.272,1979.016,,2024-01-06T12:00:00.000-0500,6,1,2024,2024-01-06,433.5720000000001,-7.671440000000002,0.0
2024-01-06T13:00:00.000-0500,2010.444,1958.368,,2024-01-06T13:00:00.000-0500,6,1,2024,2024-01-06,454.22000000000025,-8.084400000000006,0.0
2024-01-06T14:00:00.000-0500,1996.525,2007.381,,2024-01-06T14:00:00.000-0500,6,1,2024,2024-01-06,405.2070000000001,-7.104140000000003,0.0
2024-01-06T15:00:00.000-0500,1950.307,2055.5,,2024-01-06T15:00:00.000-0500,6,1,2024,2024-01-06,357.0880000000002,-6.141760000000004,0.0
2024-01-06T16:00:00.000-0500,2035.756,2141.603,,2024-01-06T16:00:00.000-0500,6,1,2024,2024-01-06,270.9850000000001,-4.419700000000002,0.0
2024-01-06T17:00:00.000-0500,2139.643,2227.812,,2024-01-06T17:00:00.000-0500,6,1,2024,2024-01-06,184.7760000000003,-2.695520000000006,0.0
2024-01-06T18:00:00.000-0500,2212.423,2280.858,,2024-01-06T18:00:00.000-0500,6,1,2024,2024-01-06,131.73000000000002,-1.6346000000000003,0.0
2024-01-06T19:00:00.000-0500,2171.108,2221.442,,2024-01-06T19:00:00.000-0500,6,1,2024,2024-01-06,191.14600000000019,-2.822920000000004,0.0
2024-01-06T20:00:00.000-0500,2106.836,2136.848,,2024-01-06T20:00:00.000-0500,6,1,2024,2024-01-06,275.74000000000024,-4.514800000000005,0.0
2024-01-06T21:00:00.000-0500,2042.924,2059.531,,2024-01-06T21:00:00.000-0500,6,1,2024,2024-01-06,353.05700000000024,-6.061140000000005,0.0
2024-01-06T22:00:00.000-0500,1953.113,1960.514,,2024-01-06T22:00:00.000-0500,6,1,2024,2024-01-06,452.0740000000003,-8.041480000000005,0.0
2024-01-06T23:00:00.000-0500,1846.117,1849.212,,2024-01-06T23:00:00.000-0500,6,1,2024,2024-01-06,563.3760000000002,-10.267520000000005,0.0
2024-01-07T00:00:00.000-0500,1742.365,1781.326,,2024-01-07T00:00:00.000-0500,7,1,2024,2024-01-07,631.2620000000002,-11.625240000000003,0.0
2024-01-07T01:00:00.000-0500,1672.248,1727.753,4036.6506,2024-01-07T01:00:00.000-0500,7,1,2024,2024-01-07,684.8350000000003,-12.696700000000005,0.0
2024-01-07T02:00:00.000-0500,1609.312,1689.038,,2024-01-07T02:00:00.000-0500,7,1,2024,2024-01-07,723.5500000000002,-13.471000000000004,0.0
2024-01-07T03:00:00.000-0500,1577.764,1614.902,,2024-01-07T03:00:00.000-0500,7,1,2024,2024-01-07,797.6860000000001,-14.953720000000004,0.0
2024-01-07T04:00:00.000-0500,1563.082,1586.159,,2024-01-07T04:00:00.000-0500,7,1,2024,2024-01-07,826.4290000000001,-15.528580000000002,0.0
2024-01-07T05:00:00.000-0500,1571.588,1640.645,,2024-01-07T05:00:00.000-0500,7,1,2024,2024-01-07,771.9430000000002,-14.438860000000005,0.0
2024-01-07T06:00:00.000-0500,1607.533,1662.554,,2024-01-07T06:00:00.000-0500,7,1,2024,2024-01-07,750.0340000000001,-14.000680000000003,0.0
2024-01-07T07:00:00.000-0500,1659.369,1725.357,,2024-01-07T07:00:00.000-0500,7,1,2024,2024-01-07,687.2310000000002,-12.744620000000005,0.0
2024-01-07T08:00:00.000-0500,1739.374,1768.953,,2024-01-07T08:00:00.000-0500,7,1,2024,2024-01-07,643.6350000000002,-11.872700000000005,0.0
2024-01-07T09:00:00.000-0500,1836.878,1939.27,,2024-01-07T09:00:00.000-0500,7,1,2024,2024-01-07,473.3180000000002,-8.466360000000005,0.0
2024-01-07T10:00:00.000-0500,1943.87,2014.367,,2024-01-07T10:00:00.000-0500,7,1,2024,2024-01-07,398.22100000000023,-6.964420000000005,0.0
2024-01-07T11:00:00.000-0500,2042.904,2222.702,,2024-01-07T11:00:00.000-0500,7,1,2024,2024-01-07,189.88599999999997,-2.7977199999999995,0.0
2024-01-07T12:00:00.000-0500,2136.337,2254.272,,2024-01-07T12:00:00.000-0500,7,1,2024,2024-01-07,158.31600000000026,-2.166320000000005,0.0
2024-01-07T13:00:00.000-0500,2195.643,2343.236,,2024-01-07T13:00:00.000-0500,7,1,2024,2024-01-07,69.35200000000032,-0.38704000000000627,0.0
2024-01-07T14:00:00.000-0500,2192.951,2302.006,,2024-01-07T14:00:00.000-0500,7,1,2024,2024-01-07,110.58200000000033,-1.2116400000000067,0.0
2024-01-07T15:00:00.000-0500,2171.489,2325.255,,2024-01-07T15:00:00.000-0500,7,1,2024,2024-01-07,87.33300000000008,-0.7466600000000017,0.0
2024-01-07T16:00:00.000-0500,2159.989,2314.516,,2024-01-07T16:00:00.000-0500,7,1,2024,2024-01-07,98.07200000000012,-0.9614400000000023,0.0
2024-01-07T17:00:00.000-0500,2235.985,2329.222,,2024-01-07T17:00:00.000-0500,7,1,2024,2024-01-07,83.36599999999999,-0.6673199999999997,0.0
2024-01-07T18:00:00.000-0500,2343.968,2357.311,,2024-01-07T18:00:00.000-0500,7,1,2024,2024-01-07,55.277000000000044,-0.10554000000000086,0.0
2024-01-07T19:00:00.000-0500,2319.363,2295.039,,2024-01-07T19:00:00.000-0500,7,1,2024,2024-01-07,117.54899999999998,-1.3509799999999994,0.0
2024-01-07T20:00:00.000-0500,2233.752,2235.003,,2024-01-07T20:00:00.000-0500,7,1,2024,2024-01-07,177.58500000000004,-2.5517000000000007,0.0
2024-01-07T21:00:00.000-0500,2131.632,2198.01,,2024-01-07T21:00:00.000-0500,7,1,2024,2024-01-07,214.57799999999997,-3.2915599999999996,0.0
2024-01-07T22:00:00.000-0500,2012.363,2065.793,,2024-01-07T22:00:00.000-0500,7,1,2024,2024-01-07,346.7950000000001,-5.935900000000002,0.0
2024-01-07T23:00:00.000-0500,1878.804,1944.659,,2024-01-07T23:00:00.000-0500,7,1,2024,2024-01-07,467.9290000000001,-8.358580000000002,0.0
2024-01-08T00:00:00.000-0500,1765.156,1837.697,,2024-01-08T00:00:00.000-0500,1,1,2024,2024-01-08,574.8910000000003,-10.497820000000006,0.0
2024-01-02T01:00:00.000-0500,1609.843,1713.171,3763.6564,2024-01-02T01:00:00.000-0500,2,1,2024,2024-01-02,1021.1978999999999,-19.423958,0.0
2024-01-02T02:00:00.000-0500,1577.117,1668.083,,2024-01-02T02:00:00.000-0500,2,1,2024,2024-01-02,1066.2858999999999,-20.325718,0.0
2024-01-02T03:00:00.000-0500,1567.47,1636.814,,2024-01-02T03:00:00.000-0500,2,1,2024,2024-01-02,1097.5548999999999,-20.951097999999998,0.0
2024-01-02T04:00:00.000-0500,1582.907,1644.811,,2024-01-02T04:00:00.000-0500,2,1,2024,2024-01-02,1089.5579,-20.791158,0.0
2024-01-02T05:00:00.000-0500,1641.792,1737.23,,2024-01-02T05:00:00.000-0500,2,1,2024,2024-01-02,997.1388999999999,-18.942778,0.0
2024-01-02T06:00:00.000-0500,1783.742,1844.195,,2024-01-02T06:00:00.000-0500,2,1,2024,2024-01-02,890.1739,-16.803478000000002,0.0
2024-01-02T07:00:00.000-0500,1994.823,2077.32,,2024-01-02T07:00:00.000-0500,2,1,2024,2024-01-02,657.0488999999998,-12.140977999999995,0.0
2024-01-02T08:00:00.000-0500,2119.329,2183.828,,2024-01-02T08:00:00.000-0500,2,1,2024,2024-01-02,550.5409,-10.010817999999999,0.0
2024-01-02T09:00:00.000-0500,2081.166,2136.538,,2024-01-02T09:00:00.000-0500,2,1,2024,2024-01-02,597.8308999999999,-10.956617999999999,0.0
2024-01-02T10:00:00.000-0500,1958.696,2006.989,,2024-01-02T10:00:00.000-0500,2,1,2024,2024-01-02,727.3798999999999,-13.547597999999999,0.0
2024-01-02T11:00:00.000-0500,1862.355,1897.037,,2024-01-02T11:00:00.000-0500,2,1,2024,2024-01-02,837.3318999999999,-15.746637999999997,0.0
2024-01-02T12:00:00.000-0500,1792.538,1813.169,,2024-01-02T12:00:00.000-0500,2,1,2024,2024-01-02,921.1998999999998,-17.423997999999997,0.0
2024-01-02T13:00:00.000-0500,1768.865,1766.048,,2024-01-02T13:00:00.000-0500,2,1,2024,2024-01-02,968.3208999999999,-18.366418,0.0
2024-01-02T14:00:00.000-0500,1784.112,1767.593,,2024-01-02T14:00:00.000-0500,2,1,2024,2024-01-02,966.7758999999999,-18.335517999999997,0.0
2024-01-02T15:00:00.000-0500,1861.158,1834.741,,2024-01-02T15:00:00.000-0500,2,1,2024,2024-01-02,899.6279,-16.992558,0.0
2024-01-02T16:00:00.000-0500,2004.983,2064.407,,2024-01-02T16:00:00.000-0500,2,1,2024,2024-01-02,669.9618999999998,-12.399237999999997,0.0
2024-01-02T17:00:00.000-0500,2176.332,2267.804,,2024-01-02T17:00:00.000-0500,2,1,2024,2024-01-02,466.56489999999985,-8.331297999999997,0.0
2024-01-02T18:00:00.000-0500,2299.431,2385.568,,2024-01-02T18:00:00.000-0500,2,1,2024,2024-01-02,348.80089999999973,-5.9760179999999945,0.0
2024-01-02T19:00:00.000-0500,2281.979,2342.298,,2024-01-02T19:00:00.000-0500,2,1,2024,2024-01-02,392.07090000000017,-6.8414180000000036,0.0
2024-01-02T20:00:00.000-0500,2224.343,2289.576,,2024-01-02T20:00:00.000-0500,2,1,2024,2024-01-02,444.7928999999999,-7.895857999999999,0.0
2024-01-02T21:00:00.000-0500,2147.362,2154.967,,2024-01-02T21:00:00.000-0500,2,1,2024,2024-01-02,579.4018999999998,-10.588037999999997,0.0
2024-01-02T22:00:00.000-0500,2029.182,2072.169,,2024-01-02T22:00:00.000-0500,2,1,2024,2024-01-02,662.1999000000001,-12.243998000000001,0.0
2024-01-02T23:00:00.000-0500,1891.992,1927.871,,2024-01-02T23:00:00.000-0500,2,1,2024,2024-01-02,806.4978999999998,-15.129957999999998,0.0
2024-01-03T00:00:00.000-0500,1777.035,1811.962,,2024-01-03T00:00:00.000-0500,3,1,2024,2024-01-03,922.4069,-17.448138,0.0
2024-01-03T01:00:00.000-0500,1695.108,1697.784,3983.4816,2024-01-03T01:00:00.000-0500,3,1,2024,2024-01-03,1036.5848999999998,-19.731697999999998,0.0
2024-01-03T02:00:00.000-0500,1647.376,1670.146,,2024-01-03T02:00:00.000-0500,3,1,2024,2024-01-03,1064.2229,-20.284458,0.0
2024-01-03T03:00:00.000-0500,1624.106,1642.85,,2024-01-03T03:00:00.000-0500,3,1,2024,2024-01-03,1091.5189,-20.830378,0.0
2024-01-03T04:00:00.000-0500,1630.561,1649.398,,2024-01-03T04:00:00.000-0500,3,1,2024,2024-01-03,1084.9709,-20.699418,0.0
2024-01-03T05:00:00.000-0500,1672.498,1701.45,,2024-01-03T05:00:00.000-0500,3,1,2024,2024-01-03,1032.9189,-19.658378,0.0
2024-01-03T06:00:00.000-0500,1802.924,1845.138,,2024-01-03T06:00:00.000-0500,3,1,2024,2024-01-03,889.2309,-16.784618000000002,0.0
2024-01-03T07:00:00.000-0500,1999.1,2040.316,,2024-01-03T07:00:00.000-0500,3,1,2024,2024-01-03,694.0528999999999,-12.881057999999998,0.0
2024-01-03T08:00:00.000-0500,2132.994,2197.594,,2024-01-03T08:00:00.000-0500,3,1,2024,2024-01-03,536.7748999999999,-9.735497999999998,0.0
2024-01-03T09:00:00.000-0500,2152.302,2126.008,,2024-01-03T09:00:00.000-0500,3,1,2024,2024-01-03,608.3609000000001,-11.167218000000004,0.0
2024-01-03T10:00:00.000-0500,2063.798,1991.298,,2024-01-03T10:00:00.000-0500,3,1,2024,2024-01-03,743.0708999999999,-13.861417999999999,0.0
2024-01-03T11:00:00.000-0500,2019.911,1895.031,,2024-01-03T11:00:00.000-0500,3,1,2024,2024-01-03,839.3379,-15.786757999999999,0.0
2024-01-03T12:00:00.000-0500,1993.195,1860.416,,2024-01-03T12:00:00.000-0500,3,1,2024,2024-01-03,873.9529,-16.479058000000002,0.0
2024-01-03T13:00:00.000-0500,1998.957,1857.242,,2024-01-03T13:00:00.000-0500,3,1,2024,2024-01-03,877.1269,-16.542538,0.0
2024-01-03T14:00:00.000-0500,2046.491,1964.103,,2024-01-03T14:00:00.000-0500,3,1,2024,2024-01-03,770.2658999999999,-14.405317999999998,0.0
2024-01-03T15:00:00.000-0500,2068.217,2049.087,,2024-01-03T15:00:00.000-0500,3,1,2024,2024-01-03,685.2819,-12.705637999999999,0.0
2024-01-03T16:00:00.000-0500,2101.235,2151.053,,2024-01-03T16:00:00.000-0500,3,1,2024,2024-01-03,583.3159,-10.666318000000002,0.0
2024-01-03T17:00:00.000-0500,2223.351,2240.385,,2024-01-03T17:00:00.000-0500,3,1,2024,2024-01-03,493.9838999999997,-8.879677999999995,0.0
2024-01-03T18:00:00.000-0500,2294.963,2353.98,,2024-01-03T18:00:00.000-0500,3,1,2024,2024-01-03,380.3888999999999,-6.607777999999999,0.0
2024-01-03T19:00:00.000-0500,2260.374,2310.659,,2024-01-03T19:00:00.000-0500,3,1,2024,2024-01-03,423.70989999999983,-7.474197999999998,0.0
2024-01-03T20:00:00.000-0500,2194.099,2252.94,,2024-01-03T20:00:00.000-0500,3,1,2024,2024-01-03,481.4288999999999,-8.628577999999997,0.0
2024-01-03T21:00:00.000-0500,2102.251,2166.289,,2024-01-03T21:00:00.000-0500,3,1,2024,2024-01-03,568.0798999999997,-10.361597999999995,0.0
2024-01-03T22:00:00.000-0500,1986.155,2047.166,,2024-01-03T22:00:00.000-0500,3,1,2024,2024-01-03,687.2029,-12.744058,0.0
2024-01-03T23:00:00.000-0500,1831.184,1901.057,,2024-01-03T23:00:00.000-0500,3,1,2024,2024-01-03,833.3118999999999,-15.666238,0.0
2024-01-04T00:00:00.000-0500,1708.263,1781.159,,2024-01-04T00:00:00.000-0500,4,1,2024,2024-01-04,953.2098999999998,-18.064197999999998,0.0
2024-01-04T01:00:00.000-0500,1636.037,1699.199,3983.4816,2024-01-04T01:00:00.000-0500,4,1,2024,2024-01-04,1035.1698999999999,-19.703397999999996,0.0
2024-01-04T02:00:00.000-0500,1578.823,1654.246,,2024-01-04T02:00:00.000-0500,4,1,2024,2024-01-04,1080.1228999999998,-20.602458,0.0
2024-01-04T03:00:00.000-0500,1552.967,1628.607,,2024-01-04T03:00:00.000-0500,4,1,2024,2024-01-04,1105.7619,-21.115238,0.0
2024-01-04T04:00:00.000-0500,1555.585,1630.848,,2024-01-04T04:00:00.000-0500,4,1,2024,2024-01-04,1103.5209,-21.070418,0.0
2024-01-04T05:00:00.000-0500,1592.568,1687.043,,2024-01-04T05:00:00.000-0500,4,1,2024,2024-01-04,1047.3259,-19.946518,0.0
2024-01-04T06:00:00.000-0500,1726.179,1729.023,,2024-01-04T06:00:00.000-0500,4,1,2024,2024-01-04,1005.3459,-19.106918,0.0
2024-01-04T07:00:00.000-0500,1919.986,1925.544,,2024-01-04T07:00:00.000-0500,4,1,2024,2024-01-04,808.8248999999998,-15.176497999999999,0.0
2024-01-04T08:00:00.000-0500,2045.36,2077.08,,2024-01-04T08:00:00.000-0500,4,1,2024,2024-01-04,657.2889,-12.145778,0.0
2024-01-04T09:00:00.000-0500,2054.785,2090.0,,2024-01-04T09:00:00.000-0500,4,1,2024,2024-01-04,644.3688999999999,-11.887377999999998,0.0
2024-01-04T10:00:00.000-0500,2033.829,2064.149,,2024-01-04T10:00:00.000-0500,4,1,2024,2024-01-04,670.2199,-12.404398,0.0
2024-01-04T11:00:00.000-0500,1972.885,1998.665,,2024-01-04T11:00:00.000-0500,4,1,2024,2024-01-04,735.7039,-13.714078,0.0
2024-01-04T12:00:00.000-0500,1941.628,1964.343,,2024-01-04T12:00:00.000-0500,4,1,2024,2024-01-04,770.0258999999999,-14.400517999999998,0.0
2024-01-04T13:00:00.000-0500,1906.711,1939.889,,2024-01-04T13:00:00.000-0500,4,1,2024,2024-01-04,794.4799,-14.889598000000001,0.0
2024-01-04T14:00:00.000-0500,1906.381,1985.915,,2024-01-04T14:00:00.000-0500,4,1,2024,2024-01-04,748.4539,-13.969078,0.0
2024-01-04T15:00:00.000-0500,1958.119,2034.784,,2024-01-04T15:00:00.000-0500,4,1,2024,2024-01-04,699.5848999999998,-12.991697999999998,0.0
2024-01-04T16:00:00.000-0500,2032.074,2130.136,,2024-01-04T16:00:00.000-0500,4,1,2024,2024-01-04,604.2329,-11.084658,0.0
2024-01-04T17:00:00.000-0500,2166.06,2242.549,,2024-01-04T17:00:00.000-0500,4,1,2024,2024-01-04,491.81989999999996,-8.836397999999999,0.0
2024-01-04T18:00:00.000-0500,2287.093,2360.001,,2024-01-04T18:00:00.000-0500,4,1,2024,2024-01-04,374.36789999999974,-6.487357999999995,0.0
2024-01-04T19:00:00.000-0500,2287.124,2342.902,,2024-01-04T19:00:00.000-0500,4,1,2024,2024-01-04,391.4668999999999,-6.829337999999998,0.0
2024-01-04T20:00:00.000-0500,2252.851,2278.41,,2024-01-04T20:00:00.000-0500,4,1,2024,2024-01-04,455.9589000000001,-8.119178000000002,0.0
2024-01-04T21:00:00.000-0500,2189.567,2200.767,,2024-01-04T21:00:00.000-0500,4,1,2024,2024-01-04,533.6019000000001,-9.672038000000002,0.0
2024-01-04T22:00:00.000-0500,2096.707,2100.277,,2024-01-04T22:00:00.000-0500,4,1,2024,2024-01-04,634.0918999999999,-11.681837999999999,0.0
2024-01-04T23:00:00.000-0500,1970.24,1973.084,,2024-01-04T23:00:00.000-0500,4,1,2024,2024-01-04,761.2848999999999,-14.225697999999998,0.0
2024-01-05T00:00:00.000-0500,1860.428,1854.444,,2024-01-05T00:00:00.000-0500,5,1,2024,2024-01-05,879.9249,-16.598498,0.0
2024-01-05T01:00:00.000-0500,1789.417,1832.858,4016.1254,2024-01-05T01:00:00.000-0500,5,1,2024,2024-01-05,901.5109,-17.030218,0.0
2024-01-05T02:00:00.000-0500,1749.873,1791.43,,2024-01-05T02:00:00.000-0500,5,1,2024,2024-01-05,942.9388999999999,-17.858777999999997,0.0
2024-01-05T03:00:00.000-0500,1735.009,1767.14,,2024-01-05T03:00:00.000-0500,5,1,2024,2024-01-05,967.2288999999998,-18.344578,0.0
2024-01-05T04:00:00.000-0500,1744.016,1780.859,,2024-01-05T04:00:00.000-0500,5,1,2024,2024-01-05,953.5099,-18.070198,0.0
2024-01-05T05:00:00.000-0500,1790.664,1832.141,,2024-01-05T05:00:00.000-0500,5,1,2024,2024-01-05,902.2278999999999,-17.044558,0.0
2024-01-05T06:00:00.000-0500,1920.224,1956.278,,2024-01-05T06:00:00.000-0500,5,1,2024,2024-01-05,778.0908999999999,-14.561817999999999,0.0
2024-01-05T07:00:00.000-0500,2114.817,2171.72,,2024-01-05T07:00:00.000-0500,5,1,2024,2024-01-05,562.6489000000001,-10.252978000000002,0.0
2024-01-05T08:00:00.000-0500,2234.421,2310.897,,2024-01-05T08:00:00.000-0500,5,1,2024,2024-01-05,423.4719,-7.469438,0.0
2024-01-05T09:00:00.000-0500,2199.093,2196.128,,2024-01-05T09:00:00.000-0500,5,1,2024,2024-01-05,538.2408999999998,-9.764817999999996,0.0
2024-01-05T10:00:00.000-0500,2094.888,2028.705,,2024-01-05T10:00:00.000-0500,5,1,2024,2024-01-05,705.6639,-13.113278000000001,0.0
2024-01-05T11:00:00.000-0500,2016.835,1917.143,,2024-01-05T11:00:00.000-0500,5,1,2024,2024-01-05,817.2258999999999,-15.344517999999997,0.0
2024-01-05T12:00:00.000-0500,1945.316,1856.282,,2024-01-05T12:00:00.000-0500,5,1,2024,2024-01-05,878.0869,-16.561738000000002,0.0
2024-01-05T13:00:00.000-0500,1945.457,1837.904,,2024-01-05T13:00:00.000-0500,5,1,2024,2024-01-05,896.4649,-16.929298,0.0
2024-01-05T14:00:00.000-0500,1999.99,1857.258,,2024-01-05T14:00:00.000-0500,5,1,2024,2024-01-05,877.1108999999999,-16.542218,0.0
2024-01-05T15:00:00.000-0500,2063.084,1952.448,,2024-01-05T15:00:00.000-0500,5,1,2024,2024-01-05,781.9208999999998,-14.638417999999998,0.0
2024-01-05T16:00:00.000-0500,2140.004,2165.504,,2024-01-05T16:00:00.000-0500,5,1,2024,2024-01-05,568.8649,-10.377298000000001,0.0
2024-01-05T17:00:00.000-0500,2277.082,2319.707,,2024-01-05T17:00:00.000-0500,5,1,2024,2024-01-05,414.66190000000006,-7.2932380000000006,0.0
2024-01-05T18:00:00.000-0500,2349.352,2412.588,,2024-01-05T18:00:00.000-0500,5,1,2024,2024-01-05,321.78089999999975,-5.435617999999995,0.0
2024-01-05T19:00:00.000-0500,2307.22,2362.671,,2024-01-05T19:00:00.000-0500,5,1,2024,2024-01-05,371.6979000000001,-6.433958000000002,0.0
2024-01-05T20:00:00.000-0500,2244.879,2298.487,,2024-01-05T20:00:00.000-0500,5,1,2024,2024-01-05,435.88189999999986,-7.717637999999997,0.0
2024-01-05T21:00:00.000-0500,2165.002,2187.467,,2024-01-05T21:00:00.000-0500,5,1,2024,2024-01-05,546.9018999999998,-9.938037999999997,0.0
2024-01-05T22:00:00.000-0500,2076.678,2118.365,,2024-01-05T22:00:00.000-0500,5,1,2024,2024-01-05,616.0039000000002,-11.320078000000004,0.0
2024-01-05T23:00:00.000-0500,1953.348,1994.901,,2024-01-05T23:00:00.000-0500,5,1,2024,2024-01-05,739.4678999999999,-13.789357999999998,0.0
2024-01-06T00:00:00.000-0500,1839.206,1885.572,,2024-01-06T00:00:00.000-0500,6,1,2024,2024-01-06,848.7969,-15.975938000000003,0.0
2024-01-06T01:00:00.000-0500,1758.434,1803.235,4036.6506,2024-01-06T01:00:00.000-0500,6,1,2024,2024-01-06,931.1339,-17.622678,0.0
2024-01-06T02:00:00.000-0500,1697.943,1746.682,,2024-01-06T02:00:00.000-0500,6,1,2024,2024-01-06,987.6868999999999,-18.753738,0.0
2024-01-06T03:00:00.000-0500,1667.291,1710.595,,2024-01-06T03:00:00.000-0500,6,1,2024,2024-01-06,1023.7738999999999,-19.475478,0.0
2024-01-06T04:00:00.000-0500,1651.554,1713.274,,2024-01-06T04:00:00.000-0500,6,1,2024,2024-01-06,1021.0949,-19.421898000000002,0.0
2024-01-06T05:00:00.000-0500,1663.782,1740.657,,2024-01-06T05:00:00.000-0500,6,1,2024,2024-01-06,993.7119,-18.874238000000002,0.0
2024-01-06T06:00:00.000-0500,1705.912,1777.912,,2024-01-06T06:00:00.000-0500,6,1,2024,2024-01-06,956.4568999999999,-18.129137999999998,0.0
2024-01-06T07:00:00.000-0500,1773.254,1887.77,,2024-01-06T07:00:00.000-0500,6,1,2024,2024-01-06,846.5989,-15.931978,0.0
2024-01-06T08:00:00.000-0500,1852.65,1940.474,,2024-01-06T08:00:00.000-0500,6,1,2024,2024-01-06,793.8949,-14.877898,0.0
2024-01-06T09:00:00.000-0500,1912.432,1988.373,,2024-01-06T09:00:00.000-0500,6,1,2024,2024-01-06,745.9958999999999,-13.919917999999997,0.0
2024-01-06T10:00:00.000-0500,1936.431,2026.036,,2024-01-06T10:00:00.000-0500,6,1,2024,2024-01-06,708.3328999999999,-13.166657999999998,0.0
2024-01-06T11:00:00.000-0500,1942.67,1986.869,,2024-01-06T11:00:00.000-0500,6,1,2024,2024-01-06,747.4999,-13.949998,0.0
2024-01-06T12:00:00.000-0500,1973.272,1979.016,,2024-01-06T12:00:00.000-0500,6,1,2024,2024-01-06,755.3528999999999,-14.107057999999997,0.0
2024-01-06T13:00:00.000-0500,2010.444,1958.368,,2024-01-06T13:00:00.000-0500,6,1,2024,2024-01-06,776.0009,-14.520018,0.0
2024-01-06T14:00:00.000-0500,1996.525,2007.381,,2024-01-06T14:00:00.000-0500,6,1,2024,2024-01-06,726.9878999999999,-13.539757999999997,0.0
2024-01-06T15:00:00.000-0500,1950.307,2055.5,,2024-01-06T15:00:00.000-0500,6,1,2024,2024-01-06,678.8688999999999,-12.577378,0.0
2024-01-06T16:00:00.000-0500,2035.756,2141.603,,2024-01-06T16:00:00.000-0500,6,1,2024,2024-01-06,592.7658999999999,-10.855317999999997,0.0
2024-01-06T17:00:00.000-0500,2139.643,2227.812,,2024-01-06T17:00:00.000-0500,6,1,2024,2024-01-06,506.55690000000004,-9.131138000000002,0.0
2024-01-06T18:00:00.000-0500,2212.423,2280.858,,2024-01-06T18:00:00.000-0500,6,1,2024,2024-01-06,453.51089999999976,-8.070217999999995,0.0
2024-01-06T19:00:00.000-0500,2171.108,2221.442,,2024-01-06T19:00:00.000-0500,6,1,2024,2024-01-06,512.9268999999999,-9.258538,0.0
2024-01-06T20:00:00.000-0500,2106.836,2136.848,,2024-01-06T20:00:00.000-0500,6,1,2024,2024-01-06,597.5209,-10.950417999999999,0.0
2024-01-06T21:00:00.000-0500,2042.924,2059.531,,2024-01-06T21:00:00.000-0500,6,1,2024,2024-01-06,674.8379,-12.496758,0.0
2024-01-06T22:00:00.000-0500,1953.113,1960.514,,2024-01-06T22:00:00.000-0500,6,1,2024,2024-01-06,773.8549,-14.477098000000002,0.0
2024-01-06T23:00:00.000-0500,1846.117,1849.212,,2024-01-06T23:00:00.000-0500,6,1,2024,2024-01-06,885.1569,-16.703138,0.0
2024-01-07T00:00:00.000-0500,1742.365,1781.326,,2024-01-07T00:00:00.000-0500,7,1,2024,2024-01-07,953.0428999999999,-18.060858,0.0
2024-01-07T01:00:00.000-0500,1672.248,1727.753,4036.6506,2024-01-07T01:00:00.000-0500,7,1,2024,2024-01-07,1006.6159,-19.132318,0.0
2024-01-07T02:00:00.000-0500,1609.312,1689.038,,2024-01-07T02:00:00.000-0500,7,1,2024,2024-01-07,1045.3309,-19.906617999999998,0.0
2024-01-07T03:00:00.000-0500,1577.764,1614.902,,2024-01-07T03:00:00.000-0500,7,1,2024,2024-01-07,1119.4669,-21.389338,0.0
2024-01-07T04:00:00.000-0500,1563.082,1586.159,,2024-01-07T04:00:00.000-0500,7,1,2024,2024-01-07,1148.2098999999998,-21.964197999999996,0.0
2024-01-07T05:00:00.000-0500,1571.588,1640.645,,2024-01-07T05:00:00.000-0500,7,1,2024,2024-01-07,1093.7239,-20.874478,0.0
2024-01-07T06:00:00.000-0500,1607.533,1662.554,,2024-01-07T06:00:00.000-0500,7,1,2024,2024-01-07,1071.8148999999999,-20.436297999999997,0.0
2024-01-07T07:00:00.000-0500,1659.369,1725.357,,2024-01-07T07:00:00.000-0500,7,1,2024,2024-01-07,1009.0119,-19.180238,0.0
2024-01-07T08:00:00.000-0500,1739.374,1768.953,,2024-01-07T08:00:00.000-0500,7,1,2024,2024-01-07,965.4159,-18.308318,0.0
2024-01-07T09:00:00.000-0500,1836.878,1939.27,,2024-01-07T09:00:00.000-0500,7,1,2024,2024-01-07,795.0989,-14.901978,0.0
2024-01-07T10:00:00.000-0500,1943.87,2014.367,,2024-01-07T10:00:00.000-0500,7,1,2024,2024-01-07,720.0019,-13.400038,0.0
2024-01-07T11:00:00.000-0500,2042.904,2222.702,,2024-01-07T11:00:00.000-0500,7,1,2024,2024-01-07,511.6668999999997,-9.233337999999994,0.0
2024-01-07T12:00:00.000-0500,2136.337,2254.272,,2024-01-07T12:00:00.000-0500,7,1,2024,2024-01-07,480.0969,-8.601938,0.0
2024-01-07T13:00:00.000-0500,2195.643,2343.236,,2024-01-07T13:00:00.000-0500,7,1,2024,2024-01-07,391.13290000000006,-6.822658000000001,0.0
2024-01-07T14:00:00.000-0500,2192.951,2302.006,,2024-01-07T14:00:00.000-0500,7,1,2024,2024-01-07,432.3629000000001,-7.6472580000000026,0.0
2024-01-07T15:00:00.000-0500,2171.489,2325.255,,2024-01-07T15:00:00.000-0500,7,1,2024,2024-01-07,409.11389999999983,-7.182277999999997,0.0
2024-01-07T16:00:00.000-0500,2159.989,2314.516,,2024-01-07T16:00:00.000-0500,7,1,2024,2024-01-07,419.85289999999986,-7.397057999999998,0.0
2024-01-07T17:00:00.000-0500,2235.985,2329.222,,2024-01-07T17:00:00.000-0500,7,1,2024,2024-01-07,405.14689999999973,-7.102937999999995,0.0
2024-01-07T18:00:00.000-0500,2343.968,2357.311,,2024-01-07T18:00:00.000-0500,7,1,2024,2024-01-07,377.0578999999998,-6.541157999999996,0.0
2024-01-07T19:00:00.000-0500,2319.363,2295.039,,2024-01-07T19:00:00.000-0500,7,1,2024,2024-01-07,439.3298999999997,-7.786597999999994,0.0
2024-01-07T20:00:00.000-0500,2233.752,2235.003,,2024-01-07T20:00:00.000-0500,7,1,2024,2024-01-07,499.3658999999998,-8.987317999999997,0.0
2024-01-07T21:00:00.000-0500,2131.632,2198.01,,2024-01-07T21:00:00.000-0500,7,1,2024,2024-01-07,536.3588999999997,-9.727177999999995,0.0
2024-01-07T22:00:00.000-0500,2012.363,2065.793,,2024-01-07T22:00:00.000-0500,7,1,2024,2024-01-07,668.5758999999998,-12.371517999999996,0.0
2024-01-07T23:00:00.000-0500,1878.804,1944.659,,2024-01-07T23:00:00.000-0500,7,1,2024,2024-01-07,789.7098999999998,-14.794197999999996,0.0
2024-01-08T00:00:00.000-0500,1765.156,1837.697,,2024-01-08T00:00:00.000-0500,1,1,2024,2024-01-08,896.6719,-16.933438000000002,0.0
2024-01-08T01:00:00.000-0500,1681.568,1744.347,4106.3945,2024-01-08T01:00:00.000-0500,1,1,2024,2024-01-08,990.0219,-18.800438,0.0
2024-01-08T02:00:00.000-0500,1638.993,1686.154,,2024-01-08T02:00:00.000-0500,1,1,2024,2024-01-08,1048.2149,-19.964298,0.0
2024-01-08T03:00:00.000-0500,1625.299,1678.984,,2024-01-08T03:00:00.000-0500,1,1,2024,2024-01-08,1055.3849,-20.107698,0.0
2024-01-08T04:00:00.000-0500,1635.817,1688.303,,2024-01-08T04:00:00.000-0500,1,1,2024,2024-01-08,1046.0658999999998,-19.921317999999996,0.0
2024-01-08T05:00:00.000-0500,1684.101,1738.049,,2024-01-08T05:00:00.000-0500,1,1,2024,2024-01-08,996.3199,-18.926398,0.0
2024-01-08T06:00:00.000-0500,1789.963,1909.11,,2024-01-08T06:00:00.000-0500,1,1,2024,2024-01-08,825.2589,-15.505178,0.0
2024-01-08T07:00:00.000-0500,1968.514,2189.573,,2024-01-08T07:00:00.000-0500,1,1,2024,2024-01-08,544.7959000000001,-9.895918000000002,0.0
2024-01-08T08:00:00.000-0500,2110.955,2268.028,,2024-01-08T08:00:00.000-0500,1,1,2024,2024-01-08,466.34090000000015,-8.326818000000003,0.0
2024-01-08T09:00:00.000-0500,2200.463,2213.905,,2024-01-08T09:00:00.000-0500,1,1,2024,2024-01-08,520.4638999999997,-9.409277999999995,0.0
2024-01-08T10:00:00.000-0500,2208.842,2122.678,,2024-01-08T10:00:00.000-0500,1,1,2024,2024-01-08,611.6909,-11.233818000000001,0.0
2024-01-08T11:00:00.000-0500,2197.499,2263.468,,2024-01-08T11:00:00.000-0500,1,1,2024,2024-01-08,470.9009000000001,-8.418018000000002,0.0
2024-01-08T12:00:00.000-0500,2182.106,2216.834,,2024-01-08T12:00:00.000-0500,1,1,2024,2024-01-08,517.5349000000001,-9.350698000000003,0.0
2024-01-08T13:00:00.000-0500,2151.903,2199.277,,2024-01-08T13:00:00.000-0500,1,1,2024,2024-01-08,535.0918999999999,-9.701837999999999,0.0
2024-01-08T14:00:00.000-0500,2126.006,2143.686,,2024-01-08T14:00:00.000-0500,1,1,2024,2024-01-08,590.6828999999998,-10.813657999999997,0.0
2024-01-08T15:00:00.000-0500,2113.869,2168.964,,2024-01-08T15:00:00.000-0500,1,1,2024,2024-01-08,565.4049,-10.308098,0.0
2024-01-08T16:00:00.000-0500,2131.972,2225.222,,2024-01-08T16:00:00.000-0500,1,1,2024,2024-01-08,509.14689999999973,-9.182937999999995,0.0
2024-01-08T17:00:00.000-0500,2238.996,2346.929,,2024-01-08T17:00:00.000-0500,1,1,2024,2024-01-08,387.43989999999985,-6.748797999999997,0.0
2024-01-08T18:00:00.000-0500,2353.483,2478.015,,2024-01-08T18:00:00.000-0500,1,1,2024,2024-01-08,256.35390000000007,-4.127078000000002,0.0
2024-01-08T19:00:00.000-0500,2342.559,2438.567,,2024-01-08T19:00:00.000-0500,1,1,2024,2024-01-08,295.80189999999993,-4.916037999999999,0.0
2024-01-08T20:00:00.000-0500,2297.432,2384.349,,2024-01-08T20:00:00.000-0500,1,1,2024,2024-01-08,350.0198999999998,-6.000397999999996,0.0
2024-01-08T21:00:00.000-0500,2216.508,2275.884,,2024-01-08T21:00:00.000-0500,1,1,2024,2024-01-08,458.4848999999999,-8.169697999999999,0.0
2024-01-08T22:00:00.000-0500,2110.646,2158.347,,2024-01-08T22:00:00.000-0500,1,1,2024,2024-01-08,576.0218999999997,-10.520437999999995,0.0
2024-01-08T23:00:00.000-0500,1975.741,2019.948,,2024-01-08T23:00:00.000-0500,1,1,2024,2024-01-08,714.4208999999998,-13.288417999999997,0.0
2024-01-09T00:00:00.000-0500,1856.085,1898.752,,2024-01-09T00:00:00.000-0500,2,1,2024,2024-01-09,835.6169,-15.712337999999999,0.0
2024-01-03T01:00:00.000-0500,1695.108,1697.784,3983.4816,2024-01-03T01:00:00.000-0500,3,1,2024,2024-01-03,2065.8723999999997,-40.317448,0.0
2024-01-03T02:00:00.000-0500,1647.376,1670.146,,2024-01-03T02:00:00.000-0500,3,1,2024,2024-01-03,2093.5104,-40.870208000000005,0.0
2024-01-03T03:00:00.000-0500,1624.106,1642.85,,2024-01-03T03:00:00.000-0500,3,1,2024,2024-01-03,2120.8064,-41.416128,0.0
2024-01-03T04:00:00.000-0500,1630.561,1649.398,,2024-01-03T04:00:00.000-0500,3,1,2024,2024-01-03,2114.2583999999997,-41.28516799999999,0.0
2024-01-03T05:00:00.000-0500,1672.498,1701.45,,2024-01-03T05:00:00.000-0500,3,1,2024,2024-01-03,2062.2064,-40.244128,0.0
2024-01-03T06:00:00.000-0500,1802.924,1845.138,,2024-01-03T06:00:00.000-0500,3,1,2024,2024-01-03,1918.5184,-37.370368,0.0
2024-01-03T07:00:00.000-0500,1999.1,2040.316,,2024-01-03T07:00:00.000-0500,3,1,2024,2024-01-03,1723.3403999999998,-33.466808,0.0
2024-01-03T08:00:00.000-0500,2132.994,2197.594,,2024-01-03T08:00:00.000-0500,3,1,2024,2024-01-03,1566.0623999999998,-30.321247999999997,0.0
2024-01-03T09:00:00.000-0500,2152.302,2126.008,,2024-01-03T09:00:00.000-0500,3,1,2024,2024-01-03,1637.6484,-31.752968000000003,0.0
2024-01-03T10:00:00.000-0500,2063.798,1991.298,,2024-01-03T10:00:00.000-0500,3,1,2024,2024-01-03,1772.3583999999998,-34.447168,0.0
2024-01-03T11:00:00.000-0500,2019.911,1895.031,,2024-01-03T11:00:00.000-0500,3,1,2024,2024-01-03,1868.6254,-36.372507999999996,0.0
2024-01-03T12:00:00.000-0500,1993.195,1860.416,,2024-01-03T12:00:00.000-0500,3,1,2024,2024-01-03,1903.2404,-37.064808,0.0
2024-01-03T13:00:00.000-0500,1998.957,1857.242,,2024-01-03T13:00:00.000-0500,3,1,2024,2024-01-03,1906.4144,-37.128288,0.0
2024-01-03T14:00:00.000-0500,2046.491,1964.103,,2024-01-03T14:00:00.000-0500,3,1,2024,2024-01-03,1799.5533999999998,-34.991068,0.0
2024-01-03T15:00:00.000-0500,2068.217,2049.087,,2024-01-03T15:00:00.000-0500,3,1,2024,2024-01-03,1714.5693999999999,-33.291388,0.0
2024-01-03T16:00:00.000-0500,2101.235,2151.053,,2024-01-03T16:00:00.000-0500,3,1,2024,2024-01-03,1612.6034,-31.252068,0.0
2024-01-03T17:00:00.000-0500,2223.351,2240.385,,2024-01-03T17:00:00.000-0500,3,1,2024,2024-01-03,1523.2713999999996,-29.465427999999992,0.0
2024-01-03T18:00:00.000-0500,2294.963,2353.98,,2024-01-03T18:00:00.000-0500,3,1,2024,2024-01-03,1409.6763999999998,-27.193527999999997,0.0
2024-01-03T19:00:00.000-0500,2260.374,2310.659,,2024-01-03T19:00:00.000-0500,3,1,2024,2024-01-03,1452.9973999999997,-28.059947999999995,0.0
2024-01-03T20:00:00.000-0500,2194.099,2252.94,,2024-01-03T20:00:00.000-0500,3,1,2024,2024-01-03,1510.7163999999998,-29.214327999999995,0.0
2024-01-03T21:00:00.000-0500,2102.251,2166.289,,2024-01-03T21:00:00.000-0500,3,1,2024,2024-01-03,1597.3673999999996,-30.947347999999995,0.0
2024-01-03T22:00:00.000-0500,1986.155,2047.166,,2024-01-03T22:00:00.000-0500,3,1,2024,2024-01-03,1716.4904,-33.329808,0.0
2024-01-03T23:00:00.000-0500,1831.184,1901.057,,2024-01-03T23:00:00.000-0500,3,1,2024,2024-01-03,1862.5993999999998,-36.251988,0.0
2024-01-04T00:00:00.000-0500,1708.263,1781.159,,2024-01-04T00:00:00.000-0500,4,1,2024,2024-01-04,1982.4973999999997,-38.649947999999995,0.0
2024-01-04T01:00:00.000-0500,1636.037,1699.199,3983.4816,2024-01-04T01:00:00.000-0500,4,1,2024,2024-01-04,2064.4574,-40.289148,0.0
2024-01-04T02:00:00.000-0500,1578.823,1654.246,,2024-01-04T02:00:00.000-0500,4,1,2024,2024-01-04,2109.4103999999998,-41.188207999999996,0.0
2024-01-04T03:00:00.000-0500,1552.967,1628.607,,2024-01-04T03:00:00.000-0500,4,1,2024,2024-01-04,2135.0494,-41.700987999999995,0.0
2024-01-04T04:00:00.000-0500,1555.585,1630.848,,2024-01-04T04:00:00.000-0500,4,1,2024,2024-01-04,2132.8084,-41.656168,0.0
2024-01-04T05:00:00.000-0500,1592.568,1687.043,,2024-01-04T05:00:00.000-0500,4,1,2024,2024-01-04,2076.6134,-40.532268,0.0
2024-01-04T06:00:00.000-0500,1726.179,1729.023,,2024-01-04T06:00:00.000-0500,4,1,2024,2024-01-04,2034.6334,-39.692668,0.0
2024-01-04T07:00:00.000-0500,1919.986,1925.544,,2024-01-04T07:00:00.000-0500,4,1,2024,2024-01-04,1838.1123999999998,-35.76224799999999,0.0
2024-01-04T08:00:00.000-0500,2045.36,2077.08,,2024-01-04T08:00:00.000-0500,4,1,2024,2024-01-04,1686.5764,-32.731528,0.0
2024-01-04T09:00:00.000-0500,2054.785,2090.0,,2024-01-04T09:00:00.000-0500,4,1,2024,2024-01-04,1673.6563999999998,-32.473127999999996,0.0
2024-01-04T10:00:00.000-0500,2033.829,2064.149,,2024-01-04T10:00:00.000-0500,4,1,2024,2024-01-04,1699.5074,-32.990148,0.0
2024-01-04T11:00:00.000-0500,1972.885,1998.665,,2024-01-04T11:00:00.000-0500,4,1,2024,2024-01-04,1764.9913999999999,-34.299828,0.0
2024-01-04T12:00:00.000-0500,1941.628,1964.343,,2024-01-04T12:00:00.000-0500,4,1,2024,2024-01-04,1799.3133999999998,-34.986267999999995,0.0
2024-01-04T13:00:00.000-0500,1906.711,1939.889,,2024-01-04T13:00:00.000-0500,4,1,2024,2024-01-04,1823.7674,-35.475348,0.0
2024-01-04T14:00:00.000-0500,1906.381,1985.915,,2024-01-04T14:00:00.000-0500,4,1,2024,2024-01-04,1777.7413999999999,-34.554828,0.0
2024-01-04T15:00:00.000-0500,1958.119,2034.784,,2024-01-04T15:00:00.000-0500,4,1,2024,2024-01-04,1728.8723999999997,-33.577448,0.0
2024-01-04T16:00:00.000-0500,2032.074,2130.136,,2024-01-04T16:00:00.000-0500,4,1,2024,2024-01-04,1633.5203999999999,-31.670407999999995,0.0
2024-01-04T17:00:00.000-0500,2166.06,2242.549,,2024-01-04T17:00:00.000-0500,4,1,2024,2024-01-04,1521.1073999999999,-29.422147999999996,0.0
2024-01-04T18:00:00.000-0500,2287.093,2360.001,,2024-01-04T18:00:00.000-0500,4,1,2024,2024-01-04,1403.6553999999996,-27.073107999999994,0.0
2024-01-04T19:00:00.000-0500,2287.124,2342.902,,2024-01-04T19:00:00.000-0500,4,1,2024,2024-01-04,1420.7543999999998,-27.415087999999997,0.0
2024-01-04T20:00:00.000-0500,2252.851,2278.41,,2024-01-04T20:00:00.000-0500,4,1,2024,2024-01-04,1485.2464,-28.704928,0.0
2024-01-04T21:00:00.000-0500,2189.567,2200.767,,2024-01-04T21:00:00.000-0500,4,1,2024,2024-01-04,1562.8894,-30.257788,0.0
2024-01-04T22:00:00.000-0500,2096.707,2100.277,,2024-01-04T22:00:00.000-0500,4,1,2024,2024-01-04,1663.3793999999998,-32.267587999999996,0.0
2024-01-04T23:00:00.000-0500,1970.24,1973.084,,2024-01-04T23:00:00.000-0500,4,1,2024,2024-01-04,1790.5723999999998,-34.811448,0.0
2024-01-05T00:00:00.000-0500,1860.428,1854.444,,2024-01-05T00:00:00.000-0500,5,1,2024,2024-01-05,1909.2124,-37.184248,0.0
2024-01-05T01:00:00.000-0500,1789.417,1832.858,4016.1254,2024-01-05T01:00:00.000-0500,5,1,2024,2024-01-05,1930.7984,-37.615968,0.0
2024-01-05T02:00:00.000-0500,1749.873,1791.43,,2024-01-05T02:00:00.000-0500,5,1,2024,2024-01-05,1972.2263999999998,-38.444528,0.0
2024-01-05T03:00:00.000-0500,1735.009,1767.14,,2024-01-05T03:00:00.000-0500,5,1,2024,2024-01-05,1996.5163999999997,-38.930327999999996,0.0
2024-01-05T04:00:00.000-0500,1744.016,1780.859,,2024-01-05T04:00:00.000-0500,5,1,2024,2024-01-05,1982.7974,-38.655948,0.0
2024-01-05T05:00:00.000-0500,1790.664,1832.141,,2024-01-05T05:00:00.000-0500,5,1,2024,2024-01-05,1931.5153999999998,-37.630308,0.0
2024-01-05T06:00:00.000-0500,1920.224,1956.278,,2024-01-05T06:00:00.000-0500,5,1,2024,2024-01-05,1807.3783999999998,-35.147568,0.0
2024-01-05T07:00:00.000-0500,2114.817,2171.72,,2024-01-05T07:00:00.000-0500,5,1,2024,2024-01-05,1591.9364,-30.838728000000003,0.0
2024-01-05T08:00:00.000-0500,2234.421,2310.897,,2024-01-05T08:00:00.000-0500,5,1,2024,2024-01-05,1452.7594,-28.055187999999998,0.0
2024-01-05T09:00:00.000-0500,2199.093,2196.128,,2024-01-05T09:00:00.000-0500,5,1,2024,2024-01-05,1567.5283999999997,-30.350567999999996,0.0
2024-01-05T10:00:00.000-0500,2094.888,2028.705,,2024-01-05T10:00:00.000-0500,5,1,2024,2024-01-05,1734.9514,-33.699028,0.0
2024-01-05T11:00:00.000-0500,2016.835,1917.143,,2024-01-05T11:00:00.000-0500,5,1,2024,2024-01-05,1846.5133999999998,-35.930268,0.0
2024-01-05T12:00:00.000-0500,1945.316,1856.282,,2024-01-05T12:00:00.000-0500,5,1,2024,2024-01-05,1907.3744,-37.147488,0.0
2024-01-05T13:00:00.000-0500,1945.457,1837.904,,2024-01-05T13:00:00.000-0500,5,1,2024,2024-01-05,1925.7523999999999,-37.515048,0.0
2024-01-05T14:00:00.000-0500,1999.99,1857.258,,2024-01-05T14:00:00.000-0500,5,1,2024,2024-01-05,1906.3983999999998,-37.127967999999996,0.0
2024-01-05T15:00:00.000-0500,2063.084,1952.448,,2024-01-05T15:00:00.000-0500,5,1,2024,2024-01-05,1811.2083999999998,-35.224168,0.0
2024-01-05T16:00:00.000-0500,2140.004,2165.504,,2024-01-05T16:00:00.000-0500,5,1,2024,2024-01-05,1598.1524,-30.963048,0.0
2024-01-05T17:00:00.000-0500,2277.082,2319.707,,2024-01-05T17:00:00.000-0500,5,1,2024,2024-01-05,1443.9494,-27.878988,0.0
2024-01-05T18:00:00.000-0500,2349.352,2412.588,,2024-01-05T18:00:00.000-0500,5,1,2024,2024-01-05,1351.0683999999997,-26.021367999999995,0.0
2024-01-05T19:00:00.000-0500,2307.22,2362.671,,2024-01-05T19:00:00.000-0500,5,1,2024,2024-01-05,1400.9854,-27.019708,0.0
2024-01-05T20:00:00.000-0500,2244.879,2298.487,,2024-01-05T20:00:00.000-0500,5,1,2024,2024-01-05,1465.1693999999998,-28.303387999999995,0.0
2024-01-05T21:00:00.000-0500,2165.002,2187.467,,2024-01-05T21:00:00.000-0500,5,1,2024,2024-01-05,1576.1893999999998,-30.523787999999996,0.0
2024-01-05T22:00:00.000-0500,2076.678,2118.365,,2024-01-05T22:00:00.000-0500,5,1,2024,2024-01-05,1645.2914,-31.905828,0.0
2024-01-05T23:00:00.000-0500,1953.348,1994.901,,2024-01-05T23:00:00.000-0500,5,1,2024,2024-01-05,1768.7553999999998,-34.375108,0.0
2024-01-06T00:00:00.000-0500,1839.206,1885.572,,2024-01-06T00:00:00.000-0500,6,1,2024,2024-01-06,1878.0844,-36.561688,0.0
2024-01-06T01:00:00.000-0500,1758.434,1803.235,4036.6506,2024-01-06T01:00:00.000-0500,6,1,2024,2024-01-06,1960.4214,-38.208428,0.0
2024-01-06T02:00:00.000-0500,1697.943,1746.682,,2024-01-06T02:00:00.000-0500,6,1,2024,2024-01-06,2016.9743999999998,-39.339487999999996,0.0
2024-01-06T03:00:00.000-0500,1667.291,1710.595,,2024-01-06T03:00:00.000-0500,6,1,2024,2024-01-06,2053.0613999999996,-40.06122799999999,0.0
2024-01-06T04:00:00.000-0500,1651.554,1713.274,,2024-01-06T04:00:00.000-0500,6,1,2024,2024-01-06,2050.3824,-40.007648,0.0
2024-01-06T05:00:00.000-0500,1663.782,1740.657,,2024-01-06T05:00:00.000-0500,6,1,2024,2024-01-06,2022.9994,-39.459988,0.0
2024-01-06T06:00:00.000-0500,1705.912,1777.912,,2024-01-06T06:00:00.000-0500,6,1,2024,2024-01-06,1985.7443999999998,-38.714887999999995,0.0
2024-01-06T07:00:00.000-0500,1773.254,1887.77,,2024-01-06T07:00:00.000-0500,6,1,2024,2024-01-06,1875.8863999999999,-36.517728,0.0
2024-01-06T08:00:00.000-0500,1852.65,1940.474,,2024-01-06T08:00:00.000-0500,6,1,2024,2024-01-06,1823.1824,-35.463648,0.0
2024-01-06T09:00:00.000-0500,1912.432,1988.373,,2024-01-06T09:00:00.000-0500,6,1,2024,2024-01-06,1775.2833999999998,-34.505668,0.0
2024-01-06T10:00:00.000-0500,1936.431,2026.036,,2024-01-06T10:00:00.000-0500,6,1,2024,2024-01-06,1737.6203999999998,-33.752407999999996,0.0
2024-01-06T11:00:00.000-0500,1942.67,1986.869,,2024-01-06T11:00:00.000-0500,6,1,2024,2024-01-06,1776.7874,-34.535748,0.0
2024-01-06T12:00:00.000-0500,1973.272,1979.016,,2024-01-06T12:00:00.000-0500,6,1,2024,2024-01-06,1784.6403999999998,-34.692808,0.0
2024-01-06T13:00:00.000-0500,2010.444,1958.368,,2024-01-06T13:00:00.000-0500,6,1,2024,2024-01-06,1805.2884,-35.105768,0.0
2024-01-06T14:00:00.000-0500,1996.525,2007.381,,2024-01-06T14:00:00.000-0500,6,1,2024,2024-01-06,1756.2753999999998,-34.125507999999996,0.0
2024-01-06T15:00:00.000-0500,1950.307,2055.5,,2024-01-06T15:00:00.000-0500,6,1,2024,2024-01-06,1708.1563999999998,-33.163128,0.0
2024-01-06T16:00:00.000-0500,2035.756,2141.603,,2024-01-06T16:00:00.000-0500,6,1,2024,2024-01-06,1622.0533999999998,-31.441067999999994,0.0
2024-01-06T17:00:00.000-0500,2139.643,2227.812,,2024-01-06T17:00:00.000-0500,6,1,2024,2024-01-06,1535.8444,-29.716888,0.0
2024-01-06T18:00:00.000-0500,2212.423,2280.858,,2024-01-06T18:00:00.000-0500,6,1,2024,2024-01-06,1482.7983999999997,-28.655967999999994,0.0
2024-01-06T19:00:00.000-0500,2171.108,2221.442,,2024-01-06T19:00:00.000-0500,6,1,2024,2024-01-06,1542.2143999999998,-29.844288,0.0
2024-01-06T20:00:00.000-0500,2106.836,2136.848,,2024-01-06T20:00:00.000-0500,6,1,2024,2024-01-06,1626.8084,-31.536167999999996,0.0
2024-01-06T21:00:00.000-0500,2042.924,2059.531,,2024-01-06T21:00:00.000-0500,6,1,2024,2024-01-06,1704.1254,-33.082508,0.0
2024-01-06T22:00:00.000-0500,1953.113,1960.514,,2024-01-06T22:00:00.000-0500,6,1,2024,2024-01-06,1803.1424,-35.062848,0.0
2024-01-06T23:00:00.000-0500,1846.117,1849.212,,2024-01-06T23:00:00.000-0500,6,1,2024,2024-01-06,1914.4443999999999,-37.288888,0.0
2024-01-07T00:00:00.000-0500,1742.365,1781.326,,2024-01-07T00:00:00.000-0500,7,1,2024,2024-01-07,1982.3303999999998,-38.646608,0.0
2024-01-07T01:00:00.000-0500,1672.248,1727.753,4036.6506,2024-01-07T01:00:00.000-0500,7,1,2024,2024-01-07,2035.9034,-39.718068,0.0
2024-01-07T02:00:00.000-0500,1609.312,1689.038,,2024-01-07T02:00:00.000-0500,7,1,2024,2024-01-07,2074.6184,-40.492368,0.0
2024-01-07T03:00:00.000-0500,1577.764,1614.902,,2024-01-07T03:00:00.000-0500,7,1,2024,2024-01-07,2148.7544,-41.975088,0.0
2024-01-07T04:00:00.000-0500,1563.082,1586.159,,2024-01-07T04:00:00.000-0500,7,1,2024,2024-01-07,2177.4973999999997,-42.54994799999999,0.0
2024-01-07T05:00:00.000-0500,1571.588,1640.645,,2024-01-07T05:00:00.000-0500,7,1,2024,2024-01-07,2123.0114,-41.460228,0.0
2024-01-07T06:00:00.000-0500,1607.533,1662.554,,2024-01-07T06:00:00.000-0500,7,1,2024,2024-01-07,2101.1023999999998,-41.022048,0.0
2024-01-07T07:00:00.000-0500,1659.369,1725.357,,2024-01-07T07:00:00.000-0500,7,1,2024,2024-01-07,2038.2993999999999,-39.765988,0.0
2024-01-07T08:00:00.000-0500,1739.374,1768.953,,2024-01-07T08:00:00.000-0500,7,1,2024,2024-01-07,1994.7033999999999,-38.894068,0.0
2024-01-07T09:00:00.000-0500,1836.878,1939.27,,2024-01-07T09:00:00.000-0500,7,1,2024,2024-01-07,1824.3863999999999,-35.487728,0.0
2024-01-07T10:00:00.000-0500,1943.87,2014.367,,2024-01-07T10:00:00.000-0500,7,1,2024,2024-01-07,1749.2894,-33.985788,0.0
2024-01-07T11:00:00.000-0500,2042.904,2222.702,,2024-01-07T11:00:00.000-0500,7,1,2024,2024-01-07,1540.9543999999996,-29.819087999999994,0.0
2024-01-07T12:00:00.000-0500,2136.337,2254.272,,2024-01-07T12:00:00.000-0500,7,1,2024,2024-01-07,1509.3844,-29.187687999999998,0.0
2024-01-07T13:00:00.000-0500,2195.643,2343.236,,2024-01-07T13:00:00.000-0500,7,1,2024,2024-01-07,1420.4204,-27.408408,0.0
2024-01-07T14:00:00.000-0500,2192.951,2302.006,,2024-01-07T14:00:00.000-0500,7,1,2024,2024-01-07,1461.6504,-28.233008,0.0
2024-01-07T15:00:00.000-0500,2171.489,2325.255,,2024-01-07T15:00:00.000-0500,7,1,2024,2024-01-07,1438.4013999999997,-27.768027999999994,0.0
2024-01-07T16:00:00.000-0500,2159.989,2314.516,,2024-01-07T16:00:00.000-0500,7,1,2024,2024-01-07,1449.1403999999998,-27.982807999999995,0.0
2024-01-07T17:00:00.000-0500,2235.985,2329.222,,2024-01-07T17:00:00.000-0500,7,1,2024,2024-01-07,1434.4343999999996,-27.688687999999992,0.0
2024-01-07T18:00:00.000-0500,2343.968,2357.311,,2024-01-07T18:00:00.000-0500,7,1,2024,2024-01-07,1406.3453999999997,-27.126907999999993,0.0
2024-01-07T19:00:00.000-0500,2319.363,2295.039,,2024-01-07T19:00:00.000-0500,7,1,2024,2024-01-07,1468.6173999999996,-28.37234799999999,0.0
2024-01-07T20:00:00.000-0500,2233.752,2235.003,,2024-01-07T20:00:00.000-0500,7,1,2024,2024-01-07,1528.6533999999997,-29.573067999999996,0.0
2024-01-07T21:00:00.000-0500,2131.632,2198.01,,2024-01-07T21:00:00.000-0500,7,1,2024,2024-01-07,1565.6463999999996,-30.312927999999992,0.0
2024-01-07T22:00:00.000-0500,2012.363,2065.793,,2024-01-07T22:00:00.000-0500,7,1,2024,2024-01-07,1697.8633999999997,-32.95726799999999,0.0
2024-01-07T23:00:00.000-0500,1878.804,1944.659,,2024-01-07T23:00:00.000-0500,7,1,2024,2024-01-07,1818.9973999999997,-35.379948,0.0
2024-01-08T00:00:00.000-0500,1765.156,1837.697,,2024-01-08T00:00:00.000-0500,1,1,2024,2024-01-08,1925.9594,-37.519188,0.0
2024-01-08T01:00:00.000-0500,1681.568,1744.347,4106.3945,2024-01-08T01:00:00.000-0500,1,1,2024,2024-01-08,2019.3093999999999,-39.386188,0.0
2024-01-08T02:00:00.000-0500,1638.993,1686.154,,2024-01-08T02:00:00.000-0500,1,1,2024,2024-01-08,2077.5024,-40.550048,0.0
2024-01-08T03:00:00.000-0500,1625.299,1678.984,,2024-01-08T03:00:00.000-0500,1,1,2024,2024-01-08,2084.6724,-40.693448,0.0
2024-01-08T04:00:00.000-0500,1635.817,1688.303,,2024-01-08T04:00:00.000-0500,1,1,2024,2024-01-08,2075.3534,-40.507068,0.0
2024-01-08T05:00:00.000-0500,1684.101,1738.049,,2024-01-08T05:00:00.000-0500,1,1,2024,2024-01-08,2025.6073999999999,-39.512147999999996,0.0
2024-01-08T06:00:00.000-0500,1789.963,1909.11,,2024-01-08T06:00:00.000-0500,1,1,2024,2024-01-08,1854.5464,-36.090928,0.0
2024-01-08T07:00:00.000-0500,1968.514,2189.573,,2024-01-08T07:00:00.000-0500,1,1,2024,2024-01-08,1574.0834,-30.481668,0.0
2024-01-08T08:00:00.000-0500,2110.955,2268.028,,2024-01-08T08:00:00.000-0500,1,1,2024,2024-01-08,1495.6284,-28.912568,0.0
2024-01-08T09:00:00.000-0500,2200.463,2213.905,,2024-01-08T09:00:00.000-0500,1,1,2024,2024-01-08,1549.7513999999996,-29.995027999999994,0.0
2024-01-08T10:00:00.000-0500,2208.842,2122.678,,2024-01-08T10:00:00.000-0500,1,1,2024,2024-01-08,1640.9784,-31.819567999999997,0.0
2024-01-08T11:00:00.000-0500,2197.499,2263.468,,2024-01-08T11:00:00.000-0500,1,1,2024,2024-01-08,1500.1884,-29.003768,0.0
2024-01-08T12:00:00.000-0500,2182.106,2216.834,,2024-01-08T12:00:00.000-0500,1,1,2024,2024-01-08,1546.8224,-29.936448000000002,0.0
2024-01-08T13:00:00.000-0500,2151.903,2199.277,,2024-01-08T13:00:00.000-0500,1,1,2024,2024-01-08,1564.3793999999998,-30.287587999999996,0.0
2024-01-08T14:00:00.000-0500,2126.006,2143.686,,2024-01-08T14:00:00.000-0500,1,1,2024,2024-01-08,1619.9703999999997,-31.399407999999994,0.0
2024-01-08T15:00:00.000-0500,2113.869,2168.964,,2024-01-08T15:00:00.000-0500,1,1,2024,2024-01-08,1594.6924,-30.893848,0.0
2024-01-08T16:00:00.000-0500,2131.972,2225.222,,2024-01-08T16:00:00.000-0500,1,1,2024,2024-01-08,1538.4343999999996,-29.768687999999994,0.0
2024-01-08T17:00:00.000-0500,2238.996,2346.929,,2024-01-08T17:00:00.000-0500,1,1,2024,2024-01-08,1416.7273999999998,-27.334547999999995,0.0
2024-01-08T18:00:00.000-0500,2353.483,2478.015,,2024-01-08T18:00:00.000-0500,1,1,2024,2024-01-08,1285.6414,-24.712828000000002,0.0
2024-01-08T19:00:00.000-0500,2342.559,2438.567,,2024-01-08T19:00:00.000-0500,1,1,2024,2024-01-08,1325.0893999999998,-25.501787999999998,0.0
2024-01-08T20:00:00.000-0500,2297.432,2384.349,,2024-01-08T20:00:00.000-0500,1,1,2024,2024-01-08,1379.3073999999997,-26.586147999999994,0.0
2024-01-08T21:00:00.000-0500,2216.508,2275.884,,2024-01-08T21:00:00.000-0500,1,1,2024,2024-01-08,1487.7723999999998,-28.755447999999998,0.0
2024-01-08T22:00:00.000-0500,2110.646,2158.347,,2024-01-08T22:00:00.000-0500,1,1,2024,2024-01-08,1605.3093999999996,-31.106187999999996,0.0
2024-01-08T23:00:00.000-0500,1975.741,2019.948,,2024-01-08T23:00:00.000-0500,1,1,2024,2024-01-08,1743.7083999999998,-33.874168,0.0
2024-01-09T00:00:00.000-0500,1856.085,1898.752,,2024-01-09T00:00:00.000-0500,2,1,2024,2024-01-09,1864.9044,-36.298088,0.0
2024-01-09T01:00:00.000-0500,1782.284,1814.549,4106.3945,2024-01-09T01:00:00.000-0500,2,1,2024,2024-01-09,1949.1073999999999,-37.982147999999995,0.0
2024-01-09T02:00:00.000-0500,1748.083,1770.767,,2024-01-09T02:00:00.000-0500,2,1,2024,2024-01-09,1992.8893999999998,-38.857788,0.0
2024-01-09T03:00:00.000-0500,1733.623,1769.418,,2024-01-09T03:00:00.000-0500,2,1,2024,2024-01-09,1994.2384,-38.884768,0.0
2024-01-09T04:00:00.000-0500,1748.246,1763.32,,2024-01-09T04:00:00.000-0500,2,1,2024,2024-01-09,2000.3364,-39.006728,0.0
2024-01-09T05:00:00.000-0500,1797.225,1841.124,,2024-01-09T05:00:00.000-0500,2,1,2024,2024-01-09,1922.5323999999998,-37.450647999999994,0.0
2024-01-09T06:00:00.000-0500,1924.833,1960.568,,2024-01-09T06:00:00.000-0500,2,1,2024,2024-01-09,1803.0883999999999,-35.061768,0.0
2024-01-09T07:00:00.000-0500,2122.961,2129.47,,2024-01-09T07:00:00.000-0500,2,1,2024,2024-01-09,1634.1864,-31.683728000000002,0.0
2024-01-09T08:00:00.000-0500,2249.214,2266.233,,2024-01-09T08:00:00.000-0500,2,1,2024,2024-01-09,1497.4233999999997,-28.948467999999995,0.0
2024-01-09T09:00:00.000-0500,2283.618,2327.466,,2024-01-09T09:00:00.000-0500,2,1,2024,2024-01-09,1436.1904,-27.723808,0.0
2024-01-09T10:00:00.000-0500,2293.893,2362.709,,2024-01-09T10:00:00.000-0500,2,1,2024,2024-01-09,1400.9474,-27.018948,0.0
2024-01-09T11:00:00.000-0500,2301.425,2444.342,,2024-01-09T11:00:00.000-0500,2,1,2024,2024-01-09,1319.3143999999998,-25.386287999999997,0.0
2024-01-09T12:00:00.000-0500,2298.523,2457.802,,2024-01-09T12:00:00.000-0500,2,1,2024,2024-01-09,1305.8543999999997,-25.117087999999995,0.0
2024-01-09T13:00:00.000-0500,2285.095,2413.408,,2024-01-09T13:00:00.000-0500,2,1,2024,2024-01-09,1350.2484,-26.004967999999998,0.0
2024-01-09T14:00:00.000-0500,2270.218,2429.253,,2024-01-09T14:00:00.000-0500,2,1,2024,2024-01-09,1334.4033999999997,-25.688067999999994,0.0
2024-01-09T15:00:00.000-0500,2243.706,2384.471,,2024-01-09T15:00:00.000-0500,2,1,2024,2024-01-09,1379.1853999999998,-26.583707999999998,0.0
2024-01-09T16:00:00.000-0500,2267.868,2387.391,,2024-01-09T16:00:00.000-0500,2,1,2024,2024-01-09,1376.2653999999998,-26.525307999999995,0.0
2024-01-09T17:00:00.000-0500,2340.875,2454.085,,2024-01-09T17:00:00.000-0500,2,1,2024,2024-01-09,1309.5713999999998,-25.191428,0.0
2024-01-09T18:00:00.000-0500,2394.17,2517.519,,2024-01-09T18:00:00.000-0500,2,1,2024,2024-01-09,1246.1374,-23.922748000000002,0.0
2024-01-09T19:00:00.000-0500,2361.193,2436.236,,2024-01-09T19:00:00.000-0500,2,1,2024,2024-01-09,1327.4204,-25.548408,0.0
2024-01-09T20:00:00.000-0500,2292.965,2329.284,,2024-01-09T20:00:00.000-0500,2,1,2024,2024-01-09,1434.3723999999997,-27.687447999999996,0.0
2024-01-09T21:00:00.000-0500,2191.481,2202.53,,2024-01-09T21:00:00.000-0500,2,1,2024,2024-01-09,1561.1263999999996,-30.222527999999993,0.0
2024-01-09T22:00:00.000-0500,2055.465,2025.445,,2024-01-09T22:00:00.000-0500,2,1,2024,2024-01-09,1738.2114,-33.764227999999996,0.0
2024-01-09T23:00:00.000-0500,1892.27,1898.24,,2024-01-09T23:00:00.000-0500,2,1,2024,2024-01-09,1865.4163999999998,-36.308327999999996,0.0
2024-01-10T00:00:00.000-0500,1758.79,1759.24,,2024-01-10T00:00:00.000-0500,3,1,2024,2024-01-10,2004.4163999999998,-39.088328,0.0
2024-01-04T01:00:00.000-0500,1636.037,1699.199,3983.4816,2024-01-04T01:00:00.000-0500,4,1,2024,2024-01-04,2284.2826,-44.685652,0.0
2024-01-04T02:00:00.000-0500,1578.823,1654.246,,2024-01-04T02:00:00.000-0500,4,1,2024,2024-01-04,2329.2356,-45.584712,0.0
2024-01-04T03:00:00.000-0500,1552.967,1628.607,,2024-01-04T03:00:00.000-0500,4,1,2024,2024-01-04,2354.8746,-46.097492,0.0
2024-01-04T04:00:00.000-0500,1555.585,1630.848,,2024-01-04T04:00:00.000-0500,4,1,2024,2024-01-04,2352.6336,-46.052672,0.0
2024-01-04T05:00:00.000-0500,1592.568,1687.043,,2024-01-04T05:00:00.000-0500,4,1,2024,2024-01-04,2296.4386000000004,-44.92877200000001,0.0
2024-01-04T06:00:00.000-0500,1726.179,1729.023,,2024-01-04T06:00:00.000-0500,4,1,2024,2024-01-04,2254.4586,-44.089172,0.0
2024-01-04T07:00:00.000-0500,1919.986,1925.544,,2024-01-04T07:00:00.000-0500,4,1,2024,2024-01-04,2057.9376,-40.15875200000001,0.0
2024-01-04T08:00:00.000-0500,2045.36,2077.08,,2024-01-04T08:00:00.000-0500,4,1,2024,2024-01-04,1906.4016000000001,-37.128032000000005,0.0
2024-01-04T09:00:00.000-0500,2054.785,2090.0,,2024-01-04T09:00:00.000-0500,4,1,2024,2024-01-04,1893.4816,-36.869632,0.0
2024-01-04T10:00:00.000-0500,2033.829,2064.149,,2024-01-04T10:00:00.000-0500,4,1,2024,2024-01-04,1919.3326000000002,-37.386652000000005,0.0
2024-01-04T11:00:00.000-0500,1972.885,1998.665,,2024-01-04T11:00:00.000-0500,4,1,2024,2024-01-04,1984.8166,-38.696332000000005,0.0
2024-01-04T12:00:00.000-0500,1941.628,1964.343,,2024-01-04T12:00:00.000-0500,4,1,2024,2024-01-04,2019.1386,-39.382772,0.0
2024-01-04T13:00:00.000-0500,1906.711,1939.889,,2024-01-04T13:00:00.000-0500,4,1,2024,2024-01-04,2043.5926000000002,-39.871852000000004,0.0
2024-01-04T14:00:00.000-0500,1906.381,1985.915,,2024-01-04T14:00:00.000-0500,4,1,2024,2024-01-04,1997.5666,-38.951332,0.0
2024-01-04T15:00:00.000-0500,1958.119,2034.784,,2024-01-04T15:00:00.000-0500,4,1,2024,2024-01-04,1948.6976,-37.973952,0.0
2024-01-04T16:00:00.000-0500,2032.074,2130.136,,2024-01-04T16:00:00.000-0500,4,1,2024,2024-01-04,1853.3456,-36.066912,0.0
2024-01-04T17:00:00.000-0500,2166.06,2242.549,,2024-01-04T17:00:00.000-0500,4,1,2024,2024-01-04,1740.9326,-33.818652,0.0
2024-01-04T18:00:00.000-0500,2287.093,2360.001,,2024-01-04T18:00:00.000-0500,4,1,2024,2024-01-04,1623.4805999999999,-31.469611999999998,0.0
2024-01-04T19:00:00.000-0500,2287.124,2342.902,,2024-01-04T19:00:00.000-0500,4,1,2024,2024-01-04,1640.5796,-31.811592000000005,0.0
2024-01-04T20:00:00.000-0500,2252.851,2278.41,,2024-01-04T20:00:00.000-0500,4,1,2024,2024-01-04,1705.0716000000002,-33.101432,0.0
2024-01-04T21:00:00.000-0500,2189.567,2200.767,,2024-01-04T21:00:00.000-0500,4,1,2024,2024-01-04,1782.7146000000002,-34.654292000000005,0.0
2024-01-04T22:00:00.000-0500,2096.707,2100.277,,2024-01-04T22:00:00.000-0500,4,1,2024,2024-01-04,1883.2046,-36.664092000000004,0.0
2024-01-04T23:00:00.000-0500,1970.24,1973.084,,2024-01-04T23:00:00.000-0500,4,1,2024,2024-01-04,2010.3976,-39.207952,0.0
2024-01-05T00:00:00.000-0500,1860.428,1854.444,,2024-01-05T00:00:00.000-0500,5,1,2024,2024-01-05,2129.0376,-41.580752000000004,0.0
2024-01-05T01:00:00.000-0500,1789.417,1832.858,4016.1254,2024-01-05T01:00:00.000-0500,5,1,2024,2024-01-05,2150.6236,-42.012471999999995,0.0
2024-01-05T02:00:00.000-0500,1749.873,1791.43,,2024-01-05T02:00:00.000-0500,5,1,2024,2024-01-05,2192.0516,-42.841032,0.0
2024-01-05T03:00:00.000-0500,1735.009,1767.14,,2024-01-05T03:00:00.000-0500,5,1,2024,2024-01-05,2216.3415999999997,-43.326831999999996,0.0
2024-01-05T04:00:00.000-0500,1744.016,1780.859,,2024-01-05T04:00:00.000-0500,5,1,2024,2024-01-05,2202.6226,-43.052452,0.0
2024-01-05T05:00:00.000-0500,1790.664,1832.141,,2024-01-05T05:00:00.000-0500,5,1,2024,2024-01-05,2151.3406,-42.026812,0.0
2024-01-05T06:00:00.000-0500,1920.224,1956.278,,2024-01-05T06:00:00.000-0500,5,1,2024,2024-01-05,2027.2036,-39.544072,0.0
2024-01-05T07:00:00.000-0500,2114.817,2171.72,,2024-01-05T07:00:00.000-0500,5,1,2024,2024-01-05,1811.7616000000003,-35.235232,0.0
2024-01-05T08:00:00.000-0500,2234.421,2310.897,,2024-01-05T08:00:00.000-0500,5,1,2024,2024-01-05,1672.5846000000001,-32.451692,0.0
2024-01-05T09:00:00.000-0500,2199.093,2196.128,,2024-01-05T09:00:00.000-0500,5,1,2024,2024-01-05,1787.3536,-34.747071999999996,0.0
2024-01-05T10:00:00.000-0500,2094.888,2028.705,,2024-01-05T10:00:00.000-0500,5,1,2024,2024-01-05,1954.7766000000001,-38.095532000000006,0.0
2024-01-05T11:00:00.000-0500,2016.835,1917.143,,2024-01-05T11:00:00.000-0500,5,1,2024,2024-01-05,2066.3386,-40.326772,0.0
2024-01-05T12:00:00.000-0500,1945.316,1856.282,,2024-01-05T12:00:00.000-0500,5,1,2024,2024-01-05,2127.1996,-41.543991999999996,0.0
2024-01-05T13:00:00.000-0500,1945.457,1837.904,,2024-01-05T13:00:00.000-0500,5,1,2024,2024-01-05,2145.5776,-41.911552,0.0
2024-01-05T14:00:00.000-0500,1999.99,1857.258,,2024-01-05T14:00:00.000-0500,5,1,2024,2024-01-05,2126.2236000000003,-41.524472,0.0
2024-01-05T15:00:00.000-0500,2063.084,1952.448,,2024-01-05T15:00:00.000-0500,5,1,2024,2024-01-05,2031.0336,-39.620672,0.0
2024-01-05T16:00:00.000-0500,2140.004,2165.504,,2024-01-05T16:00:00.000-0500,5,1,2024,2024-01-05,1817.9776000000002,-35.359552,0.0
2024-01-05T17:00:00.000-0500,2277.082,2319.707,,2024-01-05T17:00:00.000-0500,5,1,2024,2024-01-05,1663.7746000000002,-32.27549200000001,0.0
2024-01-05T18:00:00.000-0500,2349.352,2412.588,,2024-01-05T18:00:00.000-0500,5,1,2024,2024-01-05,1570.8935999999999,-30.417872,0.0
2024-01-05T19:00:00.000-0500,2307.22,2362.671,,2024-01-05T19:00:00.000-0500,5,1,2024,2024-01-05,1620.8106000000002,-31.41621200000001,0.0
2024-01-05T20:00:00.000-0500,2244.879,2298.487,,2024-01-05T20:00:00.000-0500,5,1,2024,2024-01-05,1684.9946,-32.699892,0.0
2024-01-05T21:00:00.000-0500,2165.002,2187.467,,2024-01-05T21:00:00.000-0500,5,1,2024,2024-01-05,1796.0146,-34.920292,0.0
2024-01-05T22:00:00.000-0500,2076.678,2118.365,,2024-01-05T22:00:00.000-0500,5,1,2024,2024-01-05,1865.1166000000003,-36.30233200000001,0.0
2024-01-05T23:00:00.000-0500,1953.348,1994.901,,2024-01-05T23:00:00.000-0500,5,1,2024,2024-01-05,1988.5806,-38.771612,0.0
2024-01-06T00:00:00.000-0500,1839.206,1885.572,,2024-01-06T00:00:00.000-0500,6,1,2024,2024-01-06,2097.9096,-40.958192,0.0
2024-01-06T01:00:00.000-0500,1758.434,1803.235,4036.6506,2024-01-06T01:00:00.000-0500,6,1,2024,2024-01-06,2180.2466000000004,-42.60493200000001,0.0
2024-01-06T02:00:00.000-0500,1697.943,1746.682,,2024-01-06T02:00:00.000-0500,6,1,2024,2024-01-06,2236.7996000000003,-43.735992,0.0
2024-01-06T03:00:00.000-0500,1667.291,1710.595,,2024-01-06T03:00:00.000-0500,6,1,2024,2024-01-06,2272.8866,-44.457732,0.0
2024-01-06T04:00:00.000-0500,1651.554,1713.274,,2024-01-06T04:00:00.000-0500,6,1,2024,2024-01-06,2270.2076,-44.404152,0.0
2024-01-06T05:00:00.000-0500,1663.782,1740.657,,2024-01-06T05:00:00.000-0500,6,1,2024,2024-01-06,2242.8246,-43.856491999999996,0.0
2024-01-06T06:00:00.000-0500,1705.912,1777.912,,2024-01-06T06:00:00.000-0500,6,1,2024,2024-01-06,2205.5696,-43.111391999999995,0.0
2024-01-06T07:00:00.000-0500,1773.254,1887.77,,2024-01-06T07:00:00.000-0500,6,1,2024,2024-01-06,2095.7116,-40.914232000000005,0.0
2024-01-06T08:00:00.000-0500,1852.65,1940.474,,2024-01-06T08:00:00.000-0500,6,1,2024,2024-01-06,2043.0076000000001,-39.86015200000001,0.0
2024-01-06T09:00:00.000-0500,1912.432,1988.373,,2024-01-06T09:00:00.000-0500,6,1,2024,2024-01-06,1995.1086,-38.902172,0.0
2024-01-06T10:00:00.000-0500,1936.431,2026.036,,2024-01-06T10:00:00.000-0500,6,1,2024,2024-01-06,1957.4456,-38.148912,0.0
2024-01-06T11:00:00.000-0500,1942.67,1986.869,,2024-01-06T11:00:00.000-0500,6,1,2024,2024-01-06,1996.6126000000002,-38.932252000000005,0.0
2024-01-06T12:00:00.000-0500,1973.272,1979.016,,2024-01-06T12:00:00.000-0500,6,1,2024,2024-01-06,2004.4656,-39.089312,0.0
2024-01-06T13:00:00.000-0500,2010.444,1958.368,,2024-01-06T13:00:00.000-0500,6,1,2024,2024-01-06,2025.1136000000001,-39.502272000000005,0.0
2024-01-06T14:00:00.000-0500,1996.525,2007.381,,2024-01-06T14:00:00.000-0500,6,1,2024,2024-01-06,1976.1006,-38.522012000000004,0.0
2024-01-06T15:00:00.000-0500,1950.307,2055.5,,2024-01-06T15:00:00.000-0500,6,1,2024,2024-01-06,1927.9816,-37.559632,0.0
2024-01-06T16:00:00.000-0500,2035.756,2141.603,,2024-01-06T16:00:00.000-0500,6,1,2024,2024-01-06,1841.8786,-35.837572,0.0
2024-01-06T17:00:00.000-0500,2139.643,2227.812,,2024-01-06T17:00:00.000-0500,6,1,2024,2024-01-06,1755.6696000000002,-34.113392000000005,0.0
2024-01-06T18:00:00.000-0500,2212.423,2280.858,,2024-01-06T18:00:00.000-0500,6,1,2024,2024-01-06,1702.6236,-33.052472,0.0
2024-01-06T19:00:00.000-0500,2171.108,2221.442,,2024-01-06T19:00:00.000-0500,6,1,2024,2024-01-06,1762.0396,-34.240792,0.0
2024-01-06T20:00:00.000-0500,2106.836,2136.848,,2024-01-06T20:00:00.000-0500,6,1,2024,2024-01-06,1846.6336000000001,-35.932672000000004,0.0
2024-01-06T21:00:00.000-0500,2042.924,2059.531,,2024-01-06T21:00:00.000-0500,6,1,2024,2024-01-06,1923.9506000000001,-37.479012000000004,0.0
2024-01-06T22:00:00.000-0500,1953.113,1960.514,,2024-01-06T22:00:00.000-0500,6,1,2024,2024-01-06,2022.9676000000002,-39.459352,0.0
2024-01-06T23:00:00.000-0500,1846.117,1849.212,,2024-01-06T23:00:00.000-0500,6,1,2024,2024-01-06,2134.2696,-41.685392,0.0
2024-01-07T00:00:00.000-0500,1742.365,1781.326,,2024-01-07T00:00:00.000-0500,7,1,2024,2024-01-07,2202.1556,-43.043112,0.0
2024-01-07T01:00:00.000-0500,1672.248,1727.753,4036.6506,2024-01-07T01:00:00.000-0500,7,1,2024,2024-01-07,2255.7286000000004,-44.11457200000001,0.0
2024-01-07T02:00:00.000-0500,1609.312,1689.038,,2024-01-07T02:00:00.000-0500,7,1,2024,2024-01-07,2294.4436,-44.888872,0.0
2024-01-07T03:00:00.000-0500,1577.764,1614.902,,2024-01-07T03:00:00.000-0500,7,1,2024,2024-01-07,2368.5796,-46.371592,0.0
2024-01-07T04:00:00.000-0500,1563.082,1586.159,,2024-01-07T04:00:00.000-0500,7,1,2024,2024-01-07,2397.3226,-46.946452,0.0
2024-01-07T05:00:00.000-0500,1571.588,1640.645,,2024-01-07T05:00:00.000-0500,7,1,2024,2024-01-07,2342.8366,-45.856732,0.0
2024-01-07T06:00:00.000-0500,1607.533,1662.554,,2024-01-07T06:00:00.000-0500,7,1,2024,2024-01-07,2320.9276,-45.418552,0.0
2024-01-07T07:00:00.000-0500,1659.369,1725.357,,2024-01-07T07:00:00.000-0500,7,1,2024,2024-01-07,2258.1246,-44.162492,0.0
2024-01-07T08:00:00.000-0500,1739.374,1768.953,,2024-01-07T08:00:00.000-0500,7,1,2024,2024-01-07,2214.5286,-43.290572000000004,0.0
2024-01-07T09:00:00.000-0500,1836.878,1939.27,,2024-01-07T09:00:00.000-0500,7,1,2024,2024-01-07,2044.2116,-39.884232000000004,0.0
2024-01-07T10:00:00.000-0500,1943.87,2014.367,,2024-01-07T10:00:00.000-0500,7,1,2024,2024-01-07,1969.1146,-38.382292,0.0
2024-01-07T11:00:00.000-0500,2042.904,2222.702,,2024-01-07T11:00:00.000-0500,7,1,2024,2024-01-07,1760.7795999999998,-34.215592,0.0
2024-01-07T12:00:00.000-0500,2136.337,2254.272,,2024-01-07T12:00:00.000-0500,7,1,2024,2024-01-07,1729.2096000000001,-33.584192,0.0
2024-01-07T13:00:00.000-0500,2195.643,2343.236,,2024-01-07T13:00:00.000-0500,7,1,2024,2024-01-07,1640.2456000000002,-31.804912,0.0
2024-01-07T14:00:00.000-0500,2192.951,2302.006,,2024-01-07T14:00:00.000-0500,7,1,2024,2024-01-07,1681.4756000000002,-32.629512000000005,0.0
2024-01-07T15:00:00.000-0500,2171.489,2325.255,,2024-01-07T15:00:00.000-0500,7,1,2024,2024-01-07,1658.2266,-32.164532,0.0
2024-01-07T16:00:00.000-0500,2159.989,2314.516,,2024-01-07T16:00:00.000-0500,7,1,2024,2024-01-07,1668.9656,-32.379312,0.0
2024-01-07T17:00:00.000-0500,2235.985,2329.222,,2024-01-07T17:00:00.000-0500,7,1,2024,2024-01-07,1654.2595999999999,-32.085192,0.0
2024-01-07T18:00:00.000-0500,2343.968,2357.311,,2024-01-07T18:00:00.000-0500,7,1,2024,2024-01-07,1626.1706,-31.523412,0.0
2024-01-07T19:00:00.000-0500,2319.363,2295.039,,2024-01-07T19:00:00.000-0500,7,1,2024,2024-01-07,1688.4425999999999,-32.768851999999995,0.0
2024-01-07T20:00:00.000-0500,2233.752,2235.003,,2024-01-07T20:00:00.000-0500,7,1,2024,2024-01-07,1748.4786,-33.969572,0.0
2024-01-07T21:00:00.000-0500,2131.632,2198.01,,2024-01-07T21:00:00.000-0500,7,1,2024,2024-01-07,1785.4715999999999,-34.709432,0.0
2024-01-07T22:00:00.000-0500,2012.363,2065.793,,2024-01-07T22:00:00.000-0500,7,1,2024,2024-01-07,1917.6886,-37.353772,0.0
2024-01-07T23:00:00.000-0500,1878.804,1944.659,,2024-01-07T23:00:00.000-0500,7,1,2024,2024-01-07,2038.8226,-39.776452,0.0
2024-01-08T00:00:00.000-0500,1765.156,1837.697,,2024-01-08T00:00:00.000-0500,1,1,2024,2024-01-08,2145.7846,-41.915692,0.0
2024-01-08T01:00:00.000-0500,1681.568,1744.347,4106.3945,2024-01-08T01:00:00.000-0500,1,1,2024,2024-01-08,2239.1346000000003,-43.782692000000004,0.0
2024-01-08T02:00:00.000-0500,1638.993,1686.154,,2024-01-08T02:00:00.000-0500,1,1,2024,2024-01-08,2297.3276,-44.946552000000004,0.0
2024-01-08T03:00:00.000-0500,1625.299,1678.984,,2024-01-08T03:00:00.000-0500,1,1,2024,2024-01-08,2304.4976,-45.089952000000004,0.0
2024-01-08T04:00:00.000-0500,1635.817,1688.303,,2024-01-08T04:00:00.000-0500,1,1,2024,2024-01-08,2295.1786,-44.903572000000004,0.0
2024-01-08T05:00:00.000-0500,1684.101,1738.049,,2024-01-08T05:00:00.000-0500,1,1,2024,2024-01-08,2245.4326,-43.908652000000004,0.0
2024-01-08T06:00:00.000-0500,1789.963,1909.11,,2024-01-08T06:00:00.000-0500,1,1,2024,2024-01-08,2074.3716000000004,-40.487432000000005,0.0
2024-01-08T07:00:00.000-0500,1968.514,2189.573,,2024-01-08T07:00:00.000-0500,1,1,2024,2024-01-08,1793.9086000000002,-34.878172000000006,0.0
2024-01-08T08:00:00.000-0500,2110.955,2268.028,,2024-01-08T08:00:00.000-0500,1,1,2024,2024-01-08,1715.4536000000003,-33.30907200000001,0.0
2024-01-08T09:00:00.000-0500,2200.463,2213.905,,2024-01-08T09:00:00.000-0500,1,1,2024,2024-01-08,1769.5765999999999,-34.391532,0.0
2024-01-08T10:00:00.000-0500,2208.842,2122.678,,2024-01-08T10:00:00.000-0500,1,1,2024,2024-01-08,1860.8036000000002,-36.216072000000004,0.0
2024-01-08T11:00:00.000-0500,2197.499,2263.468,,2024-01-08T11:00:00.000-0500,1,1,2024,2024-01-08,1720.0136000000002,-33.40027200000001,0.0
2024-01-08T12:00:00.000-0500,2182.106,2216.834,,2024-01-08T12:00:00.000-0500,1,1,2024,2024-01-08,1766.6476000000002,-34.332952000000006,0.0
2024-01-08T13:00:00.000-0500,2151.903,2199.277,,2024-01-08T13:00:00.000-0500,1,1,2024,2024-01-08,1784.2046,-34.684092,0.0
2024-01-08T14:00:00.000-0500,2126.006,2143.686,,2024-01-08T14:00:00.000-0500,1,1,2024,2024-01-08,1839.7956,-35.795912,0.0
2024-01-08T15:00:00.000-0500,2113.869,2168.964,,2024-01-08T15:00:00.000-0500,1,1,2024,2024-01-08,1814.5176000000001,-35.290352000000006,0.0
2024-01-08T16:00:00.000-0500,2131.972,2225.222,,2024-01-08T16:00:00.000-0500,1,1,2024,2024-01-08,1758.2595999999999,-34.165192,0.0
2024-01-08T17:00:00.000-0500,2238.996,2346.929,,2024-01-08T17:00:00.000-0500,1,1,2024,2024-01-08,1636.5526,-31.731052,0.0
2024-01-08T18:00:00.000-0500,2353.483,2478.015,,2024-01-08T18:00:00.000-0500,1,1,2024,2024-01-08,1505.4666000000002,-29.109332000000006,0.0
2024-01-08T19:00:00.000-0500,2342.559,2438.567,,2024-01-08T19:00:00.000-0500,1,1,2024,2024-01-08,1544.9146,-29.898292,0.0
2024-01-08T20:00:00.000-0500,2297.432,2384.349,,2024-01-08T20:00:00.000-0500,1,1,2024,2024-01-08,1599.1326,-30.982651999999998,0.0
2024-01-08T21:00:00.000-0500,2216.508,2275.884,,2024-01-08T21:00:00.000-0500,1,1,2024,2024-01-08,1707.5976,-33.151952,0.0
2024-01-08T22:00:00.000-0500,2110.646,2158.347,,2024-01-08T22:00:00.000-0500,1,1,2024,2024-01-08,1825.1345999999999,-35.502691999999996,0.0
2024-01-08T23:00:00.000-0500,1975.741,2019.948,,2024-01-08T23:00:00.000-0500,1,1,2024,2024-01-08,1963.5336,-38.270672,0.0
2024-01-09T00:00:00.000-0500,1856.085,1898.752,,2024-01-09T00:00:00.000-0500,2,1,2024,2024-01-09,2084.7296,-40.694592,0.0
2024-01-09T01:00:00.000-0500,1782.284,1814.549,4106.3945,2024-01-09T01:00:00.000-0500,2,1,2024,2024-01-09,2168.9326,-42.378652,0.0
2024-01-09T02:00:00.000-0500,1748.083,1770.767,,2024-01-09T02:00:00.000-0500,2,1,2024,2024-01-09,2212.7146000000002,-43.25429200000001,0.0
2024-01-09T03:00:00.000-0500,1733.623,1769.418,,2024-01-09T03:00:00.000-0500,2,1,2024,2024-01-09,2214.0636000000004,-43.28127200000001,0.0
2024-01-09T04:00:00.000-0500,1748.246,1763.32,,2024-01-09T04:00:00.000-0500,2,1,2024,2024-01-09,2220.1616000000004,-43.40323200000001,0.0
2024-01-09T05:00:00.000-0500,1797.225,1841.124,,2024-01-09T05:00:00.000-0500,2,1,2024,2024-01-09,2142.3576000000003,-41.84715200000001,0.0
2024-01-09T06:00:00.000-0500,1924.833,1960.568,,2024-01-09T06:00:00.000-0500,2,1,2024,2024-01-09,2022.9136,-39.458272,0.0
2024-01-09T07:00:00.000-0500,2122.961,2129.47,,2024-01-09T07:00:00.000-0500,2,1,2024,2024-01-09,1854.0116000000003,-36.08023200000001,0.0
2024-01-09T08:00:00.000-0500,2249.214,2266.233,,2024-01-09T08:00:00.000-0500,2,1,2024,2024-01-09,1717.2486,-33.344972,0.0
2024-01-09T09:00:00.000-0500,2283.618,2327.466,,2024-01-09T09:00:00.000-0500,2,1,2024,2024-01-09,1656.0156000000002,-32.120312000000006,0.0
2024-01-09T10:00:00.000-0500,2293.893,2362.709,,2024-01-09T10:00:00.000-0500,2,1,2024,2024-01-09,1620.7726000000002,-31.415452000000002,0.0
2024-01-09T11:00:00.000-0500,2301.425,2444.342,,2024-01-09T11:00:00.000-0500,2,1,2024,2024-01-09,1539.1396,-29.782792,0.0
2024-01-09T12:00:00.000-0500,2298.523,2457.802,,2024-01-09T12:00:00.000-0500,2,1,2024,2024-01-09,1525.6796,-29.513592,0.0
2024-01-09T13:00:00.000-0500,2285.095,2413.408,,2024-01-09T13:00:00.000-0500,2,1,2024,2024-01-09,1570.0736000000002,-30.401472000000005,0.0
2024-01-09T14:00:00.000-0500,2270.218,2429.253,,2024-01-09T14:00:00.000-0500,2,1,2024,2024-01-09,1554.2286,-30.084571999999998,0.0
2024-01-09T15:00:00.000-0500,2243.706,2384.471,,2024-01-09T15:00:00.000-0500,2,1,2024,2024-01-09,1599.0106,-30.980212,0.0
2024-01-09T16:00:00.000-0500,2267.868,2387.391,,2024-01-09T16:00:00.000-0500,2,1,2024,2024-01-09,1596.0906,-30.921812,0.0
2024-01-09T17:00:00.000-0500,2340.875,2454.085,,2024-01-09T17:00:00.000-0500,2,1,2024,2024-01-09,1529.3966,-29.587932000000002,0.0
2024-01-09T18:00:00.000-0500,2394.17,2517.519,,2024-01-09T18:00:00.000-0500,2,1,2024,2024-01-09,1465.9626000000003,-28.319252000000006,0.0
2024-01-09T19:00:00.000-0500,2361.193,2436.236,,2024-01-09T19:00:00.000-0500,2,1,2024,2024-01-09,1547.2456000000002,-29.944912000000006,0.0
2024-01-09T20:00:00.000-0500,2292.965,2329.284,,2024-01-09T20:00:00.000-0500,2,1,2024,2024-01-09,1654.1976,-32.083952,0.0
2024-01-09T21:00:00.000-0500,2191.481,2202.53,,2024-01-09T21:00:00.000-0500,2,1,2024,2024-01-09,1780.9515999999999,-34.619032,0.0
2024-01-09T22:00:00.000-0500,2055.465,2025.445,,2024-01-09T22:00:00.000-0500,2,1,2024,2024-01-09,1958.0366000000001,-38.160732,0.0
2024-01-09T23:00:00.000-0500,1892.27,1898.24,,2024-01-09T23:00:00.000-0500,2,1,2024,2024-01-09,2085.2416000000003,-40.704832,0.0
2024-01-10T00:00:00.000-0500,1758.79,1759.24,,2024-01-10T00:00:00.000-0500,3,1,2024,2024-01-10,2224.2416000000003,-43.484832000000004,0.0
2024-01-10T01:00:00.000-0500,1664.731,1687.232,4106.3945,2024-01-10T01:00:00.000-0500,3,1,2024,2024-01-10,2296.2496,-44.924992,0.0
2024-01-10T02:00:00.000-0500,1609.869,1614.714,,2024-01-10T02:00:00.000-0500,3,1,2024,2024-01-10,2368.7676,-46.37535200000001,0.0
2024-01-10T03:00:00.000-0500,1578.04,1569.4,,2024-01-10T03:00:00.000-0500,3,1,2024,2024-01-10,2414.0816,-47.281632,0.0
2024-01-10T04:00:00.000-0500,1562.901,1581.849,,2024-01-10T04:00:00.000-0500,3,1,2024,2024-01-10,2401.6326,-47.032652,0.0
2024-01-10T05:00:00.000-0500,1587.86,1592.555,,2024-01-10T05:00:00.000-0500,3,1,2024,2024-01-10,2390.9266,-46.818532,0.0
2024-01-10T06:00:00.000-0500,1700.89,1683.008,,2024-01-10T06:00:00.000-0500,3,1,2024,2024-01-10,2300.4736000000003,-45.00947200000001,0.0
2024-01-10T07:00:00.000-0500,1878.125,1896.459,,2024-01-10T07:00:00.000-0500,3,1,2024,2024-01-10,2087.0226000000002,-40.740452000000005,0.0
2024-01-10T08:00:00.000-0500,1982.436,2021.157,,2024-01-10T08:00:00.000-0500,3,1,2024,2024-01-10,1962.3246000000001,-38.246492,0.0
2024-01-10T09:00:00.000-0500,1987.827,2075.758,,2024-01-10T09:00:00.000-0500,3,1,2024,2024-01-10,1907.7236000000003,-37.154472000000005,0.0
2024-01-10T10:00:00.000-0500,1933.485,2064.875,,2024-01-10T10:00:00.000-0500,3,1,2024,2024-01-10,1918.6066,-37.372132,0.0
2024-01-10T11:00:00.000-0500,1906.77,1963.312,,2024-01-10T11:00:00.000-0500,3,1,2024,2024-01-10,2020.1696000000002,-39.403392000000004,0.0
2024-01-10T12:00:00.000-0500,1920.329,1938.468,,2024-01-10T12:00:00.000-0500,3,1,2024,2024-01-10,2045.0136,-39.900272,0.0
2024-01-10T13:00:00.000-0500,1953.307,1873.262,,2024-01-10T13:00:00.000-0500,3,1,2024,2024-01-10,2110.2196000000004,-41.204392000000006,0.0
2024-01-10T14:00:00.000-0500,1867.702,1878.471,,2024-01-10T14:00:00.000-0500,3,1,2024,2024-01-10,2105.0106,-41.100212,0.0
2024-01-10T15:00:00.000-0500,1897.355,1939.182,,2024-01-10T15:00:00.000-0500,3,1,2024,2024-01-10,2044.2996,-39.885992,0.0
2024-01-10T16:00:00.000-0500,2002.284,2012.173,,2024-01-10T16:00:00.000-0500,3,1,2024,2024-01-10,1971.3086,-38.426172,0.0
2024-01-10T17:00:00.000-0500,2122.191,2206.46,,2024-01-10T17:00:00.000-0500,3,1,2024,2024-01-10,1777.0216,-34.540432,0.0
2024-01-10T18:00:00.000-0500,2220.264,2311.125,,2024-01-10T18:00:00.000-0500,3,1,2024,2024-01-10,1672.3566,-32.447132,0.0
2024-01-10T19:00:00.000-0500,2193.706,2274.823,,2024-01-10T19:00:00.000-0500,3,1,2024,2024-01-10,1708.6586000000002,-33.17317200000001,0.0
2024-01-10T20:00:00.000-0500,2124.684,2188.483,,2024-01-10T20:00:00.000-0500,3,1,2024,2024-01-10,1794.9986,-34.899972,0.0
2024-01-10T21:00:00.000-0500,2038.124,2104.449,,2024-01-10T21:00:00.000-0500,3,1,2024,2024-01-10,1879.0326,-36.580652,0.0
2024-01-10T22:00:00.000-0500,1925.642,2000.676,,2024-01-10T22:00:00.000-0500,3,1,2024,2024-01-10,1982.8056000000001,-38.656112,0.0
2024-01-10T23:00:00.000-0500,1790.17,1836.909,,2024-01-10T23:00:00.000-0500,3,1,2024,2024-01-10,2146.5726,-41.931452,0.0
2024-01-11T00:00:00.000-0500,1665.125,1728.582,,2024-01-11T00:00:00.000-0500,4,1,2024,2024-01-11,2254.8995999999997,-44.097992,0.0
2024-01-05T01:00:00.000-0500,1789.417,1832.858,4016.1254,2024-01-05T01:00:00.000-0500,5,1,2024,2024-01-05,2150.6236,-42.012471999999995,0.0
2024-01-05T02:00:00.000-0500,1749.873,1791.43,,2024-01-05T02:00:00.000-0500,5,1,2024,2024-01-05,2192.0516,-42.841032,0.0
2024-01-05T03:00:00.000-0500,1735.009,1767.14,,2024-01-05T03:00:00.000-0500,5,1,2024,2024-01-05,2216.3415999999997,-43.326831999999996,0.0
2024-01-05T04:00:00.000-0500,1744.016,1780.859,,2024-01-05T04:00:00.000-0500,5,1,2024,2024-01-05,2202.6226,-43.052452,0.0
2024-01-05T05:00:00.000-0500,1790.664,1832.141,,2024-01-05T05:00:00.000-0500,5,1,2024,2024-01-05,2151.3406,-42.026812,0.0
2024-01-05T06:00:00.000-0500,1920.224,1956.278,,2024-01-05T06:00:00.000-0500,5,1,2024,2024-01-05,2027.2036,-39.544072,0.0
2024-01-05T07:00:00.000-0500,2114.817,2171.72,,2024-01-05T07:00:00.000-0500,5,1,2024,2024-01-05,1811.7616000000003,-35.235232,0.0
2024-01-05T08:00:00.000-0500,2234.421,2310.897,,2024-01-05T08:00:00.000-0500,5,1,2024,2024-01-05,1672.5846000000001,-32.451692,0.0
2024-01-05T09:00:00.000-0500,2199.093,2196.128,,2024-01-05T09:00:00.000-0500,5,1,2024,2024-01-05,1787.3536,-34.747071999999996,0.0
2024-01-05T10:00:00.000-0500,2094.888,2028.705,,2024-01-05T10:00:00.000-0500,5,1,2024,2024-01-05,1954.7766000000001,-38.095532000000006,0.0
2024-01-05T11:00:00.000-0500,2016.835,1917.143,,2024-01-05T11:00:00.000-0500,5,1,2024,2024-01-05,2066.3386,-40.326772,0.0
2024-01-05T12:00:00.000-0500,1945.316,1856.282,,2024-01-05T12:00:00.000-0500,5,1,2024,2024-01-05,2127.1996,-41.543991999999996,0.0
2024-01-05T13:00:00.000-0500,1945.457,1837.904,,2024-01-05T13:00:00.000-0500,5,1,2024,2024-01-05,2145.5776,-41.911552,0.0
2024-01-05T14:00:00.000-0500,1999.99,1857.258,,2024-01-05T14:00:00.000-0500,5,1,2024,2024-01-05,2126.2236000000003,-41.524472,0.0
2024-01-05T15:00:00.000-0500,2063.084,1952.448,,2024-01-05T15:00:00.000-0500,5,1,2024,2024-01-05,2031.0336,-39.620672,0.0
2024-01-05T16:00:00.000-0500,2140.004,2165.504,,2024-01-05T16:00:00.000-0500,5,1,2024,2024-01-05,1817.9776000000002,-35.359552,0.0
2024-01-05T17:00:00.000-0500,2277.082,2319.707,,2024-01-05T17:00:00.000-0500,5,1,2024,2024-01-05,1663.7746000000002,-32.27549200000001,0.0
2024-01-05T18:00:00.000-0500,2349.352,2412.588,,2024-01-05T18:00:00.000-0500,5,1,2024,2024-01-05,1570.8935999999999,-30.417872,0.0
2024-01-05T19:00:00.000-0500,2307.22,2362.671,,2024-01-05T19:00:00.000-0500,5,1,2024,2024-01-05,1620.8106000000002,-31.41621200000001,0.0
2024-01-05T20:00:00.000-0500,2244.879,2298.487,,2024-01-05T20:00:00.000-0500,5,1,2024,2024-01-05,1684.9946,-32.699892,0.0
2024-01-05T21:00:00.000-0500,2165.002,2187.467,,2024-01-05T21:00:00.000-0500,5,1,2024,2024-01-05,1796.0146,-34.920292,0.0
2024-01-05T22:00:00.000-0500,2076.678,2118.365,,2024-01-05T22:00:00.000-0500,5,1,2024,2024-01-05,1865.1166000000003,-36.30233200000001,0.0
2024-01-05T23:00:00.000-0500,1953.348,1994.901,,2024-01-05T23:00:00.000-0500,5,1,2024,2024-01-05,1988.5806,-38.771612,0.0
2024-01-06T00:00:00.000-0500,1839.206,1885.572,,2024-01-06T00:00:00.000-0500,6,1,2024,2024-01-06,2097.9096,-40.958192,0.0
2024-01-06T01:00:00.000-0500,1758.434,1803.235,4036.6506,2024-01-06T01:00:00.000-0500,6,1,2024,2024-01-06,2180.2466000000004,-42.60493200000001,0.0
2024-01-06T02:00:00.000-0500,1697.943,1746.682,,2024-01-06T02:00:00.000-0500,6,1,2024,2024-01-06,2236.7996000000003,-43.735992,0.0
2024-01-06T03:00:00.000-0500,1667.291,1710.595,,2024-01-06T03:00:00.000-0500,6,1,2024,2024-01-06,2272.8866,-44.457732,0.0
2024-01-06T04:00:00.000-0500,1651.554,1713.274,,2024-01-06T04:00:00.000-0500,6,1,2024,2024-01-06,2270.2076,-44.404152,0.0
2024-01-06T05:00:00.000-0500,1663.782,1740.657,,2024-01-06T05:00:00.000-0500,6,1,2024,2024-01-06,2242.8246,-43.856491999999996,0.0
2024-01-06T06:00:00.000-0500,1705.912,1777.912,,2024-01-06T06:00:00.000-0500,6,1,2024,2024-01-06,2205.5696,-43.111391999999995,0.0
2024-01-06T07:00:00.000-0500,1773.254,1887.77,,2024-01-06T07:00:00.000-0500,6,1,2024,2024-01-06,2095.7116,-40.914232000000005,0.0
2024-01-06T08:00:00.000-0500,1852.65,1940.474,,2024-01-06T08:00:00.000-0500,6,1,2024,2024-01-06,2043.0076000000001,-39.86015200000001,0.0
2024-01-06T09:00:00.000-0500,1912.432,1988.373,,2024-01-06T09:00:00.000-0500,6,1,2024,2024-01-06,1995.1086,-38.902172,0.0
2024-01-06T10:00:00.000-0500,1936.431,2026.036,,2024-01-06T10:00:00.000-0500,6,1,2024,2024-01-06,1957.4456,-38.148912,0.0
2024-01-06T11:00:00.000-0500,1942.67,1986.869,,2024-01-06T11:00:00.000-0500,6,1,2024,2024-01-06,1996.6126000000002,-38.932252000000005,0.0
2024-01-06T12:00:00.000-0500,1973.272,1979.016,,2024-01-06T12:00:00.000-0500,6,1,2024,2024-01-06,2004.4656,-39.089312,0.0
2024-01-06T13:00:00.000-0500,2010.444,1958.368,,2024-01-06T13:00:00.000-0500,6,1,2024,2024-01-06,2025.1136000000001,-39.502272000000005,0.0
2024-01-06T14:00:00.000-0500,1996.525,2007.381,,2024-01-06T14:00:00.000-0500,6,1,2024,2024-01-06,1976.1006,-38.522012000000004,0.0
2024-01-06T15:00:00.000-0500,1950.307,2055.5,,2024-01-06T15:00:00.000-0500,6,1,2024,2024-01-06,1927.9816,-37.559632,0.0
2024-01-06T16:00:00.000-0500,2035.756,2141.603,,2024-01-06T16:00:00.000-0500,6,1,2024,2024-01-06,1841.8786,-35.837572,0.0
2024-01-06T17:00:00.000-0500,2139.643,2227.812,,2024-01-06T17:00:00.000-0500,6,1,2024,2024-01-06,1755.6696000000002,-34.113392000000005,0.0
2024-01-06T18:00:00.000-0500,2212.423,2280.858,,2024-01-06T18:00:00.000-0500,6,1,2024,2024-01-06,1702.6236,-33.052472,0.0
2024-01-06T19:00:00.000-0500,2171.108,2221.442,,2024-01-06T19:00:00.000-0500,6,1,2024,2024-01-06,1762.0396,-34.240792,0.0
2024-01-06T20:00:00.000-0500,2106.836,2136.848,,2024-01-06T20:00:00.000-0500,6,1,2024,2024-01-06,1846.6336000000001,-35.932672000000004,0.0
2024-01-06T21:00:00.000-0500,2042.924,2059.531,,2024-01-06T21:00:00.000-0500,6,1,2024,2024-01-06,1923.9506000000001,-37.479012000000004,0.0
2024-01-06T22:00:00.000-0500,1953.113,1960.514,,2024-01-06T22:00:00.000-0500,6,1,2024,2024-01-06,2022.9676000000002,-39.459352,0.0
2024-01-06T23:00:00.000-0500,1846.117,1849.212,,2024-01-06T23:00:00.000-0500,6,1,2024,2024-01-06,2134.2696,-41.685392,0.0
2024-01-07T00:00:00.000-0500,1742.365,1781.326,,2024-01-07T00:00:00.000-0500,7,1,2024,2024-01-07,2202.1556,-43.043112,0.0
2024-01-07T01:00:00.000-0500,1672.248,1727.753,4036.6506,2024-01-07T01:00:00.000-0500,7,1,2024,2024-01-07,2255.7286000000004,-44.11457200000001,0.0
2024-01-07T02:00:00.000-0500,1609.312,1689.038,,2024-01-07T02:00:00.000-0500,7,1,2024,2024-01-07,2294.4436,-44.888872,0.0
2024-01-07T03:00:00.000-0500,1577.764,1614.902,,2024-01-07T03:00:00.000-0500,7,1,2024,2024-01-07,2368.5796,-46.371592,0.0
2024-01-07T04:00:00.000-0500,1563.082,1586.159,,2024-01-07T04:00:00.000-0500,7,1,2024,2024-01-07,2397.3226,-46.946452,0.0
2024-01-07T05:00:00.000-0500,1571.588,1640.645,,2024-01-07T05:00:00.000-0500,7,1,2024,2024-01-07,2342.8366,-45.856732,0.0
2024-01-07T06:00:00.000-0500,1607.533,1662.554,,2024-01-07T06:00:00.000-0500,7,1,2024,2024-01-07,2320.9276,-45.418552,0.0
2024-01-07T07:00:00.000-0500,1659.369,1725.357,,2024-01-07T07:00:00.000-0500,7,1,2024,2024-01-07,2258.1246,-44.162492,0.0
2024-01-07T08:00:00.000-0500,1739.374,1768.953,,2024-01-07T08:00:00.000-0500,7,1,2024,2024-01-07,2214.5286,-43.290572000000004,0.0
2024-01-07T09:00:00.000-0500,1836.878,1939.27,,2024-01-07T09:00:00.000-0500,7,1,2024,2024-01-07,2044.2116,-39.884232000000004,0.0
2024-01-07T10:00:00.000-0500,1943.87,2014.367,,2024-01-07T10:00:00.000-0500,7,1,2024,2024-01-07,1969.1146,-38.382292,0.0
2024-01-07T11:00:00.000-0500,2042.904,2222.702,,2024-01-07T11:00:00.000-0500,7,1,2024,2024-01-07,1760.7795999999998,-34.215592,0.0
2024-01-07T12:00:00.000-0500,2136.337,2254.272,,2024-01-07T12:00:00.000-0500,7,1,2024,2024-01-07,1729.2096000000001,-33.584192,0.0
2024-01-07T13:00:00.000-0500,2195.643,2343.236,,2024-01-07T13:00:00.000-0500,7,1,2024,2024-01-07,1640.2456000000002,-31.804912,0.0
2024-01-07T14:00:00.000-0500,2192.951,2302.006,,2024-01-07T14:00:00.000-0500,7,1,2024,2024-01-07,1681.4756000000002,-32.629512000000005,0.0
2024-01-07T15:00:00.000-0500,2171.489,2325.255,,2024-01-07T15:00:00.000-0500,7,1,2024,2024-01-07,1658.2266,-32.164532,0.0
2024-01-07T16:00:00.000-0500,2159.989,2314.516,,2024-01-07T16:00:00.000-0500,7,1,2024,2024-01-07,1668.9656,-32.379312,0.0
2024-01-07T17:00:00.000-0500,2235.985,2329.222,,2024-01-07T17:00:00.000-0500,7,1,2024,2024-01-07,1654.2595999999999,-32.085192,0.0
2024-01-07T18:00:00.000-0500,2343.968,2357.311,,2024-01-07T18:00:00.000-0500,7,1,2024,2024-01-07,1626.1706,-31.523412,0.0
2024-01-07T19:00:00.000-0500,2319.363,2295.039,,2024-01-07T19:00:00.000-0500,7,1,2024,2024-01-07,1688.4425999999999,-32.768851999999995,0.0
2024-01-07T20:00:00.000-0500,2233.752,2235.003,,2024-01-07T20:00:00.000-0500,7,1,2024,2024-01-07,1748.4786,-33.969572,0.0
2024-01-07T21:00:00.000-0500,2131.632,2198.01,,2024-01-07T21:00:00.000-0500,7,1,2024,2024-01-07,1785.4715999999999,-34.709432,0.0
2024-01-07T22:00:00.000-0500,2012.363,2065.793,,2024-01-07T22:00:00.000-0500,7,1,2024,2024-01-07,1917.6886,-37.353772,0.0
2024-01-07T23:00:00.000-0500,1878.804,1944.659,,2024-01-07T23:00:00.000-0500,7,1,2024,2024-01-07,2038.8226,-39.776452,0.0
2024-01-08T00:00:00.000-0500,1765.156,1837.697,,2024-01-08T00:00:00.000-0500,1,1,2024,2024-01-08,2145.7846,-41.915692,0.0
2024-01-08T01:00:00.000-0500,1681.568,1744.347,4106.3945,2024-01-08T01:00:00.000-0500,1,1,2024,2024-01-08,2239.1346000000003,-43.782692000000004,0.0
2024-01-08T02:00:00.000-0500,1638.993,1686.154,,2024-01-08T02:00:00.000-0500,1,1,2024,2024-01-08,2297.3276,-44.946552000000004,0.0
2024-01-08T03:00:00.000-0500,1625.299,1678.984,,2024-01-08T03:00:00.000-0500,1,1,2024,2024-01-08,2304.4976,-45.089952000000004,0.0
2024-01-08T04:00:00.000-0500,1635.817,1688.303,,2024-01-08T04:00:00.000-0500,1,1,2024,2024-01-08,2295.1786,-44.903572000000004,0.0
2024-01-08T05:00:00.000-0500,1684.101,1738.049,,2024-01-08T05:00:00.000-0500,1,1,2024,2024-01-08,2245.4326,-43.908652000000004,0.0
2024-01-08T06:00:00.000-0500,1789.963,1909.11,,2024-01-08T06:00:00.000-0500,1,1,2024,2024-01-08,2074.3716000000004,-40.487432000000005,0.0
2024-01-08T07:00:00.000-0500,1968.514,2189.573,,2024-01-08T07:00:00.000-0500,1,1,2024,2024-01-08,1793.9086000000002,-34.878172000000006,0.0
2024-01-08T08:00:00.000-0500,2110.955,2268.028,,2024-01-08T08:00:00.000-0500,1,1,2024,2024-01-08,1715.4536000000003,-33.30907200000001,0.0
2024-01-08T09:00:00.000-0500,2200.463,2213.905,,2024-01-08T09:00:00.000-0500,1,1,2024,2024-01-08,1769.5765999999999,-34.391532,0.0
2024-01-08T10:00:00.000-0500,2208.842,2122.678,,2024-01-08T10:00:00.000-0500,1,1,2024,2024-01-08,1860.8036000000002,-36.216072000000004,0.0
2024-01-08T11:00:00.000-0500,2197.499,2263.468,,2024-01-08T11:00:00.000-0500,1,1,2024,2024-01-08,1720.0136000000002,-33.40027200000001,0.0
2024-01-08T12:00:00.000-0500,2182.106,2216.834,,2024-01-08T12:00:00.000-0500,1,1,2024,2024-01-08,1766.6476000000002,-34.332952000000006,0.0
2024-01-08T13:00:00.000-0500,2151.903,2199.277,,2024-01-08T13:00:00.000-0500,1,1,2024,2024-01-08,1784.2046,-34.684092,0.0
2024-01-08T14:00:00.000-0500,2126.006,2143.686,,2024-01-08T14:00:00.000-0500,1,1,2024,2024-01-08,1839.7956,-35.795912,0.0
2024-01-08T15:00:00.000-0500,2113.869,2168.964,,2024-01-08T15:00:00.000-0500,1,1,2024,2024-01-08,1814.5176000000001,-35.290352000000006,0.0
2024-01-08T16:00:00.000-0500,2131.972,2225.222,,2024-01-08T16:00:00.000-0500,1,1,2024,2024-01-08,1758.2595999999999,-34.165192,0.0
2024-01-08T17:00:00.000-0500,2238.996,2346.929,,2024-01-08T17:00:00.000-0500,1,1,2024,2024-01-08,1636.5526,-31.731052,0.0
2024-01-08T18:00:00.000-0500,2353.483,2478.015,,2024-01-08T18:00:00.000-0500,1,1,2024,2024-01-08,1505.4666000000002,-29.109332000000006,0.0
2024-01-08T19:00:00.000-0500,2342.559,2438.567,,2024-01-08T19:00:00.000-0500,1,1,2024,2024-01-08,1544.9146,-29.898292,0.0
2024-01-08T20:00:00.000-0500,2297.432,2384.349,,2024-01-08T20:00:00.000-0500,1,1,2024,2024-01-08,1599.1326,-30.982651999999998,0.0
2024-01-08T21:00:00.000-0500,2216.508,2275.884,,2024-01-08T21:00:00.000-0500,1,1,2024,2024-01-08,1707.5976,-33.151952,0.0
2024-01-08T22:00:00.000-0500,2110.646,2158.347,,2024-01-08T22:00:00.000-0500,1,1,2024,2024-01-08,1825.1345999999999,-35.502691999999996,0.0
2024-01-08T23:00:00.000-0500,1975.741,2019.948,,2024-01-08T23:00:00.000-0500,1,1,2024,2024-01-08,1963.5336,-38.270672,0.0
2024-01-09T00:00:00.000-0500,1856.085,1898.752,,2024-01-09T00:00:00.000-0500,2,1,2024,2024-01-09,2084.7296,-40.694592,0.0
2024-01-09T01:00:00.000-0500,1782.284,1814.549,4106.3945,2024-01-09T01:00:00.000-0500,2,1,2024,2024-01-09,2168.9326,-42.378652,0.0
2024-01-09T02:00:00.000-0500,1748.083,1770.767,,2024-01-09T02:00:00.000-0500,2,1,2024,2024-01-09,2212.7146000000002,-43.25429200000001,0.0
2024-01-09T03:00:00.000-0500,1733.623,1769.418,,2024-01-09T03:00:00.000-0500,2,1,2024,2024-01-09,2214.0636000000004,-43.28127200000001,0.0
2024-01-09T04:00:00.000-0500,1748.246,1763.32,,2024-01-09T04:00:00.000-0500,2,1,2024,2024-01-09,2220.1616000000004,-43.40323200000001,0.0
2024-01-09T05:00:00.000-0500,1797.225,1841.124,,2024-01-09T05:00:00.000-0500,2,1,2024,2024-01-09,2142.3576000000003,-41.84715200000001,0.0
2024-01-09T06:00:00.000-0500,1924.833,1960.568,,2024-01-09T06:00:00.000-0500,2,1,2024,2024-01-09,2022.9136,-39.458272,0.0
2024-01-09T07:00:00.000-0500,2122.961,2129.47,,2024-01-09T07:00:00.000-0500,2,1,2024,2024-01-09,1854.0116000000003,-36.08023200000001,0.0
2024-01-09T08:00:00.000-0500,2249.214,2266.233,,2024-01-09T08:00:00.000-0500,2,1,2024,2024-01-09,1717.2486,-33.344972,0.0
2024-01-09T09:00:00.000-0500,2283.618,2327.466,,2024-01-09T09:00:00.000-0500,2,1,2024,2024-01-09,1656.0156000000002,-32.120312000000006,0.0
2024-01-09T10:00:00.000-0500,2293.893,2362.709,,2024-01-09T10:00:00.000-0500,2,1,2024,2024-01-09,1620.7726000000002,-31.415452000000002,0.0
2024-01-09T11:00:00.000-0500,2301.425,2444.342,,2024-01-09T11:00:00.000-0500,2,1,2024,2024-01-09,1539.1396,-29.782792,0.0
2024-01-09T12:00:00.000-0500,2298.523,2457.802,,2024-01-09T12:00:00.000-0500,2,1,2024,2024-01-09,1525.6796,-29.513592,0.0
2024-01-09T13:00:00.000-0500,2285.095,2413.408,,2024-01-09T13:00:00.000-0500,2,1,2024,2024-01-09,1570.0736000000002,-30.401472000000005,0.0
2024-01-09T14:00:00.000-0500,2270.218,2429.253,,2024-01-09T14:00:00.000-0500,2,1,2024,2024-01-09,1554.2286,-30.084571999999998,0.0
2024-01-09T15:00:00.000-0500,2243.706,2384.471,,2024-01-09T15:00:00.000-0500,2,1,2024,2024-01-09,1599.0106,-30.980212,0.0
2024-01-09T16:00:00.000-0500,2267.868,2387.391,,2024-01-09T16:00:00.000-0500,2,1,2024,2024-01-09,1596.0906,-30.921812,0.0
2024-01-09T17:00:00.000-0500,2340.875,2454.085,,2024-01-09T17:00:00.000-0500,2,1,2024,2024-01-09,1529.3966,-29.587932000000002,0.0
2024-01-09T18:00:00.000-0500,2394.17,2517.519,,2024-01-09T18:00:00.000-0500,2,1,2024,2024-01-09,1465.9626000000003,-28.319252000000006,0.0
2024-01-09T19:00:00.000-0500,2361.193,2436.236,,2024-01-09T19:00:00.000-0500,2,1,2024,2024-01-09,1547.2456000000002,-29.944912000000006,0.0
2024-01-09T20:00:00.000-0500,2292.965,2329.284,,2024-01-09T20:00:00.000-0500,2,1,2024,2024-01-09,1654.1976,-32.083952,0.0
2024-01-09T21:00:00.000-0500,2191.481,2202.53,,2024-01-09T21:00:00.000-0500,2,1,2024,2024-01-09,1780.9515999999999,-34.619032,0.0
2024-01-09T22:00:00.000-0500,2055.465,2025.445,,2024-01-09T22:00:00.000-0500,2,1,2024,2024-01-09,1958.0366000000001,-38.160732,0.0
2024-01-09T23:00:00.000-0500,1892.27,1898.24,,2024-01-09T23:00:00.000-0500,2,1,2024,2024-01-09,2085.2416000000003,-40.704832,0.0
2024-01-10T00:00:00.000-0500,1758.79,1759.24,,2024-01-10T00:00:00.000-0500,3,1,2024,2024-01-10,2224.2416000000003,-43.484832000000004,0.0
2024-01-10T01:00:00.000-0500,1664.731,1687.232,4106.3945,2024-01-10T01:00:00.000-0500,3,1,2024,2024-01-10,2296.2496,-44.924992,0.0
2024-01-10T02:00:00.000-0500,1609.869,1614.714,,2024-01-10T02:00:00.000-0500,3,1,2024,2024-01-10,2368.7676,-46.37535200000001,0.0
2024-01-10T03:00:00.000-0500,1578.04,1569.4,,2024-01-10T03:00:00.000-0500,3,1,2024,2024-01-10,2414.0816,-47.281632,0.0
2024-01-10T04:00:00.000-0500,1562.901,1581.849,,2024-01-10T04:00:00.000-0500,3,1,2024,2024-01-10,2401.6326,-47.032652,0.0
2024-01-10T05:00:00.000-0500,1587.86,1592.555,,2024-01-10T05:00:00.000-0500,3,1,2024,2024-01-10,2390.9266,-46.818532,0.0
2024-01-10T06:00:00.000-0500,1700.89,1683.008,,2024-01-10T06:00:00.000-0500,3,1,2024,2024-01-10,2300.4736000000003,-45.00947200000001,0.0
2024-01-10T07:00:00.000-0500,1878.125,1896.459,,2024-01-10T07:00:00.000-0500,3,1,2024,2024-01-10,2087.0226000000002,-40.740452000000005,0.0
2024-01-10T08:00:00.000-0500,1982.436,2021.157,,2024-01-10T08:00:00.000-0500,3,1,2024,2024-01-10,1962.3246000000001,-38.246492,0.0
2024-01-10T09:00:00.000-0500,1987.827,2075.758,,2024-01-10T09:00:00.000-0500,3,1,2024,2024-01-10,1907.7236000000003,-37.154472000000005,0.0
2024-01-10T10:00:00.000-0500,1933.485,2064.875,,2024-01-10T10:00:00.000-0500,3,1,2024,2024-01-10,1918.6066,-37.372132,0.0
2024-01-10T11:00:00.000-0500,1906.77,1963.312,,2024-01-10T11:00:00.000-0500,3,1,2024,2024-01-10,2020.1696000000002,-39.403392000000004,0.0
2024-01-10T12:00:00.000-0500,1920.329,1938.468,,2024-01-10T12:00:00.000-0500,3,1,2024,2024-01-10,2045.0136,-39.900272,0.0
2024-01-10T13:00:00.000-0500,1953.307,1873.262,,2024-01-10T13:00:00.000-0500,3,1,2024,2024-01-10,2110.2196000000004,-41.204392000000006,0.0
2024-01-10T14:00:00.000-0500,1867.702,1878.471,,2024-01-10T14:00:00.000-0500,3,1,2024,2024-01-10,2105.0106,-41.100212,0.0
2024-01-10T15:00:00.000-0500,1897.355,1939.182,,2024-01-10T15:00:00.000-0500,3,1,2024,2024-01-10,2044.2996,-39.885992,0.0
2024-01-10T16:00:00.000-0500,2002.284,2012.173,,2024-01-10T16:00:00.000-0500,3,1,2024,2024-01-10,1971.3086,-38.426172,0.0
2024-01-10T17:00:00.000-0500,2122.191,2206.46,,2024-01-10T17:00:00.000-0500,3,1,2024,2024-01-10,1777.0216,-34.540432,0.0
2024-01-10T18:00:00.000-0500,2220.264,2311.125,,2024-01-10T18:00:00.000-0500,3,1,2024,2024-01-10,1672.3566,-32.447132,0.0
2024-01-10T19:00:00.000-0500,2193.706,2274.823,,2024-01-10T19:00:00.000-0500,3,1,2024,2024-01-10,1708.6586000000002,-33.17317200000001,0.0
2024-01-10T20:00:00.000-0500,2124.684,2188.483,,2024-01-10T20:00:00.000-0500,3,1,2024,2024-01-10,1794.9986,-34.899972,0.0
2024-01-10T21:00:00.000-0500,2038.124,2104.449,,2024-01-10T21:00:00.000-0500,3,1,2024,2024-01-10,1879.0326,-36.580652,0.0
2024-01-10T22:00:00.000-0500,1925.642,2000.676,,2024-01-10T22:00:00.000-0500,3,1,2024,2024-01-10,1982.8056000000001,-38.656112,0.0
2024-01-10T23:00:00.000-0500,1790.17,1836.909,,2024-01-10T23:00:00.000-0500,3,1,2024,2024-01-10,2146.5726,-41.931452,0.0
2024-01-11T00:00:00.000-0500,1665.125,1728.582,,2024-01-11T00:00:00.000-0500,4,1,2024,2024-01-11,2254.8995999999997,-44.097992,0.0
2024-01-11T01:00:00.000-0500,1606.814,1650.048,4106.3945,2024-01-11T01:00:00.000-0500,4,1,2024,2024-01-11,2333.4336000000003,-45.66867200000001,0.0
2024-01-11T02:00:00.000-0500,1554.89,1605.714,,2024-01-11T02:00:00.000-0500,4,1,2024,2024-01-11,2377.7676,-46.555352000000006,0.0
2024-01-11T03:00:00.000-0500,1537.014,1588.597,,2024-01-11T03:00:00.000-0500,4,1,2024,2024-01-11,2394.8846000000003,-46.897692000000006,0.0
2024-01-11T04:00:00.000-0500,1534.506,1600.34,,2024-01-11T04:00:00.000-0500,4,1,2024,2024-01-11,2383.1416,-46.662832,0.0
2024-01-11T05:00:00.000-0500,1584.001,1639.431,,2024-01-11T05:00:00.000-0500,4,1,2024,2024-01-11,2344.0506,-45.881012,0.0
2024-01-11T06:00:00.000-0500,1707.979,1758.191,,2024-01-11T06:00:00.000-0500,4,1,2024,2024-01-11,2225.2906000000003,-43.505812000000006,0.0
2024-01-11T07:00:00.000-0500,1911.458,1960.292,,2024-01-11T07:00:00.000-0500,4,1,2024,2024-01-11,2023.1896000000002,-39.463792000000005,0.0
2024-01-11T08:00:00.000-0500,2040.632,2073.579,,2024-01-11T08:00:00.000-0500,4,1,2024,2024-01-11,1909.9026,-37.198052,0.0
2024-01-11T09:00:00.000-0500,2052.073,1981.974,,2024-01-11T09:00:00.000-0500,4,1,2024,2024-01-11,2001.5076000000001,-39.030152,0.0
2024-01-11T10:00:00.000-0500,1979.322,1859.42,,2024-01-11T10:00:00.000-0500,4,1,2024,2024-01-11,2124.0616,-41.481232,0.0
2024-01-11T11:00:00.000-0500,1917.58,1868.638,,2024-01-11T11:00:00.000-0500,4,1,2024,2024-01-11,2114.8436,-41.296872,0.0
2024-01-11T12:00:00.000-0500,1896.054,1878.999,,2024-01-11T12:00:00.000-0500,4,1,2024,2024-01-11,2104.4826000000003,-41.08965200000001,0.0
2024-01-11T13:00:00.000-0500,1981.869,1918.043,,2024-01-11T13:00:00.000-0500,4,1,2024,2024-01-11,2065.4386000000004,-40.30877200000001,0.0
2024-01-11T14:00:00.000-0500,2038.436,2002.167,,2024-01-11T14:00:00.000-0500,4,1,2024,2024-01-11,1981.3146000000002,-38.62629200000001,0.0
2024-01-11T15:00:00.000-0500,2029.755,2096.327,,2024-01-11T15:00:00.000-0500,4,1,2024,2024-01-11,1887.1545999999998,-36.743092,0.0
2024-01-11T16:00:00.000-0500,2050.217,2163.236,,2024-01-11T16:00:00.000-0500,4,1,2024,2024-01-11,1820.2456000000002,-35.404912,0.0
2024-01-11T17:00:00.000-0500,2139.566,2169.378,,2024-01-11T17:00:00.000-0500,4,1,2024,2024-01-11,1814.1036,-35.282072,0.0
2024-01-11T18:00:00.000-0500,2240.671,2290.582,,2024-01-11T18:00:00.000-0500,4,1,2024,2024-01-11,1692.8996000000002,-32.857992,0.0
2024-01-11T19:00:00.000-0500,2217.778,2253.885,,2024-01-11T19:00:00.000-0500,4,1,2024,2024-01-11,1729.5965999999999,-33.591932,0.0
2024-01-11T20:00:00.000-0500,2157.269,2192.862,,2024-01-11T20:00:00.000-0500,4,1,2024,2024-01-11,1790.6196,-34.812392,0.0
2024-01-11T21:00:00.000-0500,2076.961,2100.987,,2024-01-11T21:00:00.000-0500,4,1,2024,2024-01-11,1882.4946,-36.649892,0.0
2024-01-11T22:00:00.000-0500,1970.033,1994.921,,2024-01-11T22:00:00.000-0500,4,1,2024,2024-01-11,1988.5606,-38.771212,0.0
2024-01-11T23:00:00.000-0500,1821.142,1847.749,,2024-01-11T23:00:00.000-0500,4,1,2024,2024-01-11,2135.7326000000003,-41.71465200000001,0.0
2024-01-12T00:00:00.000-0500,1708.115,1733.718,,2024-01-12T00:00:00.000-0500,5,1,2024,2024-01-12,2249.7636,-43.99527200000001,0.0
2024-01-06T01:00:00.000-0500,1758.434,1803.235,4036.6506,2024-01-06T01:00:00.000-0500,6,1,2024,2024-01-06,2212.8904,-43.257808000000004,0.0
2024-01-06T02:00:00.000-0500,1697.943,1746.682,,2024-01-06T02:00:00.000-0500,6,1,2024,2024-01-06,2269.4434,-44.388868,0.0
2024-01-06T03:00:00.000-0500,1667.291,1710.595,,2024-01-06T03:00:00.000-0500,6,1,2024,2024-01-06,2305.5303999999996,-45.11060799999999,0.0
2024-01-06T04:00:00.000-0500,1651.554,1713.274,,2024-01-06T04:00:00.000-0500,6,1,2024,2024-01-06,2302.8514,-45.057028,0.0
2024-01-06T05:00:00.000-0500,1663.782,1740.657,,2024-01-06T05:00:00.000-0500,6,1,2024,2024-01-06,2275.4683999999997,-44.509367999999995,0.0
2024-01-06T06:00:00.000-0500,1705.912,1777.912,,2024-01-06T06:00:00.000-0500,6,1,2024,2024-01-06,2238.2133999999996,-43.764267999999994,0.0
2024-01-06T07:00:00.000-0500,1773.254,1887.77,,2024-01-06T07:00:00.000-0500,6,1,2024,2024-01-06,2128.3554,-41.567108,0.0
2024-01-06T08:00:00.000-0500,1852.65,1940.474,,2024-01-06T08:00:00.000-0500,6,1,2024,2024-01-06,2075.6513999999997,-40.513028,0.0
2024-01-06T09:00:00.000-0500,1912.432,1988.373,,2024-01-06T09:00:00.000-0500,6,1,2024,2024-01-06,2027.7523999999999,-39.555048,0.0
2024-01-06T10:00:00.000-0500,1936.431,2026.036,,2024-01-06T10:00:00.000-0500,6,1,2024,2024-01-06,1990.0893999999998,-38.801787999999995,0.0
2024-01-06T11:00:00.000-0500,1942.67,1986.869,,2024-01-06T11:00:00.000-0500,6,1,2024,2024-01-06,2029.2564,-39.585128,0.0
2024-01-06T12:00:00.000-0500,1973.272,1979.016,,2024-01-06T12:00:00.000-0500,6,1,2024,2024-01-06,2037.1093999999998,-39.742188,0.0
2024-01-06T13:00:00.000-0500,2010.444,1958.368,,2024-01-06T13:00:00.000-0500,6,1,2024,2024-01-06,2057.7574,-40.155148,0.0
2024-01-06T14:00:00.000-0500,1996.525,2007.381,,2024-01-06T14:00:00.000-0500,6,1,2024,2024-01-06,2008.7443999999998,-39.174887999999996,0.0
2024-01-06T15:00:00.000-0500,1950.307,2055.5,,2024-01-06T15:00:00.000-0500,6,1,2024,2024-01-06,1960.6254,-38.212508,0.0
2024-01-06T16:00:00.000-0500,2035.756,2141.603,,2024-01-06T16:00:00.000-0500,6,1,2024,2024-01-06,1874.5223999999998,-36.490448,0.0
2024-01-06T17:00:00.000-0500,2139.643,2227.812,,2024-01-06T17:00:00.000-0500,6,1,2024,2024-01-06,1788.3134,-34.766268000000004,0.0
2024-01-06T18:00:00.000-0500,2212.423,2280.858,,2024-01-06T18:00:00.000-0500,6,1,2024,2024-01-06,1735.2673999999997,-33.705347999999994,0.0
2024-01-06T19:00:00.000-0500,2171.108,2221.442,,2024-01-06T19:00:00.000-0500,6,1,2024,2024-01-06,1794.6834,-34.893668,0.0
2024-01-06T20:00:00.000-0500,2106.836,2136.848,,2024-01-06T20:00:00.000-0500,6,1,2024,2024-01-06,1879.2774,-36.585548,0.0
2024-01-06T21:00:00.000-0500,2042.924,2059.531,,2024-01-06T21:00:00.000-0500,6,1,2024,2024-01-06,1956.5944,-38.131888,0.0
2024-01-06T22:00:00.000-0500,1953.113,1960.514,,2024-01-06T22:00:00.000-0500,6,1,2024,2024-01-06,2055.6114,-40.112227999999995,0.0
2024-01-06T23:00:00.000-0500,1846.117,1849.212,,2024-01-06T23:00:00.000-0500,6,1,2024,2024-01-06,2166.9134,-42.338268,0.0
2024-01-07T00:00:00.000-0500,1742.365,1781.326,,2024-01-07T00:00:00.000-0500,7,1,2024,2024-01-07,2234.7994,-43.695988,0.0
2024-01-07T01:00:00.000-0500,1672.248,1727.753,4036.6506,2024-01-07T01:00:00.000-0500,7,1,2024,2024-01-07,2288.3724,-44.767448,0.0
2024-01-07T02:00:00.000-0500,1609.312,1689.038,,2024-01-07T02:00:00.000-0500,7,1,2024,2024-01-07,2327.0874,-45.541748,0.0
2024-01-07T03:00:00.000-0500,1577.764,1614.902,,2024-01-07T03:00:00.000-0500,7,1,2024,2024-01-07,2401.2234,-47.024468,0.0
2024-01-07T04:00:00.000-0500,1563.082,1586.159,,2024-01-07T04:00:00.000-0500,7,1,2024,2024-01-07,2429.9664,-47.599328,0.0
2024-01-07T05:00:00.000-0500,1571.588,1640.645,,2024-01-07T05:00:00.000-0500,7,1,2024,2024-01-07,2375.4804,-46.509608,0.0
2024-01-07T06:00:00.000-0500,1607.533,1662.554,,2024-01-07T06:00:00.000-0500,7,1,2024,2024-01-07,2353.5714,-46.071428,0.0
2024-01-07T07:00:00.000-0500,1659.369,1725.357,,2024-01-07T07:00:00.000-0500,7,1,2024,2024-01-07,2290.7684,-44.815368,0.0
2024-01-07T08:00:00.000-0500,1739.374,1768.953,,2024-01-07T08:00:00.000-0500,7,1,2024,2024-01-07,2247.1724,-43.943448,0.0
2024-01-07T09:00:00.000-0500,1836.878,1939.27,,2024-01-07T09:00:00.000-0500,7,1,2024,2024-01-07,2076.8554,-40.537107999999996,0.0
2024-01-07T10:00:00.000-0500,1943.87,2014.367,,2024-01-07T10:00:00.000-0500,7,1,2024,2024-01-07,2001.7584,-39.035168,0.0
2024-01-07T11:00:00.000-0500,2042.904,2222.702,,2024-01-07T11:00:00.000-0500,7,1,2024,2024-01-07,1793.4233999999997,-34.86846799999999,0.0
2024-01-07T12:00:00.000-0500,2136.337,2254.272,,2024-01-07T12:00:00.000-0500,7,1,2024,2024-01-07,1761.8534,-34.237068,0.0
2024-01-07T13:00:00.000-0500,2195.643,2343.236,,2024-01-07T13:00:00.000-0500,7,1,2024,2024-01-07,1672.8894,-32.457788,0.0
2024-01-07T14:00:00.000-0500,2192.951,2302.006,,2024-01-07T14:00:00.000-0500,7,1,2024,2024-01-07,1714.1194,-33.282388000000005,0.0
2024-01-07T15:00:00.000-0500,2171.489,2325.255,,2024-01-07T15:00:00.000-0500,7,1,2024,2024-01-07,1690.8703999999998,-32.81740799999999,0.0
2024-01-07T16:00:00.000-0500,2159.989,2314.516,,2024-01-07T16:00:00.000-0500,7,1,2024,2024-01-07,1701.6093999999998,-33.032188,0.0
2024-01-07T17:00:00.000-0500,2235.985,2329.222,,2024-01-07T17:00:00.000-0500,7,1,2024,2024-01-07,1686.9033999999997,-32.73806799999999,0.0
2024-01-07T18:00:00.000-0500,2343.968,2357.311,,2024-01-07T18:00:00.000-0500,7,1,2024,2024-01-07,1658.8143999999998,-32.17628799999999,0.0
2024-01-07T19:00:00.000-0500,2319.363,2295.039,,2024-01-07T19:00:00.000-0500,7,1,2024,2024-01-07,1721.0863999999997,-33.421727999999995,0.0
2024-01-07T20:00:00.000-0500,2233.752,2235.003,,2024-01-07T20:00:00.000-0500,7,1,2024,2024-01-07,1781.1223999999997,-34.622448,0.0
2024-01-07T21:00:00.000-0500,2131.632,2198.01,,2024-01-07T21:00:00.000-0500,7,1,2024,2024-01-07,1818.1153999999997,-35.36230799999999,0.0
2024-01-07T22:00:00.000-0500,2012.363,2065.793,,2024-01-07T22:00:00.000-0500,7,1,2024,2024-01-07,1950.3323999999998,-38.006648,0.0
2024-01-07T23:00:00.000-0500,1878.804,1944.659,,2024-01-07T23:00:00.000-0500,7,1,2024,2024-01-07,2071.4664,-40.429328,0.0
2024-01-08T00:00:00.000-0500,1765.156,1837.697,,2024-01-08T00:00:00.000-0500,1,1,2024,2024-01-08,2178.4284,-42.568568,0.0
2024-01-08T01:00:00.000-0500,1681.568,1744.347,4106.3945,2024-01-08T01:00:00.000-0500,1,1,2024,2024-01-08,2271.7784,-44.435568,0.0
2024-01-08T02:00:00.000-0500,1638.993,1686.154,,2024-01-08T02:00:00.000-0500,1,1,2024,2024-01-08,2329.9714,-45.599427999999996,0.0
2024-01-08T03:00:00.000-0500,1625.299,1678.984,,2024-01-08T03:00:00.000-0500,1,1,2024,2024-01-08,2337.1414,-45.742828,0.0
2024-01-08T04:00:00.000-0500,1635.817,1688.303,,2024-01-08T04:00:00.000-0500,1,1,2024,2024-01-08,2327.8224,-45.556448,0.0
2024-01-08T05:00:00.000-0500,1684.101,1738.049,,2024-01-08T05:00:00.000-0500,1,1,2024,2024-01-08,2278.0764,-44.561528,0.0
2024-01-08T06:00:00.000-0500,1789.963,1909.11,,2024-01-08T06:00:00.000-0500,1,1,2024,2024-01-08,2107.0154,-41.140308000000005,0.0
2024-01-08T07:00:00.000-0500,1968.514,2189.573,,2024-01-08T07:00:00.000-0500,1,1,2024,2024-01-08,1826.5524,-35.531048,0.0
2024-01-08T08:00:00.000-0500,2110.955,2268.028,,2024-01-08T08:00:00.000-0500,1,1,2024,2024-01-08,1748.0974,-33.961948,0.0
2024-01-08T09:00:00.000-0500,2200.463,2213.905,,2024-01-08T09:00:00.000-0500,1,1,2024,2024-01-08,1802.2203999999997,-35.044408,0.0
2024-01-08T10:00:00.000-0500,2208.842,2122.678,,2024-01-08T10:00:00.000-0500,1,1,2024,2024-01-08,1893.4474,-36.868948,0.0
2024-01-08T11:00:00.000-0500,2197.499,2263.468,,2024-01-08T11:00:00.000-0500,1,1,2024,2024-01-08,1752.6574,-34.053148,0.0
2024-01-08T12:00:00.000-0500,2182.106,2216.834,,2024-01-08T12:00:00.000-0500,1,1,2024,2024-01-08,1799.2914,-34.985828000000005,0.0
2024-01-08T13:00:00.000-0500,2151.903,2199.277,,2024-01-08T13:00:00.000-0500,1,1,2024,2024-01-08,1816.8483999999999,-35.336968,0.0
2024-01-08T14:00:00.000-0500,2126.006,2143.686,,2024-01-08T14:00:00.000-0500,1,1,2024,2024-01-08,1872.4393999999998,-36.44878799999999,0.0
2024-01-08T15:00:00.000-0500,2113.869,2168.964,,2024-01-08T15:00:00.000-0500,1,1,2024,2024-01-08,1847.1614,-35.943228,0.0
2024-01-08T16:00:00.000-0500,2131.972,2225.222,,2024-01-08T16:00:00.000-0500,1,1,2024,2024-01-08,1790.9033999999997,-34.818068,0.0
2024-01-08T17:00:00.000-0500,2238.996,2346.929,,2024-01-08T17:00:00.000-0500,1,1,2024,2024-01-08,1669.1963999999998,-32.383928,0.0
2024-01-08T18:00:00.000-0500,2353.483,2478.015,,2024-01-08T18:00:00.000-0500,1,1,2024,2024-01-08,1538.1104,-29.762208,0.0
2024-01-08T19:00:00.000-0500,2342.559,2438.567,,2024-01-08T19:00:00.000-0500,1,1,2024,2024-01-08,1577.5584,-30.551167999999997,0.0
2024-01-08T20:00:00.000-0500,2297.432,2384.349,,2024-01-08T20:00:00.000-0500,1,1,2024,2024-01-08,1631.7763999999997,-31.635527999999994,0.0
2024-01-08T21:00:00.000-0500,2216.508,2275.884,,2024-01-08T21:00:00.000-0500,1,1,2024,2024-01-08,1740.2413999999999,-33.804828,0.0
2024-01-08T22:00:00.000-0500,2110.646,2158.347,,2024-01-08T22:00:00.000-0500,1,1,2024,2024-01-08,1857.7783999999997,-36.155567999999995,0.0
2024-01-08T23:00:00.000-0500,1975.741,2019.948,,2024-01-08T23:00:00.000-0500,1,1,2024,2024-01-08,1996.1773999999998,-38.923548,0.0
2024-01-09T00:00:00.000-0500,1856.085,1898.752,,2024-01-09T00:00:00.000-0500,2,1,2024,2024-01-09,2117.3734,-41.347468,0.0
2024-01-09T01:00:00.000-0500,1782.284,1814.549,4106.3945,2024-01-09T01:00:00.000-0500,2,1,2024,2024-01-09,2201.5764,-43.031528,0.0
2024-01-09T02:00:00.000-0500,1748.083,1770.767,,2024-01-09T02:00:00.000-0500,2,1,2024,2024-01-09,2245.3584,-43.907168000000006,0.0
2024-01-09T03:00:00.000-0500,1733.623,1769.418,,2024-01-09T03:00:00.000-0500,2,1,2024,2024-01-09,2246.7074000000002,-43.93414800000001,0.0
2024-01-09T04:00:00.000-0500,1748.246,1763.32,,2024-01-09T04:00:00.000-0500,2,1,2024,2024-01-09,2252.8054,-44.056108,0.0
2024-01-09T05:00:00.000-0500,1797.225,1841.124,,2024-01-09T05:00:00.000-0500,2,1,2024,2024-01-09,2175.0014,-42.500028,0.0
2024-01-09T06:00:00.000-0500,1924.833,1960.568,,2024-01-09T06:00:00.000-0500,2,1,2024,2024-01-09,2055.5573999999997,-40.11114799999999,0.0
2024-01-09T07:00:00.000-0500,2122.961,2129.47,,2024-01-09T07:00:00.000-0500,2,1,2024,2024-01-09,1886.6554,-36.733108,0.0
2024-01-09T08:00:00.000-0500,2249.214,2266.233,,2024-01-09T08:00:00.000-0500,2,1,2024,2024-01-09,1749.8923999999997,-33.997848,0.0
2024-01-09T09:00:00.000-0500,2283.618,2327.466,,2024-01-09T09:00:00.000-0500,2,1,2024,2024-01-09,1688.6594,-32.773188,0.0
2024-01-09T10:00:00.000-0500,2293.893,2362.709,,2024-01-09T10:00:00.000-0500,2,1,2024,2024-01-09,1653.4164,-32.068328,0.0
2024-01-09T11:00:00.000-0500,2301.425,2444.342,,2024-01-09T11:00:00.000-0500,2,1,2024,2024-01-09,1571.7833999999998,-30.435667999999996,0.0
2024-01-09T12:00:00.000-0500,2298.523,2457.802,,2024-01-09T12:00:00.000-0500,2,1,2024,2024-01-09,1558.3233999999998,-30.166467999999995,0.0
2024-01-09T13:00:00.000-0500,2285.095,2413.408,,2024-01-09T13:00:00.000-0500,2,1,2024,2024-01-09,1602.7174,-31.054347999999997,0.0
2024-01-09T14:00:00.000-0500,2270.218,2429.253,,2024-01-09T14:00:00.000-0500,2,1,2024,2024-01-09,1586.8723999999997,-30.737447999999997,0.0
2024-01-09T15:00:00.000-0500,2243.706,2384.471,,2024-01-09T15:00:00.000-0500,2,1,2024,2024-01-09,1631.6544,-31.633088,0.0
2024-01-09T16:00:00.000-0500,2267.868,2387.391,,2024-01-09T16:00:00.000-0500,2,1,2024,2024-01-09,1628.7343999999998,-31.574687999999995,0.0
2024-01-09T17:00:00.000-0500,2340.875,2454.085,,2024-01-09T17:00:00.000-0500,2,1,2024,2024-01-09,1562.0403999999999,-30.240807999999998,0.0
2024-01-09T18:00:00.000-0500,2394.17,2517.519,,2024-01-09T18:00:00.000-0500,2,1,2024,2024-01-09,1498.6064000000001,-28.972128,0.0
2024-01-09T19:00:00.000-0500,2361.193,2436.236,,2024-01-09T19:00:00.000-0500,2,1,2024,2024-01-09,1579.8894,-30.597788,0.0
2024-01-09T20:00:00.000-0500,2292.965,2329.284,,2024-01-09T20:00:00.000-0500,2,1,2024,2024-01-09,1686.8413999999998,-32.736827999999996,0.0
2024-01-09T21:00:00.000-0500,2191.481,2202.53,,2024-01-09T21:00:00.000-0500,2,1,2024,2024-01-09,1813.5953999999997,-35.271907999999996,0.0
2024-01-09T22:00:00.000-0500,2055.465,2025.445,,2024-01-09T22:00:00.000-0500,2,1,2024,2024-01-09,1990.6804,-38.813608,0.0
2024-01-09T23:00:00.000-0500,1892.27,1898.24,,2024-01-09T23:00:00.000-0500,2,1,2024,2024-01-09,2117.8854,-41.357708,0.0
2024-01-10T00:00:00.000-0500,1758.79,1759.24,,2024-01-10T00:00:00.000-0500,3,1,2024,2024-01-10,2256.8854,-44.137708,0.0
2024-01-10T01:00:00.000-0500,1664.731,1687.232,4106.3945,2024-01-10T01:00:00.000-0500,3,1,2024,2024-01-10,2328.8934,-45.577868,0.0
2024-01-10T02:00:00.000-0500,1609.869,1614.714,,2024-01-10T02:00:00.000-0500,3,1,2024,2024-01-10,2401.4114,-47.028228,0.0
2024-01-10T03:00:00.000-0500,1578.04,1569.4,,2024-01-10T03:00:00.000-0500,3,1,2024,2024-01-10,2446.7254,-47.934507999999994,0.0
2024-01-10T04:00:00.000-0500,1562.901,1581.849,,2024-01-10T04:00:00.000-0500,3,1,2024,2024-01-10,2434.2763999999997,-47.685528,0.0
2024-01-10T05:00:00.000-0500,1587.86,1592.555,,2024-01-10T05:00:00.000-0500,3,1,2024,2024-01-10,2423.5703999999996,-47.471408,0.0
2024-01-10T06:00:00.000-0500,1700.89,1683.008,,2024-01-10T06:00:00.000-0500,3,1,2024,2024-01-10,2333.1174,-45.662348,0.0
2024-01-10T07:00:00.000-0500,1878.125,1896.459,,2024-01-10T07:00:00.000-0500,3,1,2024,2024-01-10,2119.6664,-41.393328000000004,0.0
2024-01-10T08:00:00.000-0500,1982.436,2021.157,,2024-01-10T08:00:00.000-0500,3,1,2024,2024-01-10,1994.9684,-38.899368,0.0
2024-01-10T09:00:00.000-0500,1987.827,2075.758,,2024-01-10T09:00:00.000-0500,3,1,2024,2024-01-10,1940.3674,-37.807348000000005,0.0
2024-01-10T10:00:00.000-0500,1933.485,2064.875,,2024-01-10T10:00:00.000-0500,3,1,2024,2024-01-10,1951.2504,-38.025008,0.0
2024-01-10T11:00:00.000-0500,1906.77,1963.312,,2024-01-10T11:00:00.000-0500,3,1,2024,2024-01-10,2052.8134,-40.056268,0.0
2024-01-10T12:00:00.000-0500,1920.329,1938.468,,2024-01-10T12:00:00.000-0500,3,1,2024,2024-01-10,2077.6574,-40.553148,0.0
2024-01-10T13:00:00.000-0500,1953.307,1873.262,,2024-01-10T13:00:00.000-0500,3,1,2024,2024-01-10,2142.8634,-41.857268000000005,0.0
2024-01-10T14:00:00.000-0500,1867.702,1878.471,,2024-01-10T14:00:00.000-0500,3,1,2024,2024-01-10,2137.6544,-41.753088,0.0
2024-01-10T15:00:00.000-0500,1897.355,1939.182,,2024-01-10T15:00:00.000-0500,3,1,2024,2024-01-10,2076.9434,-40.538868,0.0
2024-01-10T16:00:00.000-0500,2002.284,2012.173,,2024-01-10T16:00:00.000-0500,3,1,2024,2024-01-10,2003.9524,-39.079048,0.0
2024-01-10T17:00:00.000-0500,2122.191,2206.46,,2024-01-10T17:00:00.000-0500,3,1,2024,2024-01-10,1809.6653999999999,-35.193307999999995,0.0
2024-01-10T18:00:00.000-0500,2220.264,2311.125,,2024-01-10T18:00:00.000-0500,3,1,2024,2024-01-10,1705.0004,-33.100007999999995,0.0
2024-01-10T19:00:00.000-0500,2193.706,2274.823,,2024-01-10T19:00:00.000-0500,3,1,2024,2024-01-10,1741.3024,-33.826048,0.0
2024-01-10T20:00:00.000-0500,2124.684,2188.483,,2024-01-10T20:00:00.000-0500,3,1,2024,2024-01-10,1827.6423999999997,-35.552848,0.0
2024-01-10T21:00:00.000-0500,2038.124,2104.449,,2024-01-10T21:00:00.000-0500,3,1,2024,2024-01-10,1911.6763999999998,-37.233528,0.0
2024-01-10T22:00:00.000-0500,1925.642,2000.676,,2024-01-10T22:00:00.000-0500,3,1,2024,2024-01-10,2015.4494,-39.308988,0.0
2024-01-10T23:00:00.000-0500,1790.17,1836.909,,2024-01-10T23:00:00.000-0500,3,1,2024,2024-01-10,2179.2164,-42.584328,0.0
2024-01-11T00:00:00.000-0500,1665.125,1728.582,,2024-01-11T00:00:00.000-0500,4,1,2024,2024-01-11,2287.5433999999996,-44.75086799999999,0.0
2024-01-11T01:00:00.000-0500,1606.814,1650.048,4106.3945,2024-01-11T01:00:00.000-0500,4,1,2024,2024-01-11,2366.0774,-46.321548,0.0
2024-01-11T02:00:00.000-0500,1554.89,1605.714,,2024-01-11T02:00:00.000-0500,4,1,2024,2024-01-11,2410.4114,-47.208228,0.0
2024-01-11T03:00:00.000-0500,1537.014,1588.597,,2024-01-11T03:00:00.000-0500,4,1,2024,2024-01-11,2427.5284,-47.550568000000005,0.0
2024-01-11T04:00:00.000-0500,1534.506,1600.34,,2024-01-11T04:00:00.000-0500,4,1,2024,2024-01-11,2415.7853999999998,-47.315707999999994,0.0
2024-01-11T05:00:00.000-0500,1584.001,1639.431,,2024-01-11T05:00:00.000-0500,4,1,2024,2024-01-11,2376.6944,-46.533888,0.0
2024-01-11T06:00:00.000-0500,1707.979,1758.191,,2024-01-11T06:00:00.000-0500,4,1,2024,2024-01-11,2257.9344,-44.158688000000005,0.0
2024-01-11T07:00:00.000-0500,1911.458,1960.292,,2024-01-11T07:00:00.000-0500,4,1,2024,2024-01-11,2055.8334,-40.116668,0.0
2024-01-11T08:00:00.000-0500,2040.632,2073.579,,2024-01-11T08:00:00.000-0500,4,1,2024,2024-01-11,1942.5463999999997,-37.850927999999996,0.0
2024-01-11T09:00:00.000-0500,2052.073,1981.974,,2024-01-11T09:00:00.000-0500,4,1,2024,2024-01-11,2034.1514,-39.683028,0.0
2024-01-11T10:00:00.000-0500,1979.322,1859.42,,2024-01-11T10:00:00.000-0500,4,1,2024,2024-01-11,2156.7054,-42.134108,0.0
2024-01-11T11:00:00.000-0500,1917.58,1868.638,,2024-01-11T11:00:00.000-0500,4,1,2024,2024-01-11,2147.4874,-41.949748,0.0
2024-01-11T12:00:00.000-0500,1896.054,1878.999,,2024-01-11T12:00:00.000-0500,4,1,2024,2024-01-11,2137.1264,-41.742528,0.0
2024-01-11T13:00:00.000-0500,1981.869,1918.043,,2024-01-11T13:00:00.000-0500,4,1,2024,2024-01-11,2098.0824000000002,-40.961648000000004,0.0
2024-01-11T14:00:00.000-0500,2038.436,2002.167,,2024-01-11T14:00:00.000-0500,4,1,2024,2024-01-11,2013.9584,-39.279168,0.0
2024-01-11T15:00:00.000-0500,2029.755,2096.327,,2024-01-11T15:00:00.000-0500,4,1,2024,2024-01-11,1919.7983999999997,-37.395967999999996,0.0
2024-01-11T16:00:00.000-0500,2050.217,2163.236,,2024-01-11T16:00:00.000-0500,4,1,2024,2024-01-11,1852.8894,-36.057788,0.0
2024-01-11T17:00:00.000-0500,2139.566,2169.378,,2024-01-11T17:00:00.000-0500,4,1,2024,2024-01-11,1846.7473999999997,-35.934948,0.0
2024-01-11T18:00:00.000-0500,2240.671,2290.582,,2024-01-11T18:00:00.000-0500,4,1,2024,2024-01-11,1725.5434,-33.510868,0.0
2024-01-11T19:00:00.000-0500,2217.778,2253.885,,2024-01-11T19:00:00.000-0500,4,1,2024,2024-01-11,1762.2403999999997,-34.24480799999999,0.0
2024-01-11T20:00:00.000-0500,2157.269,2192.862,,2024-01-11T20:00:00.000-0500,4,1,2024,2024-01-11,1823.2633999999998,-35.465267999999995,0.0
2024-01-11T21:00:00.000-0500,2076.961,2100.987,,2024-01-11T21:00:00.000-0500,4,1,2024,2024-01-11,1915.1383999999998,-37.302768,0.0
2024-01-11T22:00:00.000-0500,1970.033,1994.921,,2024-01-11T22:00:00.000-0500,4,1,2024,2024-01-11,2021.2043999999999,-39.424088,0.0
2024-01-11T23:00:00.000-0500,1821.142,1847.749,,2024-01-11T23:00:00.000-0500,4,1,2024,2024-01-11,2168.3764,-42.367528,0.0
2024-01-12T00:00:00.000-0500,1708.115,1733.718,,2024-01-12T00:00:00.000-0500,5,1,2024,2024-01-12,2282.4074,-44.648148,0.0
2024-01-12T01:00:00.000-0500,1636.1,1656.864,4106.3945,2024-01-12T01:00:00.000-0500,5,1,2024,2024-01-12,2359.2614,-46.185227999999995,0.0
2024-01-12T02:00:00.000-0500,1592.957,1613.285,,2024-01-12T02:00:00.000-0500,5,1,2024,2024-01-12,2402.8404,-47.056808000000004,0.0
2024-01-12T03:00:00.000-0500,1570.175,1595.426,,2024-01-12T03:00:00.000-0500,5,1,2024,2024-01-12,2420.6994,-47.413988,0.0
2024-01-12T04:00:00.000-0500,1567.791,1602.714,,2024-01-12T04:00:00.000-0500,5,1,2024,2024-01-12,2413.4114,-47.268228,0.0
2024-01-12T05:00:00.000-0500,1611.672,1644.714,,2024-01-12T05:00:00.000-0500,5,1,2024,2024-01-12,2371.4114,-46.428228,0.0
2024-01-12T06:00:00.000-0500,1733.365,1786.493,,2024-01-12T06:00:00.000-0500,5,1,2024,2024-01-12,2229.6324,-43.592648,0.0
2024-01-12T07:00:00.000-0500,1933.7,1978.234,,2024-01-12T07:00:00.000-0500,5,1,2024,2024-01-12,2037.8914,-39.757828,0.0
2024-01-12T08:00:00.000-0500,2048.479,2068.294,,2024-01-12T08:00:00.000-0500,5,1,2024,2024-01-12,1947.8314,-37.956628,0.0
2024-01-12T09:00:00.000-0500,2014.421,1956.289,,2024-01-12T09:00:00.000-0500,5,1,2024,2024-01-12,2059.8364,-40.196728,0.0
2024-01-12T10:00:00.000-0500,1874.075,1812.034,,2024-01-12T10:00:00.000-0500,5,1,2024,2024-01-12,2204.0914,-43.081827999999994,0.0
2024-01-12T11:00:00.000-0500,1761.273,1701.663,,2024-01-12T11:00:00.000-0500,5,1,2024,2024-01-12,2314.4624,-45.289248,0.0
2024-01-12T12:00:00.000-0500,1689.965,1689.972,,2024-01-12T12:00:00.000-0500,5,1,2024,2024-01-12,2326.1534,-45.523068,0.0
2024-01-12T13:00:00.000-0500,1661.319,1632.687,,2024-01-12T13:00:00.000-0500,5,1,2024,2024-01-12,2383.4384,-46.668768,0.0
2024-01-12T14:00:00.000-0500,1685.487,1632.691,,2024-01-12T14:00:00.000-0500,5,1,2024,2024-01-12,2383.4344,-46.668688,0.0
2024-01-12T15:00:00.000-0500,1747.223,1783.331,,2024-01-12T15:00:00.000-0500,5,1,2024,2024-01-12,2232.7943999999998,-43.655888,0.0
2024-01-12T16:00:00.000-0500,1867.41,1944.365,,2024-01-12T16:00:00.000-0500,5,1,2024,2024-01-12,2071.7604,-40.435208,0.0
2024-01-12T17:00:00.000-0500,2022.682,2138.014,,2024-01-12T17:00:00.000-0500,5,1,2024,2024-01-12,1878.1113999999998,-36.562228,0.0
2024-01-12T18:00:00.000-0500,2126.694,2251.852,,2024-01-12T18:00:00.000-0500,5,1,2024,2024-01-12,1764.2734,-34.285468,0.0
2024-01-12T19:00:00.000-0500,2104.633,2190.517,,2024-01-12T19:00:00.000-0500,5,1,2024,2024-01-12,1825.6084,-35.512168,0.0
2024-01-12T20:00:00.000-0500,2046.51,2125.967,,2024-01-12T20:00:00.000-0500,5,1,2024,2024-01-12,1890.1583999999998,-36.803168,0.0
2024-01-12T21:00:00.000-0500,1979.057,2021.803,,2024-01-12T21:00:00.000-0500,5,1,2024,2024-01-12,1994.3223999999998,-38.886447999999994,0.0
2024-01-12T22:00:00.000-0500,1898.378,1924.263,,2024-01-12T22:00:00.000-0500,5,1,2024,2024-01-12,2091.8624,-40.837248,0.0
2024-01-12T23:00:00.000-0500,1773.643,1809.643,,2024-01-12T23:00:00.000-0500,5,1,2024,2024-01-12,2206.4824,-43.129647999999996,0.0
2024-01-13T00:00:00.000-0500,1668.774,1703.77,,2024-01-13T00:00:00.000-0500,6,1,2024,2024-01-13,2312.3554,-45.247108,0.0
2024-01-07T01:00:00.000-0500,1672.248,1727.753,4036.6506,2024-01-07T01:00:00.000-0500,7,1,2024,2024-01-07,2308.8976000000002,-45.177952000000005,0.0
2024-01-07T02:00:00.000-0500,1609.312,1689.038,,2024-01-07T02:00:00.000-0500,7,1,2024,2024-01-07,2347.6126,-45.952252,0.0
2024-01-07T03:00:00.000-0500,1577.764,1614.902,,2024-01-07T03:00:00.000-0500,7,1,2024,2024-01-07,2421.7486,-47.434972,0.0
2024-01-07T04:00:00.000-0500,1563.082,1586.159,,2024-01-07T04:00:00.000-0500,7,1,2024,2024-01-07,2450.4916,-48.009831999999996,0.0
2024-01-07T05:00:00.000-0500,1571.588,1640.645,,2024-01-07T05:00:00.000-0500,7,1,2024,2024-01-07,2396.0056,-46.920112,0.0
2024-01-07T06:00:00.000-0500,1607.533,1662.554,,2024-01-07T06:00:00.000-0500,7,1,2024,2024-01-07,2374.0966,-46.481932,0.0
2024-01-07T07:00:00.000-0500,1659.369,1725.357,,2024-01-07T07:00:00.000-0500,7,1,2024,2024-01-07,2311.2936,-45.225872,0.0
2024-01-07T08:00:00.000-0500,1739.374,1768.953,,2024-01-07T08:00:00.000-0500,7,1,2024,2024-01-07,2267.6976,-44.353952,0.0
2024-01-07T09:00:00.000-0500,1836.878,1939.27,,2024-01-07T09:00:00.000-0500,7,1,2024,2024-01-07,2097.3806,-40.947612,0.0
2024-01-07T10:00:00.000-0500,1943.87,2014.367,,2024-01-07T10:00:00.000-0500,7,1,2024,2024-01-07,2022.2836,-39.445672,0.0
2024-01-07T11:00:00.000-0500,2042.904,2222.702,,2024-01-07T11:00:00.000-0500,7,1,2024,2024-01-07,1813.9485999999997,-35.278971999999996,0.0
2024-01-07T12:00:00.000-0500,2136.337,2254.272,,2024-01-07T12:00:00.000-0500,7,1,2024,2024-01-07,1782.3786,-34.647572000000004,0.0
2024-01-07T13:00:00.000-0500,2195.643,2343.236,,2024-01-07T13:00:00.000-0500,7,1,2024,2024-01-07,1693.4146,-32.868292000000004,0.0
2024-01-07T14:00:00.000-0500,2192.951,2302.006,,2024-01-07T14:00:00.000-0500,7,1,2024,2024-01-07,1734.6446,-33.692892,0.0
2024-01-07T15:00:00.000-0500,2171.489,2325.255,,2024-01-07T15:00:00.000-0500,7,1,2024,2024-01-07,1711.3955999999998,-33.227911999999996,0.0
2024-01-07T16:00:00.000-0500,2159.989,2314.516,,2024-01-07T16:00:00.000-0500,7,1,2024,2024-01-07,1722.1345999999999,-33.442692,0.0
2024-01-07T17:00:00.000-0500,2235.985,2329.222,,2024-01-07T17:00:00.000-0500,7,1,2024,2024-01-07,1707.4285999999997,-33.148571999999994,0.0
2024-01-07T18:00:00.000-0500,2343.968,2357.311,,2024-01-07T18:00:00.000-0500,7,1,2024,2024-01-07,1679.3395999999998,-32.586791999999996,0.0
2024-01-07T19:00:00.000-0500,2319.363,2295.039,,2024-01-07T19:00:00.000-0500,7,1,2024,2024-01-07,1741.6115999999997,-33.832232,0.0
2024-01-07T20:00:00.000-0500,2233.752,2235.003,,2024-01-07T20:00:00.000-0500,7,1,2024,2024-01-07,1801.6475999999998,-35.032951999999995,0.0
2024-01-07T21:00:00.000-0500,2131.632,2198.01,,2024-01-07T21:00:00.000-0500,7,1,2024,2024-01-07,1838.6405999999997,-35.772811999999995,0.0
2024-01-07T22:00:00.000-0500,2012.363,2065.793,,2024-01-07T22:00:00.000-0500,7,1,2024,2024-01-07,1970.8575999999998,-38.417151999999994,0.0
2024-01-07T23:00:00.000-0500,1878.804,1944.659,,2024-01-07T23:00:00.000-0500,7,1,2024,2024-01-07,2091.9916,-40.839831999999994,0.0
2024-01-08T00:00:00.000-0500,1765.156,1837.697,,2024-01-08T00:00:00.000-0500,1,1,2024,2024-01-08,2198.9536,-42.979071999999995,0.0
2024-01-08T01:00:00.000-0500,1681.568,1744.347,4106.3945,2024-01-08T01:00:00.000-0500,1,1,2024,2024-01-08,2292.3036,-44.84607200000001,0.0
2024-01-08T02:00:00.000-0500,1638.993,1686.154,,2024-01-08T02:00:00.000-0500,1,1,2024,2024-01-08,2350.4966,-46.009932,0.0
2024-01-08T03:00:00.000-0500,1625.299,1678.984,,2024-01-08T03:00:00.000-0500,1,1,2024,2024-01-08,2357.6666,-46.153332,0.0
2024-01-08T04:00:00.000-0500,1635.817,1688.303,,2024-01-08T04:00:00.000-0500,1,1,2024,2024-01-08,2348.3476,-45.966952,0.0
2024-01-08T05:00:00.000-0500,1684.101,1738.049,,2024-01-08T05:00:00.000-0500,1,1,2024,2024-01-08,2298.6016,-44.972032,0.0
2024-01-08T06:00:00.000-0500,1789.963,1909.11,,2024-01-08T06:00:00.000-0500,1,1,2024,2024-01-08,2127.5406000000003,-41.55081200000001,0.0
2024-01-08T07:00:00.000-0500,1968.514,2189.573,,2024-01-08T07:00:00.000-0500,1,1,2024,2024-01-08,1847.0776,-35.941552,0.0
2024-01-08T08:00:00.000-0500,2110.955,2268.028,,2024-01-08T08:00:00.000-0500,1,1,2024,2024-01-08,1768.6226000000001,-34.372452,0.0
2024-01-08T09:00:00.000-0500,2200.463,2213.905,,2024-01-08T09:00:00.000-0500,1,1,2024,2024-01-08,1822.7455999999997,-35.45491199999999,0.0
2024-01-08T10:00:00.000-0500,2208.842,2122.678,,2024-01-08T10:00:00.000-0500,1,1,2024,2024-01-08,1913.9726,-37.279452,0.0
2024-01-08T11:00:00.000-0500,2197.499,2263.468,,2024-01-08T11:00:00.000-0500,1,1,2024,2024-01-08,1773.1826,-34.463652,0.0
2024-01-08T12:00:00.000-0500,2182.106,2216.834,,2024-01-08T12:00:00.000-0500,1,1,2024,2024-01-08,1819.8166,-35.396332,0.0
2024-01-08T13:00:00.000-0500,2151.903,2199.277,,2024-01-08T13:00:00.000-0500,1,1,2024,2024-01-08,1837.3736,-35.747472,0.0
2024-01-08T14:00:00.000-0500,2126.006,2143.686,,2024-01-08T14:00:00.000-0500,1,1,2024,2024-01-08,1892.9645999999998,-36.859291999999996,0.0
2024-01-08T15:00:00.000-0500,2113.869,2168.964,,2024-01-08T15:00:00.000-0500,1,1,2024,2024-01-08,1867.6866,-36.353732,0.0
2024-01-08T16:00:00.000-0500,2131.972,2225.222,,2024-01-08T16:00:00.000-0500,1,1,2024,2024-01-08,1811.4285999999997,-35.22857199999999,0.0
2024-01-08T17:00:00.000-0500,2238.996,2346.929,,2024-01-08T17:00:00.000-0500,1,1,2024,2024-01-08,1689.7215999999999,-32.794432,0.0
2024-01-08T18:00:00.000-0500,2353.483,2478.015,,2024-01-08T18:00:00.000-0500,1,1,2024,2024-01-08,1558.6356,-30.172712,0.0
2024-01-08T19:00:00.000-0500,2342.559,2438.567,,2024-01-08T19:00:00.000-0500,1,1,2024,2024-01-08,1598.0836,-30.961672,0.0
2024-01-08T20:00:00.000-0500,2297.432,2384.349,,2024-01-08T20:00:00.000-0500,1,1,2024,2024-01-08,1652.3015999999998,-32.046032,0.0
2024-01-08T21:00:00.000-0500,2216.508,2275.884,,2024-01-08T21:00:00.000-0500,1,1,2024,2024-01-08,1760.7666,-34.215332,0.0
2024-01-08T22:00:00.000-0500,2110.646,2158.347,,2024-01-08T22:00:00.000-0500,1,1,2024,2024-01-08,1878.3035999999997,-36.566072,0.0
2024-01-08T23:00:00.000-0500,1975.741,2019.948,,2024-01-08T23:00:00.000-0500,1,1,2024,2024-01-08,2016.7025999999998,-39.334052,0.0
2024-01-09T00:00:00.000-0500,1856.085,1898.752,,2024-01-09T00:00:00.000-0500,2,1,2024,2024-01-09,2137.8986,-41.757972,0.0
2024-01-09T01:00:00.000-0500,1782.284,1814.549,4106.3945,2024-01-09T01:00:00.000-0500,2,1,2024,2024-01-09,2222.1016,-43.442032,0.0
2024-01-09T02:00:00.000-0500,1748.083,1770.767,,2024-01-09T02:00:00.000-0500,2,1,2024,2024-01-09,2265.8836,-44.317672,0.0
2024-01-09T03:00:00.000-0500,1733.623,1769.418,,2024-01-09T03:00:00.000-0500,2,1,2024,2024-01-09,2267.2326000000003,-44.344652,0.0
2024-01-09T04:00:00.000-0500,1748.246,1763.32,,2024-01-09T04:00:00.000-0500,2,1,2024,2024-01-09,2273.3306000000002,-44.466612000000005,0.0
2024-01-09T05:00:00.000-0500,1797.225,1841.124,,2024-01-09T05:00:00.000-0500,2,1,2024,2024-01-09,2195.5266,-42.910532,0.0
2024-01-09T06:00:00.000-0500,1924.833,1960.568,,2024-01-09T06:00:00.000-0500,2,1,2024,2024-01-09,2076.0825999999997,-40.521651999999996,0.0
2024-01-09T07:00:00.000-0500,2122.961,2129.47,,2024-01-09T07:00:00.000-0500,2,1,2024,2024-01-09,1907.1806000000001,-37.143612000000005,0.0
2024-01-09T08:00:00.000-0500,2249.214,2266.233,,2024-01-09T08:00:00.000-0500,2,1,2024,2024-01-09,1770.4175999999998,-34.408351999999994,0.0
2024-01-09T09:00:00.000-0500,2283.618,2327.466,,2024-01-09T09:00:00.000-0500,2,1,2024,2024-01-09,1709.1846,-33.183692,0.0
2024-01-09T10:00:00.000-0500,2293.893,2362.709,,2024-01-09T10:00:00.000-0500,2,1,2024,2024-01-09,1673.9416,-32.478832000000004,0.0
2024-01-09T11:00:00.000-0500,2301.425,2444.342,,2024-01-09T11:00:00.000-0500,2,1,2024,2024-01-09,1592.3085999999998,-30.846172,0.0
2024-01-09T12:00:00.000-0500,2298.523,2457.802,,2024-01-09T12:00:00.000-0500,2,1,2024,2024-01-09,1578.8485999999998,-30.576971999999998,0.0
2024-01-09T13:00:00.000-0500,2285.095,2413.408,,2024-01-09T13:00:00.000-0500,2,1,2024,2024-01-09,1623.2426,-31.464852,0.0
2024-01-09T14:00:00.000-0500,2270.218,2429.253,,2024-01-09T14:00:00.000-0500,2,1,2024,2024-01-09,1607.3975999999998,-31.147951999999997,0.0
2024-01-09T15:00:00.000-0500,2243.706,2384.471,,2024-01-09T15:00:00.000-0500,2,1,2024,2024-01-09,1652.1796,-32.043592,0.0
2024-01-09T16:00:00.000-0500,2267.868,2387.391,,2024-01-09T16:00:00.000-0500,2,1,2024,2024-01-09,1649.2595999999999,-31.985191999999998,0.0
2024-01-09T17:00:00.000-0500,2340.875,2454.085,,2024-01-09T17:00:00.000-0500,2,1,2024,2024-01-09,1582.5656,-30.651311999999997,0.0
2024-01-09T18:00:00.000-0500,2394.17,2517.519,,2024-01-09T18:00:00.000-0500,2,1,2024,2024-01-09,1519.1316000000002,-29.382632000000005,0.0
2024-01-09T19:00:00.000-0500,2361.193,2436.236,,2024-01-09T19:00:00.000-0500,2,1,2024,2024-01-09,1600.4146,-31.008292000000004,0.0
2024-01-09T20:00:00.000-0500,2292.965,2329.284,,2024-01-09T20:00:00.000-0500,2,1,2024,2024-01-09,1707.3665999999998,-33.147332,0.0
2024-01-09T21:00:00.000-0500,2191.481,2202.53,,2024-01-09T21:00:00.000-0500,2,1,2024,2024-01-09,1834.1205999999997,-35.68241199999999,0.0
2024-01-09T22:00:00.000-0500,2055.465,2025.445,,2024-01-09T22:00:00.000-0500,2,1,2024,2024-01-09,2011.2056,-39.224112,0.0
2024-01-09T23:00:00.000-0500,1892.27,1898.24,,2024-01-09T23:00:00.000-0500,2,1,2024,2024-01-09,2138.4106,-41.768212000000005,0.0
2024-01-10T00:00:00.000-0500,1758.79,1759.24,,2024-01-10T00:00:00.000-0500,3,1,2024,2024-01-10,2277.4106,-44.54821200000001,0.0
2024-01-10T01:00:00.000-0500,1664.731,1687.232,4106.3945,2024-01-10T01:00:00.000-0500,3,1,2024,2024-01-10,2349.4186,-45.988372,0.0
2024-01-10T02:00:00.000-0500,1609.869,1614.714,,2024-01-10T02:00:00.000-0500,3,1,2024,2024-01-10,2421.9366,-47.438732,0.0
2024-01-10T03:00:00.000-0500,1578.04,1569.4,,2024-01-10T03:00:00.000-0500,3,1,2024,2024-01-10,2467.2506,-48.345012,0.0
2024-01-10T04:00:00.000-0500,1562.901,1581.849,,2024-01-10T04:00:00.000-0500,3,1,2024,2024-01-10,2454.8016,-48.096031999999994,0.0
2024-01-10T05:00:00.000-0500,1587.86,1592.555,,2024-01-10T05:00:00.000-0500,3,1,2024,2024-01-10,2444.0955999999996,-47.88191199999999,0.0
2024-01-10T06:00:00.000-0500,1700.89,1683.008,,2024-01-10T06:00:00.000-0500,3,1,2024,2024-01-10,2353.6426,-46.072852000000005,0.0
2024-01-10T07:00:00.000-0500,1878.125,1896.459,,2024-01-10T07:00:00.000-0500,3,1,2024,2024-01-10,2140.1916,-41.803832,0.0
2024-01-10T08:00:00.000-0500,1982.436,2021.157,,2024-01-10T08:00:00.000-0500,3,1,2024,2024-01-10,2015.4936,-39.309872,0.0
2024-01-10T09:00:00.000-0500,1987.827,2075.758,,2024-01-10T09:00:00.000-0500,3,1,2024,2024-01-10,1960.8926000000001,-38.217852,0.0
2024-01-10T10:00:00.000-0500,1933.485,2064.875,,2024-01-10T10:00:00.000-0500,3,1,2024,2024-01-10,1971.7756,-38.435512,0.0
2024-01-10T11:00:00.000-0500,1906.77,1963.312,,2024-01-10T11:00:00.000-0500,3,1,2024,2024-01-10,2073.3386,-40.466772,0.0
2024-01-10T12:00:00.000-0500,1920.329,1938.468,,2024-01-10T12:00:00.000-0500,3,1,2024,2024-01-10,2098.1826,-40.963652,0.0
2024-01-10T13:00:00.000-0500,1953.307,1873.262,,2024-01-10T13:00:00.000-0500,3,1,2024,2024-01-10,2163.3886,-42.26777200000001,0.0
2024-01-10T14:00:00.000-0500,1867.702,1878.471,,2024-01-10T14:00:00.000-0500,3,1,2024,2024-01-10,2158.1796,-42.163592,0.0
2024-01-10T15:00:00.000-0500,1897.355,1939.182,,2024-01-10T15:00:00.000-0500,3,1,2024,2024-01-10,2097.4686,-40.949372000000004,0.0
2024-01-10T16:00:00.000-0500,2002.284,2012.173,,2024-01-10T16:00:00.000-0500,3,1,2024,2024-01-10,2024.4776,-39.489551999999996,0.0
2024-01-10T17:00:00.000-0500,2122.191,2206.46,,2024-01-10T17:00:00.000-0500,3,1,2024,2024-01-10,1830.1906,-35.603812,0.0
2024-01-10T18:00:00.000-0500,2220.264,2311.125,,2024-01-10T18:00:00.000-0500,3,1,2024,2024-01-10,1725.5256,-33.510512,0.0
2024-01-10T19:00:00.000-0500,2193.706,2274.823,,2024-01-10T19:00:00.000-0500,3,1,2024,2024-01-10,1761.8276,-34.236552,0.0
2024-01-10T20:00:00.000-0500,2124.684,2188.483,,2024-01-10T20:00:00.000-0500,3,1,2024,2024-01-10,1848.1675999999998,-35.96335199999999,0.0
2024-01-10T21:00:00.000-0500,2038.124,2104.449,,2024-01-10T21:00:00.000-0500,3,1,2024,2024-01-10,1932.2015999999999,-37.644031999999996,0.0
2024-01-10T22:00:00.000-0500,1925.642,2000.676,,2024-01-10T22:00:00.000-0500,3,1,2024,2024-01-10,2035.9746,-39.719492,0.0
2024-01-10T23:00:00.000-0500,1790.17,1836.909,,2024-01-10T23:00:00.000-0500,3,1,2024,2024-01-10,2199.7416,-42.994831999999995,0.0
2024-01-11T00:00:00.000-0500,1665.125,1728.582,,2024-01-11T00:00:00.000-0500,4,1,2024,2024-01-11,2308.0685999999996,-45.16137199999999,0.0
2024-01-11T01:00:00.000-0500,1606.814,1650.048,4106.3945,2024-01-11T01:00:00.000-0500,4,1,2024,2024-01-11,2386.6026,-46.732052,0.0
2024-01-11T02:00:00.000-0500,1554.89,1605.714,,2024-01-11T02:00:00.000-0500,4,1,2024,2024-01-11,2430.9366,-47.618732,0.0
2024-01-11T03:00:00.000-0500,1537.014,1588.597,,2024-01-11T03:00:00.000-0500,4,1,2024,2024-01-11,2448.0536,-47.961072,0.0
2024-01-11T04:00:00.000-0500,1534.506,1600.34,,2024-01-11T04:00:00.000-0500,4,1,2024,2024-01-11,2436.3106,-47.726212,0.0
2024-01-11T05:00:00.000-0500,1584.001,1639.431,,2024-01-11T05:00:00.000-0500,4,1,2024,2024-01-11,2397.2196,-46.944392,0.0
2024-01-11T06:00:00.000-0500,1707.979,1758.191,,2024-01-11T06:00:00.000-0500,4,1,2024,2024-01-11,2278.4596,-44.569192,0.0
2024-01-11T07:00:00.000-0500,1911.458,1960.292,,2024-01-11T07:00:00.000-0500,4,1,2024,2024-01-11,2076.3586,-40.527172,0.0
2024-01-11T08:00:00.000-0500,2040.632,2073.579,,2024-01-11T08:00:00.000-0500,4,1,2024,2024-01-11,1963.0715999999998,-38.261432,0.0
2024-01-11T09:00:00.000-0500,2052.073,1981.974,,2024-01-11T09:00:00.000-0500,4,1,2024,2024-01-11,2054.6766,-40.093531999999996,0.0
2024-01-11T10:00:00.000-0500,1979.322,1859.42,,2024-01-11T10:00:00.000-0500,4,1,2024,2024-01-11,2177.2306,-42.544612,0.0
2024-01-11T11:00:00.000-0500,1917.58,1868.638,,2024-01-11T11:00:00.000-0500,4,1,2024,2024-01-11,2168.0126,-42.360252,0.0
2024-01-11T12:00:00.000-0500,1896.054,1878.999,,2024-01-11T12:00:00.000-0500,4,1,2024,2024-01-11,2157.6516,-42.153032,0.0
2024-01-11T13:00:00.000-0500,1981.869,1918.043,,2024-01-11T13:00:00.000-0500,4,1,2024,2024-01-11,2118.6076000000003,-41.37215200000001,0.0
2024-01-11T14:00:00.000-0500,2038.436,2002.167,,2024-01-11T14:00:00.000-0500,4,1,2024,2024-01-11,2034.4836,-39.689672,0.0
2024-01-11T15:00:00.000-0500,2029.755,2096.327,,2024-01-11T15:00:00.000-0500,4,1,2024,2024-01-11,1940.3235999999997,-37.80647199999999,0.0
2024-01-11T16:00:00.000-0500,2050.217,2163.236,,2024-01-11T16:00:00.000-0500,4,1,2024,2024-01-11,1873.4146,-36.468292000000005,0.0
2024-01-11T17:00:00.000-0500,2139.566,2169.378,,2024-01-11T17:00:00.000-0500,4,1,2024,2024-01-11,1867.2725999999998,-36.345451999999995,0.0
2024-01-11T18:00:00.000-0500,2240.671,2290.582,,2024-01-11T18:00:00.000-0500,4,1,2024,2024-01-11,1746.0686,-33.921372000000005,0.0
2024-01-11T19:00:00.000-0500,2217.778,2253.885,,2024-01-11T19:00:00.000-0500,4,1,2024,2024-01-11,1782.7655999999997,-34.655311999999995,0.0
2024-01-11T20:00:00.000-0500,2157.269,2192.862,,2024-01-11T20:00:00.000-0500,4,1,2024,2024-01-11,1843.7885999999999,-35.875772,0.0
2024-01-11T21:00:00.000-0500,2076.961,2100.987,,2024-01-11T21:00:00.000-0500,4,1,2024,2024-01-11,1935.6635999999999,-37.713271999999996,0.0
2024-01-11T22:00:00.000-0500,1970.033,1994.921,,2024-01-11T22:00:00.000-0500,4,1,2024,2024-01-11,2041.7296,-39.834592,0.0
2024-01-11T23:00:00.000-0500,1821.142,1847.749,,2024-01-11T23:00:00.000-0500,4,1,2024,2024-01-11,2188.9016,-42.778032,0.0
2024-01-12T00:00:00.000-0500,1708.115,1733.718,,2024-01-12T00:00:00.000-0500,5,1,2024,2024-01-12,2302.9326,-45.058652,0.0
2024-01-12T01:00:00.000-0500,1636.1,1656.864,4106.3945,2024-01-12T01:00:00.000-0500,5,1,2024,2024-01-12,2379.7866,-46.595732,0.0
2024-01-12T02:00:00.000-0500,1592.957,1613.285,,2024-01-12T02:00:00.000-0500,5,1,2024,2024-01-12,2423.3656,-47.467312,0.0
2024-01-12T03:00:00.000-0500,1570.175,1595.426,,2024-01-12T03:00:00.000-0500,5,1,2024,2024-01-12,2441.2246,-47.824492,0.0
2024-01-12T04:00:00.000-0500,1567.791,1602.714,,2024-01-12T04:00:00.000-0500,5,1,2024,2024-01-12,2433.9366,-47.678732000000004,0.0
2024-01-12T05:00:00.000-0500,1611.672,1644.714,,2024-01-12T05:00:00.000-0500,5,1,2024,2024-01-12,2391.9366,-46.838732,0.0
2024-01-12T06:00:00.000-0500,1733.365,1786.493,,2024-01-12T06:00:00.000-0500,5,1,2024,2024-01-12,2250.1576,-44.003152,0.0
2024-01-12T07:00:00.000-0500,1933.7,1978.234,,2024-01-12T07:00:00.000-0500,5,1,2024,2024-01-12,2058.4166,-40.168332,0.0
2024-01-12T08:00:00.000-0500,2048.479,2068.294,,2024-01-12T08:00:00.000-0500,5,1,2024,2024-01-12,1968.3566,-38.367132000000005,0.0
2024-01-12T09:00:00.000-0500,2014.421,1956.289,,2024-01-12T09:00:00.000-0500,5,1,2024,2024-01-12,2080.3616,-40.607232,0.0
2024-01-12T10:00:00.000-0500,1874.075,1812.034,,2024-01-12T10:00:00.000-0500,5,1,2024,2024-01-12,2224.6166,-43.492332,0.0
2024-01-12T11:00:00.000-0500,1761.273,1701.663,,2024-01-12T11:00:00.000-0500,5,1,2024,2024-01-12,2334.9876,-45.699752,0.0
2024-01-12T12:00:00.000-0500,1689.965,1689.972,,2024-01-12T12:00:00.000-0500,5,1,2024,2024-01-12,2346.6786,-45.933572000000005,0.0
2024-01-12T13:00:00.000-0500,1661.319,1632.687,,2024-01-12T13:00:00.000-0500,5,1,2024,2024-01-12,2403.9636,-47.079272,0.0
2024-01-12T14:00:00.000-0500,1685.487,1632.691,,2024-01-12T14:00:00.000-0500,5,1,2024,2024-01-12,2403.9596,-47.079192000000006,0.0
2024-01-12T15:00:00.000-0500,1747.223,1783.331,,2024-01-12T15:00:00.000-0500,5,1,2024,2024-01-12,2253.3196,-44.066392,0.0
2024-01-12T16:00:00.000-0500,1867.41,1944.365,,2024-01-12T16:00:00.000-0500,5,1,2024,2024-01-12,2092.2856,-40.845712000000006,0.0
2024-01-12T17:00:00.000-0500,2022.682,2138.014,,2024-01-12T17:00:00.000-0500,5,1,2024,2024-01-12,1898.6365999999998,-36.972732,0.0
2024-01-12T18:00:00.000-0500,2126.694,2251.852,,2024-01-12T18:00:00.000-0500,5,1,2024,2024-01-12,1784.7986,-34.695972000000005,0.0
2024-01-12T19:00:00.000-0500,2104.633,2190.517,,2024-01-12T19:00:00.000-0500,5,1,2024,2024-01-12,1846.1336000000001,-35.922672000000006,0.0
2024-01-12T20:00:00.000-0500,2046.51,2125.967,,2024-01-12T20:00:00.000-0500,5,1,2024,2024-01-12,1910.6835999999998,-37.213671999999995,0.0
2024-01-12T21:00:00.000-0500,1979.057,2021.803,,2024-01-12T21:00:00.000-0500,5,1,2024,2024-01-12,2014.8475999999998,-39.296952,0.0
2024-01-12T22:00:00.000-0500,1898.378,1924.263,,2024-01-12T22:00:00.000-0500,5,1,2024,2024-01-12,2112.3876,-41.247752,0.0
2024-01-12T23:00:00.000-0500,1773.643,1809.643,,2024-01-12T23:00:00.000-0500,5,1,2024,2024-01-12,2227.0076,-43.540152,0.0
2024-01-13T00:00:00.000-0500,1668.774,1703.77,,2024-01-13T00:00:00.000-0500,6,1,2024,2024-01-13,2332.8806,-45.657612,0.0
2024-01-13T01:00:00.000-0500,1591.531,1641.788,4106.3945,2024-01-13T01:00:00.000-0500,6,1,2024,2024-01-13,2394.8626,-46.897252,0.0
2024-01-13T02:00:00.000-0500,1545.854,1591.697,,2024-01-13T02:00:00.000-0500,6,1,2024,2024-01-13,2444.9536,-47.899072,0.0
2024-01-13T03:00:00.000-0500,1515.544,1537.747,,2024-01-13T03:00:00.000-0500,6,1,2024,2024-01-13,2498.9035999999996,-48.978072,0.0
2024-01-13T04:00:00.000-0500,1503.403,1515.673,,2024-01-13T04:00:00.000-0500,6,1,2024,2024-01-13,2520.9776,-49.419552,0.0
2024-01-13T05:00:00.000-0500,1513.561,1557.453,,2024-01-13T05:00:00.000-0500,6,1,2024,2024-01-13,2479.1976,-48.583952000000004,0.0
2024-01-13T06:00:00.000-0500,1552.177,1553.428,,2024-01-13T06:00:00.000-0500,6,1,2024,2024-01-13,2483.2226,-48.664452000000004,0.0
2024-01-13T07:00:00.000-0500,1616.152,1611.729,,2024-01-13T07:00:00.000-0500,6,1,2024,2024-01-13,2424.9215999999997,-47.498431999999994,0.0
2024-01-13T08:00:00.000-0500,1689.808,1738.421,,2024-01-13T08:00:00.000-0500,6,1,2024,2024-01-13,2298.2295999999997,-44.964591999999996,0.0
2024-01-13T09:00:00.000-0500,1784.312,1771.804,,2024-01-13T09:00:00.000-0500,6,1,2024,2024-01-13,2264.8466,-44.296932,0.0
2024-01-13T10:00:00.000-0500,1867.393,1833.565,,2024-01-13T10:00:00.000-0500,6,1,2024,2024-01-13,2203.0856,-43.061712,0.0
2024-01-13T11:00:00.000-0500,1904.056,1880.492,,2024-01-13T11:00:00.000-0500,6,1,2024,2024-01-13,2156.1585999999998,-42.123172,0.0
2024-01-13T12:00:00.000-0500,1889.396,1869.843,,2024-01-13T12:00:00.000-0500,6,1,2024,2024-01-13,2166.8076,-42.336152000000006,0.0
2024-01-13T13:00:00.000-0500,1800.756,1734.411,,2024-01-13T13:00:00.000-0500,6,1,2024,2024-01-13,2302.2396,-45.044792,0.0
2024-01-13T14:00:00.000-0500,1719.932,1729.888,,2024-01-13T14:00:00.000-0500,6,1,2024,2024-01-13,2306.7626,-45.135252,0.0
2024-01-13T15:00:00.000-0500,1770.881,1761.633,,2024-01-13T15:00:00.000-0500,6,1,2024,2024-01-13,2275.0176,-44.50035200000001,0.0
2024-01-13T16:00:00.000-0500,1817.872,1810.758,,2024-01-13T16:00:00.000-0500,6,1,2024,2024-01-13,2225.8926,-43.517852000000005,0.0
2024-01-13T17:00:00.000-0500,1909.57,1933.896,,2024-01-13T17:00:00.000-0500,6,1,2024,2024-01-13,2102.7546,-41.055092,0.0
2024-01-13T18:00:00.000-0500,1995.509,2056.739,,2024-01-13T18:00:00.000-0500,6,1,2024,2024-01-13,1979.9116,-38.598231999999996,0.0
2024-01-13T19:00:00.000-0500,1975.64,2022.26,,2024-01-13T19:00:00.000-0500,6,1,2024,2024-01-13,2014.3906,-39.287812,0.0
2024-01-13T20:00:00.000-0500,1921.19,1962.064,,2024-01-13T20:00:00.000-0500,6,1,2024,2024-01-13,2074.5865999999996,-40.49173199999999,0.0
2024-01-13T21:00:00.000-0500,1873.122,1897.297,,2024-01-13T21:00:00.000-0500,6,1,2024,2024-01-13,2139.3536,-41.787072,0.0
2024-01-13T22:00:00.000-0500,1802.487,1819.45,,2024-01-13T22:00:00.000-0500,6,1,2024,2024-01-13,2217.2006,-43.344012000000006,0.0
2024-01-13T23:00:00.000-0500,1726.476,1734.368,,2024-01-13T23:00:00.000-0500,6,1,2024,2024-01-13,2302.2826,-45.045652000000004,0.0
2024-01-14T00:00:00.000-0500,1636.752,1642.344,,2024-01-14T00:00:00.000-0500,7,1,2024,2024-01-14,2394.3066,-46.886131999999996,0.0
2024-01-08T01:00:00.000-0500,1681.568,1744.347,4106.3945,2024-01-08T01:00:00.000-0500,1,1,2024,2024-01-08,2292.3036,-44.84607200000001,0.0
2024-01-08T02:00:00.000-0500,1638.993,1686.154,,2024-01-08T02:00:00.000-0500,1,1,2024,2024-01-08,2350.4966,-46.009932,0.0
2024-01-08T03:00:00.000-0500,1625.299,1678.984,,2024-01-08T03:00:00.000-0500,1,1,2024,2024-01-08,2357.6666,-46.153332,0.0
2024-01-08T04:00:00.000-0500,1635.817,1688.303,,2024-01-08T04:00:00.000-0500,1,1,2024,2024-01-08,2348.3476,-45.966952,0.0
2024-01-08T05:00:00.000-0500,1684.101,1738.049,,2024-01-08T05:00:00.000-0500,1,1,2024,2024-01-08,2298.6016,-44.972032,0.0
2024-01-08T06:00:00.000-0500,1789.963,1909.11,,2024-01-08T06:00:00.000-0500,1,1,2024,2024-01-08,2127.5406000000003,-41.55081200000001,0.0
2024-01-08T07:00:00.000-0500,1968.514,2189.573,,2024-01-08T07:00:00.000-0500,1,1,2024,2024-01-08,1847.0776,-35.941552,0.0
2024-01-08T08:00:00.000-0500,2110.955,2268.028,,2024-01-08T08:00:00.000-0500,1,1,2024,2024-01-08,1768.6226000000001,-34.372452,0.0
2024-01-08T09:00:00.000-0500,2200.463,2213.905,,2024-01-08T09:00:00.000-0500,1,1,2024,2024-01-08,1822.7455999999997,-35.45491199999999,0.0
2024-01-08T10:00:00.000-0500,2208.842,2122.678,,2024-01-08T10:00:00.000-0500,1,1,2024,2024-01-08,1913.9726,-37.279452,0.0
2024-01-08T11:00:00.000-0500,2197.499,2263.468,,2024-01-08T11:00:00.000-0500,1,1,2024,2024-01-08,1773.1826,-34.463652,0.0
2024-01-08T12:00:00.000-0500,2182.106,2216.834,,2024-01-08T12:00:00.000-0500,1,1,2024,2024-01-08,1819.8166,-35.396332,0.0
2024-01-08T13:00:00.000-0500,2151.903,2199.277,,2024-01-08T13:00:00.000-0500,1,1,2024,2024-01-08,1837.3736,-35.747472,0.0
2024-01-08T14:00:00.000-0500,2126.006,2143.686,,2024-01-08T14:00:00.000-0500,1,1,2024,2024-01-08,1892.9645999999998,-36.859291999999996,0.0
2024-01-08T15:00:00.000-0500,2113.869,2168.964,,2024-01-08T15:00:00.000-0500,1,1,2024,2024-01-08,1867.6866,-36.353732,0.0
2024-01-08T16:00:00.000-0500,2131.972,2225.222,,2024-01-08T16:00:00.000-0500,1,1,2024,2024-01-08,1811.4285999999997,-35.22857199999999,0.0
2024-01-08T17:00:00.000-0500,2238.996,2346.929,,2024-01-08T17:00:00.000-0500,1,1,2024,2024-01-08,1689.7215999999999,-32.794432,0.0
2024-01-08T18:00:00.000-0500,2353.483,2478.015,,2024-01-08T18:00:00.000-0500,1,1,2024,2024-01-08,1558.6356,-30.172712,0.0
2024-01-08T19:00:00.000-0500,2342.559,2438.567,,2024-01-08T19:00:00.000-0500,1,1,2024,2024-01-08,1598.0836,-30.961672,0.0
2024-01-08T20:00:00.000-0500,2297.432,2384.349,,2024-01-08T20:00:00.000-0500,1,1,2024,2024-01-08,1652.3015999999998,-32.046032,0.0
2024-01-08T21:00:00.000-0500,2216.508,2275.884,,2024-01-08T21:00:00.000-0500,1,1,2024,2024-01-08,1760.7666,-34.215332,0.0
2024-01-08T22:00:00.000-0500,2110.646,2158.347,,2024-01-08T22:00:00.000-0500,1,1,2024,2024-01-08,1878.3035999999997,-36.566072,0.0
2024-01-08T23:00:00.000-0500,1975.741,2019.948,,2024-01-08T23:00:00.000-0500,1,1,2024,2024-01-08,2016.7025999999998,-39.334052,0.0
2024-01-09T00:00:00.000-0500,1856.085,1898.752,,2024-01-09T00:00:00.000-0500,2,1,2024,2024-01-09,2137.8986,-41.757972,0.0
2024-01-09T01:00:00.000-0500,1782.284,1814.549,4106.3945,2024-01-09T01:00:00.000-0500,2,1,2024,2024-01-09,2222.1016,-43.442032,0.0
2024-01-09T02:00:00.000-0500,1748.083,1770.767,,2024-01-09T02:00:00.000-0500,2,1,2024,2024-01-09,2265.8836,-44.317672,0.0
2024-01-09T03:00:00.000-0500,1733.623,1769.418,,2024-01-09T03:00:00.000-0500,2,1,2024,2024-01-09,2267.2326000000003,-44.344652,0.0
2024-01-09T04:00:00.000-0500,1748.246,1763.32,,2024-01-09T04:00:00.000-0500,2,1,2024,2024-01-09,2273.3306000000002,-44.466612000000005,0.0
2024-01-09T05:00:00.000-0500,1797.225,1841.124,,2024-01-09T05:00:00.000-0500,2,1,2024,2024-01-09,2195.5266,-42.910532,0.0
2024-01-09T06:00:00.000-0500,1924.833,1960.568,,2024-01-09T06:00:00.000-0500,2,1,2024,2024-01-09,2076.0825999999997,-40.521651999999996,0.0
2024-01-09T07:00:00.000-0500,2122.961,2129.47,,2024-01-09T07:00:00.000-0500,2,1,2024,2024-01-09,1907.1806000000001,-37.143612000000005,0.0
2024-01-09T08:00:00.000-0500,2249.214,2266.233,,2024-01-09T08:00:00.000-0500,2,1,2024,2024-01-09,1770.4175999999998,-34.408351999999994,0.0
2024-01-09T09:00:00.000-0500,2283.618,2327.466,,2024-01-09T09:00:00.000-0500,2,1,2024,2024-01-09,1709.1846,-33.183692,0.0
2024-01-09T10:00:00.000-0500,2293.893,2362.709,,2024-01-09T10:00:00.000-0500,2,1,2024,2024-01-09,1673.9416,-32.478832000000004,0.0
2024-01-09T11:00:00.000-0500,2301.425,2444.342,,2024-01-09T11:00:00.000-0500,2,1,2024,2024-01-09,1592.3085999999998,-30.846172,0.0
2024-01-09T12:00:00.000-0500,2298.523,2457.802,,2024-01-09T12:00:00.000-0500,2,1,2024,2024-01-09,1578.8485999999998,-30.576971999999998,0.0
2024-01-09T13:00:00.000-0500,2285.095,2413.408,,2024-01-09T13:00:00.000-0500,2,1,2024,2024-01-09,1623.2426,-31.464852,0.0
2024-01-09T14:00:00.000-0500,2270.218,2429.253,,2024-01-09T14:00:00.000-0500,2,1,2024,2024-01-09,1607.3975999999998,-31.147951999999997,0.0
2024-01-09T15:00:00.000-0500,2243.706,2384.471,,2024-01-09T15:00:00.000-0500,2,1,2024,2024-01-09,1652.1796,-32.043592,0.0
2024-01-09T16:00:00.000-0500,2267.868,2387.391,,2024-01-09T16:00:00.000-0500,2,1,2024,2024-01-09,1649.2595999999999,-31.985191999999998,0.0
2024-01-09T17:00:00.000-0500,2340.875,2454.085,,2024-01-09T17:00:00.000-0500,2,1,2024,2024-01-09,1582.5656,-30.651311999999997,0.0
2024-01-09T18:00:00.000-0500,2394.17,2517.519,,2024-01-09T18:00:00.000-0500,2,1,2024,2024-01-09,1519.1316000000002,-29.382632000000005,0.0
2024-01-09T19:00:00.000-0500,2361.193,2436.236,,2024-01-09T19:00:00.000-0500,2,1,2024,2024-01-09,1600.4146,-31.008292000000004,0.0
2024-01-09T20:00:00.000-0500,2292.965,2329.284,,2024-01-09T20:00:00.000-0500,2,1,2024,2024-01-09,1707.3665999999998,-33.147332,0.0
2024-01-09T21:00:00.000-0500,2191.481,2202.53,,2024-01-09T21:00:00.000-0500,2,1,2024,2024-01-09,1834.1205999999997,-35.68241199999999,0.0
2024-01-09T22:00:00.000-0500,2055.465,2025.445,,2024-01-09T22:00:00.000-0500,2,1,2024,2024-01-09,2011.2056,-39.224112,0.0
2024-01-09T23:00:00.000-0500,1892.27,1898.24,,2024-01-09T23:00:00.000-0500,2,1,2024,2024-01-09,2138.4106,-41.768212000000005,0.0
2024-01-10T00:00:00.000-0500,1758.79,1759.24,,2024-01-10T00:00:00.000-0500,3,1,2024,2024-01-10,2277.4106,-44.54821200000001,0.0
2024-01-10T01:00:00.000-0500,1664.731,1687.232,4106.3945,2024-01-10T01:00:00.000-0500,3,1,2024,2024-01-10,2349.4186,-45.988372,0.0
2024-01-10T02:00:00.000-0500,1609.869,1614.714,,2024-01-10T02:00:00.000-0500,3,1,2024,2024-01-10,2421.9366,-47.438732,0.0
2024-01-10T03:00:00.000-0500,1578.04,1569.4,,2024-01-10T03:00:00.000-0500,3,1,2024,2024-01-10,2467.2506,-48.345012,0.0
2024-01-10T04:00:00.000-0500,1562.901,1581.849,,2024-01-10T04:00:00.000-0500,3,1,2024,2024-01-10,2454.8016,-48.096031999999994,0.0
2024-01-10T05:00:00.000-0500,1587.86,1592.555,,2024-01-10T05:00:00.000-0500,3,1,2024,2024-01-10,2444.0955999999996,-47.88191199999999,0.0
2024-01-10T06:00:00.000-0500,1700.89,1683.008,,2024-01-10T06:00:00.000-0500,3,1,2024,2024-01-10,2353.6426,-46.072852000000005,0.0
2024-01-10T07:00:00.000-0500,1878.125,1896.459,,2024-01-10T07:00:00.000-0500,3,1,2024,2024-01-10,2140.1916,-41.803832,0.0
2024-01-10T08:00:00.000-0500,1982.436,2021.157,,2024-01-10T08:00:00.000-0500,3,1,2024,2024-01-10,2015.4936,-39.309872,0.0
2024-01-10T09:00:00.000-0500,1987.827,2075.758,,2024-01-10T09:00:00.000-0500,3,1,2024,2024-01-10,1960.8926000000001,-38.217852,0.0
2024-01-10T10:00:00.000-0500,1933.485,2064.875,,2024-01-10T10:00:00.000-0500,3,1,2024,2024-01-10,1971.7756,-38.435512,0.0
2024-01-10T11:00:00.000-0500,1906.77,1963.312,,2024-01-10T11:00:00.000-0500,3,1,2024,2024-01-10,2073.3386,-40.466772,0.0
2024-01-10T12:00:00.000-0500,1920.329,1938.468,,2024-01-10T12:00:00.000-0500,3,1,2024,2024-01-10,2098.1826,-40.963652,0.0
2024-01-10T13:00:00.000-0500,1953.307,1873.262,,2024-01-10T13:00:00.000-0500,3,1,2024,2024-01-10,2163.3886,-42.26777200000001,0.0
2024-01-10T14:00:00.000-0500,1867.702,1878.471,,2024-01-10T14:00:00.000-0500,3,1,2024,2024-01-10,2158.1796,-42.163592,0.0
2024-01-10T15:00:00.000-0500,1897.355,1939.182,,2024-01-10T15:00:00.000-0500,3,1,2024,2024-01-10,2097.4686,-40.949372000000004,0.0
2024-01-10T16:00:00.000-0500,2002.284,2012.173,,2024-01-10T16:00:00.000-0500,3,1,2024,2024-01-10,2024.4776,-39.489551999999996,0.0
2024-01-10T17:00:00.000-0500,2122.191,2206.46,,2024-01-10T17:00:00.000-0500,3,1,2024,2024-01-10,1830.1906,-35.603812,0.0
2024-01-10T18:00:00.000-0500,2220.264,2311.125,,2024-01-10T18:00:00.000-0500,3,1,2024,2024-01-10,1725.5256,-33.510512,0.0
2024-01-10T19:00:00.000-0500,2193.706,2274.823,,2024-01-10T19:00:00.000-0500,3,1,2024,2024-01-10,1761.8276,-34.236552,0.0
2024-01-10T20:00:00.000-0500,2124.684,2188.483,,2024-01-10T20:00:00.000-0500,3,1,2024,2024-01-10,1848.1675999999998,-35.96335199999999,0.0
2024-01-10T21:00:00.000-0500,2038.124,2104.449,,2024-01-10T21:00:00.000-0500,3,1,2024,2024-01-10,1932.2015999999999,-37.644031999999996,0.0
2024-01-10T22:00:00.000-0500,1925.642,2000.676,,2024-01-10T22:00:00.000-0500,3,1,2024,2024-01-10,2035.9746,-39.719492,0.0
2024-01-10T23:00:00.000-0500,1790.17,1836.909,,2024-01-10T23:00:00.000-0500,3,1,2024,2024-01-10,2199.7416,-42.994831999999995,0.0
2024-01-11T00:00:00.000-0500,1665.125,1728.582,,2024-01-11T00:00:00.000-0500,4,1,2024,2024-01-11,2308.0685999999996,-45.16137199999999,0.0
2024-01-11T01:00:00.000-0500,1606.814,1650.048,4106.3945,2024-01-11T01:00:00.000-0500,4,1,2024,2024-01-11,2386.6026,-46.732052,0.0
2024-01-11T02:00:00.000-0500,1554.89,1605.714,,2024-01-11T02:00:00.000-0500,4,1,2024,2024-01-11,2430.9366,-47.618732,0.0
2024-01-11T03:00:00.000-0500,1537.014,1588.597,,2024-01-11T03:00:00.000-0500,4,1,2024,2024-01-11,2448.0536,-47.961072,0.0
2024-01-11T04:00:00.000-0500,1534.506,1600.34,,2024-01-11T04:00:00.000-0500,4,1,2024,2024-01-11,2436.3106,-47.726212,0.0
2024-01-11T05:00:00.000-0500,1584.001,1639.431,,2024-01-11T05:00:00.000-0500,4,1,2024,2024-01-11,2397.2196,-46.944392,0.0
2024-01-11T06:00:00.000-0500,1707.979,1758.191,,2024-01-11T06:00:00.000-0500,4,1,2024,2024-01-11,2278.4596,-44.569192,0.0
2024-01-11T07:00:00.000-0500,1911.458,1960.292,,2024-01-11T07:00:00.000-0500,4,1,2024,2024-01-11,2076.3586,-40.527172,0.0
2024-01-11T08:00:00.000-0500,2040.632,2073.579,,2024-01-11T08:00:00.000-0500,4,1,2024,2024-01-11,1963.0715999999998,-38.261432,0.0
2024-01-11T09:00:00.000-0500,2052.073,1981.974,,2024-01-11T09:00:00.000-0500,4,1,2024,2024-01-11,2054.6766,-40.093531999999996,0.0
2024-01-11T10:00:00.000-0500,1979.322,1859.42,,2024-01-11T10:00:00.000-0500,4,1,2024,2024-01-11,2177.2306,-42.544612,0.0
2024-01-11T11:00:00.000-0500,1917.58,1868.638,,2024-01-11T11:00:00.000-0500,4,1,2024,2024-01-11,2168.0126,-42.360252,0.0
2024-01-11T12:00:00.000-0500,1896.054,1878.999,,2024-01-11T12:00:00.000-0500,4,1,2024,2024-01-11,2157.6516,-42.153032,0.0
2024-01-11T13:00:00.000-0500,1981.869,1918.043,,2024-01-11T13:00:00.000-0500,4,1,2024,2024-01-11,2118.6076000000003,-41.37215200000001,0.0
2024-01-11T14:00:00.000-0500,2038.436,2002.167,,2024-01-11T14:00:00.000-0500,4,1,2024,2024-01-11,2034.4836,-39.689672,0.0
2024-01-11T15:00:00.000-0500,2029.755,2096.327,,2024-01-11T15:00:00.000-0500,4,1,2024,2024-01-11,1940.3235999999997,-37.80647199999999,0.0
2024-01-11T16:00:00.000-0500,2050.217,2163.236,,2024-01-11T16:00:00.000-0500,4,1,2024,2024-01-11,1873.4146,-36.468292000000005,0.0
2024-01-11T17:00:00.000-0500,2139.566,2169.378,,2024-01-11T17:00:00.000-0500,4,1,2024,2024-01-11,1867.2725999999998,-36.345451999999995,0.0
2024-01-11T18:00:00.000-0500,2240.671,2290.582,,2024-01-11T18:00:00.000-0500,4,1,2024,2024-01-11,1746.0686,-33.921372000000005,0.0
2024-01-11T19:00:00.000-0500,2217.778,2253.885,,2024-01-11T19:00:00.000-0500,4,1,2024,2024-01-11,1782.7655999999997,-34.655311999999995,0.0
2024-01-11T20:00:00.000-0500,2157.269,2192.862,,2024-01-11T20:00:00.000-0500,4,1,2024,2024-01-11,1843.7885999999999,-35.875772,0.0
2024-01-11T21:00:00.000-0500,2076.961,2100.987,,2024-01-11T21:00:00.000-0500,4,1,2024,2024-01-11,1935.6635999999999,-37.713271999999996,0.0
2024-01-11T22:00:00.000-0500,1970.033,1994.921,,2024-01-11T22:00:00.000-0500,4,1,2024,2024-01-11,2041.7296,-39.834592,0.0
2024-01-11T23:00:00.000-0500,1821.142,1847.749,,2024-01-11T23:00:00.000-0500,4,1,2024,2024-01-11,2188.9016,-42.778032,0.0
2024-01-12T00:00:00.000-0500,1708.115,1733.718,,2024-01-12T00:00:00.000-0500,5,1,2024,2024-01-12,2302.9326,-45.058652,0.0
2024-01-12T01:00:00.000-0500,1636.1,1656.864,4106.3945,2024-01-12T01:00:00.000-0500,5,1,2024,2024-01-12,2379.7866,-46.595732,0.0
2024-01-12T02:00:00.000-0500,1592.957,1613.285,,2024-01-12T02:00:00.000-0500,5,1,2024,2024-01-12,2423.3656,-47.467312,0.0
2024-01-12T03:00:00.000-0500,1570.175,1595.426,,2024-01-12T03:00:00.000-0500,5,1,2024,2024-01-12,2441.2246,-47.824492,0.0
2024-01-12T04:00:00.000-0500,1567.791,1602.714,,2024-01-12T04:00:00.000-0500,5,1,2024,2024-01-12,2433.9366,-47.678732000000004,0.0
2024-01-12T05:00:00.000-0500,1611.672,1644.714,,2024-01-12T05:00:00.000-0500,5,1,2024,2024-01-12,2391.9366,-46.838732,0.0
2024-01-12T06:00:00.000-0500,1733.365,1786.493,,2024-01-12T06:00:00.000-0500,5,1,2024,2024-01-12,2250.1576,-44.003152,0.0
2024-01-12T07:00:00.000-0500,1933.7,1978.234,,2024-01-12T07:00:00.000-0500,5,1,2024,2024-01-12,2058.4166,-40.168332,0.0
2024-01-12T08:00:00.000-0500,2048.479,2068.294,,2024-01-12T08:00:00.000-0500,5,1,2024,2024-01-12,1968.3566,-38.367132000000005,0.0
2024-01-12T09:00:00.000-0500,2014.421,1956.289,,2024-01-12T09:00:00.000-0500,5,1,2024,2024-01-12,2080.3616,-40.607232,0.0
2024-01-12T10:00:00.000-0500,1874.075,1812.034,,2024-01-12T10:00:00.000-0500,5,1,2024,2024-01-12,2224.6166,-43.492332,0.0
2024-01-12T11:00:00.000-0500,1761.273,1701.663,,2024-01-12T11:00:00.000-0500,5,1,2024,2024-01-12,2334.9876,-45.699752,0.0
2024-01-12T12:00:00.000-0500,1689.965,1689.972,,2024-01-12T12:00:00.000-0500,5,1,2024,2024-01-12,2346.6786,-45.933572000000005,0.0
2024-01-12T13:00:00.000-0500,1661.319,1632.687,,2024-01-12T13:00:00.000-0500,5,1,2024,2024-01-12,2403.9636,-47.079272,0.0
2024-01-12T14:00:00.000-0500,1685.487,1632.691,,2024-01-12T14:00:00.000-0500,5,1,2024,2024-01-12,2403.9596,-47.079192000000006,0.0
2024-01-12T15:00:00.000-0500,1747.223,1783.331,,2024-01-12T15:00:00.000-0500,5,1,2024,2024-01-12,2253.3196,-44.066392,0.0
2024-01-12T16:00:00.000-0500,1867.41,1944.365,,2024-01-12T16:00:00.000-0500,5,1,2024,2024-01-12,2092.2856,-40.845712000000006,0.0
2024-01-12T17:00:00.000-0500,2022.682,2138.014,,2024-01-12T17:00:00.000-0500,5,1,2024,2024-01-12,1898.6365999999998,-36.972732,0.0
2024-01-12T18:00:00.000-0500,2126.694,2251.852,,2024-01-12T18:00:00.000-0500,5,1,2024,2024-01-12,1784.7986,-34.695972000000005,0.0
2024-01-12T19:00:00.000-0500,2104.633,2190.517,,2024-01-12T19:00:00.000-0500,5,1,2024,2024-01-12,1846.1336000000001,-35.922672000000006,0.0
2024-01-12T20:00:00.000-0500,2046.51,2125.967,,2024-01-12T20:00:00.000-0500,5,1,2024,2024-01-12,1910.6835999999998,-37.213671999999995,0.0
2024-01-12T21:00:00.000-0500,1979.057,2021.803,,2024-01-12T21:00:00.000-0500,5,1,2024,2024-01-12,2014.8475999999998,-39.296952,0.0
2024-01-12T22:00:00.000-0500,1898.378,1924.263,,2024-01-12T22:00:00.000-0500,5,1,2024,2024-01-12,2112.3876,-41.247752,0.0
2024-01-12T23:00:00.000-0500,1773.643,1809.643,,2024-01-12T23:00:00.000-0500,5,1,2024,2024-01-12,2227.0076,-43.540152,0.0
2024-01-13T00:00:00.000-0500,1668.774,1703.77,,2024-01-13T00:00:00.000-0500,6,1,2024,2024-01-13,2332.8806,-45.657612,0.0
2024-01-13T01:00:00.000-0500,1591.531,1641.788,4106.3945,2024-01-13T01:00:00.000-0500,6,1,2024,2024-01-13,2394.8626,-46.897252,0.0
2024-01-13T02:00:00.000-0500,1545.854,1591.697,,2024-01-13T02:00:00.000-0500,6,1,2024,2024-01-13,2444.9536,-47.899072,0.0
2024-01-13T03:00:00.000-0500,1515.544,1537.747,,2024-01-13T03:00:00.000-0500,6,1,2024,2024-01-13,2498.9035999999996,-48.978072,0.0
2024-01-13T04:00:00.000-0500,1503.403,1515.673,,2024-01-13T04:00:00.000-0500,6,1,2024,2024-01-13,2520.9776,-49.419552,0.0
2024-01-13T05:00:00.000-0500,1513.561,1557.453,,2024-01-13T05:00:00.000-0500,6,1,2024,2024-01-13,2479.1976,-48.583952000000004,0.0
2024-01-13T06:00:00.000-0500,1552.177,1553.428,,2024-01-13T06:00:00.000-0500,6,1,2024,2024-01-13,2483.2226,-48.664452000000004,0.0
2024-01-13T07:00:00.000-0500,1616.152,1611.729,,2024-01-13T07:00:00.000-0500,6,1,2024,2024-01-13,2424.9215999999997,-47.498431999999994,0.0
2024-01-13T08:00:00.000-0500,1689.808,1738.421,,2024-01-13T08:00:00.000-0500,6,1,2024,2024-01-13,2298.2295999999997,-44.964591999999996,0.0
2024-01-13T09:00:00.000-0500,1784.312,1771.804,,2024-01-13T09:00:00.000-0500,6,1,2024,2024-01-13,2264.8466,-44.296932,0.0
2024-01-13T10:00:00.000-0500,1867.393,1833.565,,2024-01-13T10:00:00.000-0500,6,1,2024,2024-01-13,2203.0856,-43.061712,0.0
2024-01-13T11:00:00.000-0500,1904.056,1880.492,,2024-01-13T11:00:00.000-0500,6,1,2024,2024-01-13,2156.1585999999998,-42.123172,0.0
2024-01-13T12:00:00.000-0500,1889.396,1869.843,,2024-01-13T12:00:00.000-0500,6,1,2024,2024-01-13,2166.8076,-42.336152000000006,0.0
2024-01-13T13:00:00.000-0500,1800.756,1734.411,,2024-01-13T13:00:00.000-0500,6,1,2024,2024-01-13,2302.2396,-45.044792,0.0
2024-01-13T14:00:00.000-0500,1719.932,1729.888,,2024-01-13T14:00:00.000-0500,6,1,2024,2024-01-13,2306.7626,-45.135252,0.0
2024-01-13T15:00:00.000-0500,1770.881,1761.633,,2024-01-13T15:00:00.000-0500,6,1,2024,2024-01-13,2275.0176,-44.50035200000001,0.0
2024-01-13T16:00:00.000-0500,1817.872,1810.758,,2024-01-13T16:00:00.000-0500,6,1,2024,2024-01-13,2225.8926,-43.517852000000005,0.0
2024-01-13T17:00:00.000-0500,1909.57,1933.896,,2024-01-13T17:00:00.000-0500,6,1,2024,2024-01-13,2102.7546,-41.055092,0.0
2024-01-13T18:00:00.000-0500,1995.509,2056.739,,2024-01-13T18:00:00.000-0500,6,1,2024,2024-01-13,1979.9116,-38.598231999999996,0.0
2024-01-13T19:00:00.000-0500,1975.64,2022.26,,2024-01-13T19:00:00.000-0500,6,1,2024,2024-01-13,2014.3906,-39.287812,0.0
2024-01-13T20:00:00.000-0500,1921.19,1962.064,,2024-01-13T20:00:00.000-0500,6,1,2024,2024-01-13,2074.5865999999996,-40.49173199999999,0.0
2024-01-13T21:00:00.000-0500,1873.122,1897.297,,2024-01-13T21:00:00.000-0500,6,1,2024,2024-01-13,2139.3536,-41.787072,0.0
2024-01-13T22:00:00.000-0500,1802.487,1819.45,,2024-01-13T22:00:00.000-0500,6,1,2024,2024-01-13,2217.2006,-43.344012000000006,0.0
2024-01-13T23:00:00.000-0500,1726.476,1734.368,,2024-01-13T23:00:00.000-0500,6,1,2024,2024-01-13,2302.2826,-45.045652000000004,0.0
2024-01-14T00:00:00.000-0500,1636.752,1642.344,,2024-01-14T00:00:00.000-0500,7,1,2024,2024-01-14,2394.3066,-46.886131999999996,0.0
2024-01-14T01:00:00.000-0500,1575.322,1552.735,4106.3945,2024-01-14T01:00:00.000-0500,7,1,2024,2024-01-14,2483.9156000000003,-48.678312000000005,0.0
2024-01-14T02:00:00.000-0500,1535.646,1541.768,,2024-01-14T02:00:00.000-0500,7,1,2024,2024-01-14,2494.8826,-48.897652,0.0
2024-01-14T03:00:00.000-0500,1509.627,1523.392,,2024-01-14T03:00:00.000-0500,7,1,2024,2024-01-14,2513.2586,-49.26517200000001,0.0
2024-01-14T04:00:00.000-0500,1501.663,1529.327,,2024-01-14T04:00:00.000-0500,7,1,2024,2024-01-14,2507.3235999999997,-49.146471999999996,0.0
2024-01-14T05:00:00.000-0500,1523.024,1543.951,,2024-01-14T05:00:00.000-0500,7,1,2024,2024-01-14,2492.6996,-48.853992,0.0
2024-01-14T06:00:00.000-0500,1563.995,1580.081,,2024-01-14T06:00:00.000-0500,7,1,2024,2024-01-14,2456.5696,-48.131392,0.0
2024-01-14T07:00:00.000-0500,1640.257,1605.85,,2024-01-14T07:00:00.000-0500,7,1,2024,2024-01-14,2430.8006,-47.616012000000005,0.0
2024-01-14T08:00:00.000-0500,1713.173,1687.402,,2024-01-14T08:00:00.000-0500,7,1,2024,2024-01-14,2349.2486,-45.984972,0.0
2024-01-14T09:00:00.000-0500,1731.507,1683.197,,2024-01-14T09:00:00.000-0500,7,1,2024,2024-01-14,2353.4536,-46.069072,0.0
2024-01-14T10:00:00.000-0500,1681.96,1637.723,,2024-01-14T10:00:00.000-0500,7,1,2024,2024-01-14,2398.9276,-46.978552,0.0
2024-01-14T11:00:00.000-0500,1716.247,1598.677,,2024-01-14T11:00:00.000-0500,7,1,2024,2024-01-14,2437.9736000000003,-47.75947200000001,0.0
2024-01-14T12:00:00.000-0500,1759.18,1697.566,,2024-01-14T12:00:00.000-0500,7,1,2024,2024-01-14,2339.0846,-45.78169200000001,0.0
2024-01-14T13:00:00.000-0500,1866.62,1791.207,,2024-01-14T13:00:00.000-0500,7,1,2024,2024-01-14,2245.4435999999996,-43.908871999999995,0.0
2024-01-14T14:00:00.000-0500,1921.139,1942.567,,2024-01-14T14:00:00.000-0500,7,1,2024,2024-01-14,2094.0836,-40.881672,0.0
2024-01-14T15:00:00.000-0500,1961.117,1976.966,,2024-01-14T15:00:00.000-0500,7,1,2024,2024-01-14,2059.6846,-40.193692,0.0
2024-01-14T16:00:00.000-0500,2016.604,2038.73,,2024-01-14T16:00:00.000-0500,7,1,2024,2024-01-14,1997.9206,-38.958412,0.0
2024-01-14T17:00:00.000-0500,2134.247,2119.939,,2024-01-14T17:00:00.000-0500,7,1,2024,2024-01-14,1916.7116,-37.334232,0.0
2024-01-14T18:00:00.000-0500,2236.008,2241.018,,2024-01-14T18:00:00.000-0500,7,1,2024,2024-01-14,1795.6326,-34.912652,0.0
2024-01-14T19:00:00.000-0500,2222.802,2194.366,,2024-01-14T19:00:00.000-0500,7,1,2024,2024-01-14,1842.2846,-35.845692,0.0
2024-01-14T20:00:00.000-0500,2164.029,2141.594,,2024-01-14T20:00:00.000-0500,7,1,2024,2024-01-14,1895.0566,-36.901132,0.0
2024-01-14T21:00:00.000-0500,2101.815,2057.645,,2024-01-14T21:00:00.000-0500,7,1,2024,2024-01-14,1979.0056,-38.580112,0.0
2024-01-14T22:00:00.000-0500,2022.445,1969.671,,2024-01-14T22:00:00.000-0500,7,1,2024,2024-01-14,2066.9795999999997,-40.339591999999996,0.0
2024-01-14T23:00:00.000-0500,1912.745,1868.721,,2024-01-14T23:00:00.000-0500,7,1,2024,2024-01-14,2167.9296,-42.358592,0.0
2024-01-15T00:00:00.000-0500,1824.116,1750.498,,2024-01-15T00:00:00.000-0500,1,1,2024,2024-01-15,2286.1526,-44.723051999999996,0.0
2024-01-09T01:00:00.000-0500,1782.284,1814.549,4106.3945,2024-01-09T01:00:00.000-0500,2,1,2024,2024-01-09,2291.8455000000004,-44.83691000000001,0.0
2024-01-09T02:00:00.000-0500,1748.083,1770.767,,2024-01-09T02:00:00.000-0500,2,1,2024,2024-01-09,2335.6275000000005,-45.712550000000014,0.0
2024-01-09T03:00:00.000-0500,1733.623,1769.418,,2024-01-09T03:00:00.000-0500,2,1,2024,2024-01-09,2336.9765000000007,-45.739530000000016,0.0
2024-01-09T04:00:00.000-0500,1748.246,1763.32,,2024-01-09T04:00:00.000-0500,2,1,2024,2024-01-09,2343.0745000000006,-45.86149000000001,0.0
2024-01-09T05:00:00.000-0500,1797.225,1841.124,,2024-01-09T05:00:00.000-0500,2,1,2024,2024-01-09,2265.2705000000005,-44.30541000000001,0.0
2024-01-09T06:00:00.000-0500,1924.833,1960.568,,2024-01-09T06:00:00.000-0500,2,1,2024,2024-01-09,2145.8265,-41.91653,0.0
2024-01-09T07:00:00.000-0500,2122.961,2129.47,,2024-01-09T07:00:00.000-0500,2,1,2024,2024-01-09,1976.9245000000005,-38.53849000000001,0.0
2024-01-09T08:00:00.000-0500,2249.214,2266.233,,2024-01-09T08:00:00.000-0500,2,1,2024,2024-01-09,1840.1615000000002,-35.803230000000006,0.0
2024-01-09T09:00:00.000-0500,2283.618,2327.466,,2024-01-09T09:00:00.000-0500,2,1,2024,2024-01-09,1778.9285000000004,-34.578570000000006,0.0
2024-01-09T10:00:00.000-0500,2293.893,2362.709,,2024-01-09T10:00:00.000-0500,2,1,2024,2024-01-09,1743.6855000000005,-33.87371000000001,0.0
2024-01-09T11:00:00.000-0500,2301.425,2444.342,,2024-01-09T11:00:00.000-0500,2,1,2024,2024-01-09,1662.0525000000002,-32.24105000000001,0.0
2024-01-09T12:00:00.000-0500,2298.523,2457.802,,2024-01-09T12:00:00.000-0500,2,1,2024,2024-01-09,1648.5925000000002,-31.971850000000003,0.0
2024-01-09T13:00:00.000-0500,2285.095,2413.408,,2024-01-09T13:00:00.000-0500,2,1,2024,2024-01-09,1692.9865000000004,-32.859730000000006,0.0
2024-01-09T14:00:00.000-0500,2270.218,2429.253,,2024-01-09T14:00:00.000-0500,2,1,2024,2024-01-09,1677.1415000000002,-32.54283,0.0
2024-01-09T15:00:00.000-0500,2243.706,2384.471,,2024-01-09T15:00:00.000-0500,2,1,2024,2024-01-09,1721.9235000000003,-33.43847000000001,0.0
2024-01-09T16:00:00.000-0500,2267.868,2387.391,,2024-01-09T16:00:00.000-0500,2,1,2024,2024-01-09,1719.0035000000003,-33.38007,0.0
2024-01-09T17:00:00.000-0500,2340.875,2454.085,,2024-01-09T17:00:00.000-0500,2,1,2024,2024-01-09,1652.3095000000003,-32.04619000000001,0.0
2024-01-09T18:00:00.000-0500,2394.17,2517.519,,2024-01-09T18:00:00.000-0500,2,1,2024,2024-01-09,1588.8755000000006,-30.77751000000001,0.0
2024-01-09T19:00:00.000-0500,2361.193,2436.236,,2024-01-09T19:00:00.000-0500,2,1,2024,2024-01-09,1670.1585000000005,-32.40317000000001,0.0
2024-01-09T20:00:00.000-0500,2292.965,2329.284,,2024-01-09T20:00:00.000-0500,2,1,2024,2024-01-09,1777.1105000000002,-34.542210000000004,0.0
2024-01-09T21:00:00.000-0500,2191.481,2202.53,,2024-01-09T21:00:00.000-0500,2,1,2024,2024-01-09,1903.8645000000001,-37.077290000000005,0.0
2024-01-09T22:00:00.000-0500,2055.465,2025.445,,2024-01-09T22:00:00.000-0500,2,1,2024,2024-01-09,2080.9495000000006,-40.61899000000001,0.0
2024-01-09T23:00:00.000-0500,1892.27,1898.24,,2024-01-09T23:00:00.000-0500,2,1,2024,2024-01-09,2208.1545000000006,-43.16309000000001,0.0
2024-01-10T00:00:00.000-0500,1758.79,1759.24,,2024-01-10T00:00:00.000-0500,3,1,2024,2024-01-10,2347.1545000000006,-45.94309000000001,0.0
2024-01-10T01:00:00.000-0500,1664.731,1687.232,4106.3945,2024-01-10T01:00:00.000-0500,3,1,2024,2024-01-10,2419.1625000000004,-47.38325000000001,0.0
2024-01-10T02:00:00.000-0500,1609.869,1614.714,,2024-01-10T02:00:00.000-0500,3,1,2024,2024-01-10,2491.6805000000004,-48.83361000000001,0.0
2024-01-10T03:00:00.000-0500,1578.04,1569.4,,2024-01-10T03:00:00.000-0500,3,1,2024,2024-01-10,2536.9945000000002,-49.73989,0.0
2024-01-10T04:00:00.000-0500,1562.901,1581.849,,2024-01-10T04:00:00.000-0500,3,1,2024,2024-01-10,2524.5455,-49.49091000000001,0.0
2024-01-10T05:00:00.000-0500,1587.86,1592.555,,2024-01-10T05:00:00.000-0500,3,1,2024,2024-01-10,2513.8395,-49.276790000000005,0.0
2024-01-10T06:00:00.000-0500,1700.89,1683.008,,2024-01-10T06:00:00.000-0500,3,1,2024,2024-01-10,2423.3865000000005,-47.46773000000001,0.0
2024-01-10T07:00:00.000-0500,1878.125,1896.459,,2024-01-10T07:00:00.000-0500,3,1,2024,2024-01-10,2209.9355000000005,-43.19871000000001,0.0
2024-01-10T08:00:00.000-0500,1982.436,2021.157,,2024-01-10T08:00:00.000-0500,3,1,2024,2024-01-10,2085.2375,-40.704750000000004,0.0
2024-01-10T09:00:00.000-0500,1987.827,2075.758,,2024-01-10T09:00:00.000-0500,3,1,2024,2024-01-10,2030.6365000000005,-39.61273000000001,0.0
2024-01-10T10:00:00.000-0500,1933.485,2064.875,,2024-01-10T10:00:00.000-0500,3,1,2024,2024-01-10,2041.5195000000003,-39.83039000000001,0.0
2024-01-10T11:00:00.000-0500,1906.77,1963.312,,2024-01-10T11:00:00.000-0500,3,1,2024,2024-01-10,2143.0825000000004,-41.86165000000001,0.0
2024-01-10T12:00:00.000-0500,1920.329,1938.468,,2024-01-10T12:00:00.000-0500,3,1,2024,2024-01-10,2167.9265000000005,-42.35853000000001,0.0
2024-01-10T13:00:00.000-0500,1953.307,1873.262,,2024-01-10T13:00:00.000-0500,3,1,2024,2024-01-10,2233.1325000000006,-43.66265000000001,0.0
2024-01-10T14:00:00.000-0500,1867.702,1878.471,,2024-01-10T14:00:00.000-0500,3,1,2024,2024-01-10,2227.9235000000003,-43.55847000000001,0.0
2024-01-10T15:00:00.000-0500,1897.355,1939.182,,2024-01-10T15:00:00.000-0500,3,1,2024,2024-01-10,2167.2125000000005,-42.34425000000001,0.0
2024-01-10T16:00:00.000-0500,2002.284,2012.173,,2024-01-10T16:00:00.000-0500,3,1,2024,2024-01-10,2094.2215000000006,-40.88443000000001,0.0
2024-01-10T17:00:00.000-0500,2122.191,2206.46,,2024-01-10T17:00:00.000-0500,3,1,2024,2024-01-10,1899.9345000000003,-36.99869,0.0
2024-01-10T18:00:00.000-0500,2220.264,2311.125,,2024-01-10T18:00:00.000-0500,3,1,2024,2024-01-10,1795.2695000000003,-34.905390000000004,0.0
2024-01-10T19:00:00.000-0500,2193.706,2274.823,,2024-01-10T19:00:00.000-0500,3,1,2024,2024-01-10,1831.5715000000005,-35.63143000000001,0.0
2024-01-10T20:00:00.000-0500,2124.684,2188.483,,2024-01-10T20:00:00.000-0500,3,1,2024,2024-01-10,1917.9115000000002,-37.358230000000006,0.0
2024-01-10T21:00:00.000-0500,2038.124,2104.449,,2024-01-10T21:00:00.000-0500,3,1,2024,2024-01-10,2001.9455000000003,-39.03891000000001,0.0
2024-01-10T22:00:00.000-0500,1925.642,2000.676,,2024-01-10T22:00:00.000-0500,3,1,2024,2024-01-10,2105.7185000000004,-41.11437000000001,0.0
2024-01-10T23:00:00.000-0500,1790.17,1836.909,,2024-01-10T23:00:00.000-0500,3,1,2024,2024-01-10,2269.4855000000002,-44.38971000000001,0.0
2024-01-11T00:00:00.000-0500,1665.125,1728.582,,2024-01-11T00:00:00.000-0500,4,1,2024,2024-01-11,2377.8125,-46.55625,0.0
2024-01-11T01:00:00.000-0500,1606.814,1650.048,4106.3945,2024-01-11T01:00:00.000-0500,4,1,2024,2024-01-11,2456.3465000000006,-48.126930000000016,0.0
2024-01-11T02:00:00.000-0500,1554.89,1605.714,,2024-01-11T02:00:00.000-0500,4,1,2024,2024-01-11,2500.6805000000004,-49.01361000000001,0.0
2024-01-11T03:00:00.000-0500,1537.014,1588.597,,2024-01-11T03:00:00.000-0500,4,1,2024,2024-01-11,2517.7975000000006,-49.355950000000014,0.0
2024-01-11T04:00:00.000-0500,1534.506,1600.34,,2024-01-11T04:00:00.000-0500,4,1,2024,2024-01-11,2506.0545,-49.12109,0.0
2024-01-11T05:00:00.000-0500,1584.001,1639.431,,2024-01-11T05:00:00.000-0500,4,1,2024,2024-01-11,2466.9635000000003,-48.339270000000006,0.0
2024-01-11T06:00:00.000-0500,1707.979,1758.191,,2024-01-11T06:00:00.000-0500,4,1,2024,2024-01-11,2348.2035000000005,-45.964070000000014,0.0
2024-01-11T07:00:00.000-0500,1911.458,1960.292,,2024-01-11T07:00:00.000-0500,4,1,2024,2024-01-11,2146.1025000000004,-41.922050000000006,0.0
2024-01-11T08:00:00.000-0500,2040.632,2073.579,,2024-01-11T08:00:00.000-0500,4,1,2024,2024-01-11,2032.8155000000002,-39.656310000000005,0.0
2024-01-11T09:00:00.000-0500,2052.073,1981.974,,2024-01-11T09:00:00.000-0500,4,1,2024,2024-01-11,2124.4205,-41.48841,0.0
2024-01-11T10:00:00.000-0500,1979.322,1859.42,,2024-01-11T10:00:00.000-0500,4,1,2024,2024-01-11,2246.9745000000003,-43.939490000000006,0.0
2024-01-11T11:00:00.000-0500,1917.58,1868.638,,2024-01-11T11:00:00.000-0500,4,1,2024,2024-01-11,2237.7565000000004,-43.75513000000001,0.0
2024-01-11T12:00:00.000-0500,1896.054,1878.999,,2024-01-11T12:00:00.000-0500,4,1,2024,2024-01-11,2227.3955000000005,-43.54791000000001,0.0
2024-01-11T13:00:00.000-0500,1981.869,1918.043,,2024-01-11T13:00:00.000-0500,4,1,2024,2024-01-11,2188.3515000000007,-42.76703000000001,0.0
2024-01-11T14:00:00.000-0500,2038.436,2002.167,,2024-01-11T14:00:00.000-0500,4,1,2024,2024-01-11,2104.2275000000004,-41.08455000000001,0.0
2024-01-11T15:00:00.000-0500,2029.755,2096.327,,2024-01-11T15:00:00.000-0500,4,1,2024,2024-01-11,2010.0675,-39.201350000000005,0.0
2024-01-11T16:00:00.000-0500,2050.217,2163.236,,2024-01-11T16:00:00.000-0500,4,1,2024,2024-01-11,1943.1585000000005,-37.86317000000001,0.0
2024-01-11T17:00:00.000-0500,2139.566,2169.378,,2024-01-11T17:00:00.000-0500,4,1,2024,2024-01-11,1937.0165000000002,-37.74033000000001,0.0
2024-01-11T18:00:00.000-0500,2240.671,2290.582,,2024-01-11T18:00:00.000-0500,4,1,2024,2024-01-11,1815.8125000000005,-35.31625000000001,0.0
2024-01-11T19:00:00.000-0500,2217.778,2253.885,,2024-01-11T19:00:00.000-0500,4,1,2024,2024-01-11,1852.5095000000001,-36.05019,0.0
2024-01-11T20:00:00.000-0500,2157.269,2192.862,,2024-01-11T20:00:00.000-0500,4,1,2024,2024-01-11,1913.5325000000003,-37.27065,0.0
2024-01-11T21:00:00.000-0500,2076.961,2100.987,,2024-01-11T21:00:00.000-0500,4,1,2024,2024-01-11,2005.4075000000003,-39.10815000000001,0.0
2024-01-11T22:00:00.000-0500,1970.033,1994.921,,2024-01-11T22:00:00.000-0500,4,1,2024,2024-01-11,2111.4735,-41.22947,0.0
2024-01-11T23:00:00.000-0500,1821.142,1847.749,,2024-01-11T23:00:00.000-0500,4,1,2024,2024-01-11,2258.6455000000005,-44.17291000000001,0.0
2024-01-12T00:00:00.000-0500,1708.115,1733.718,,2024-01-12T00:00:00.000-0500,5,1,2024,2024-01-12,2372.6765000000005,-46.45353000000001,0.0
2024-01-12T01:00:00.000-0500,1636.1,1656.864,4106.3945,2024-01-12T01:00:00.000-0500,5,1,2024,2024-01-12,2449.5305000000003,-47.990610000000004,0.0
2024-01-12T02:00:00.000-0500,1592.957,1613.285,,2024-01-12T02:00:00.000-0500,5,1,2024,2024-01-12,2493.1095000000005,-48.86219000000001,0.0
2024-01-12T03:00:00.000-0500,1570.175,1595.426,,2024-01-12T03:00:00.000-0500,5,1,2024,2024-01-12,2510.9685000000004,-49.21937000000001,0.0
2024-01-12T04:00:00.000-0500,1567.791,1602.714,,2024-01-12T04:00:00.000-0500,5,1,2024,2024-01-12,2503.6805000000004,-49.07361000000001,0.0
2024-01-12T05:00:00.000-0500,1611.672,1644.714,,2024-01-12T05:00:00.000-0500,5,1,2024,2024-01-12,2461.6805000000004,-48.233610000000006,0.0
2024-01-12T06:00:00.000-0500,1733.365,1786.493,,2024-01-12T06:00:00.000-0500,5,1,2024,2024-01-12,2319.9015000000004,-45.398030000000006,0.0
2024-01-12T07:00:00.000-0500,1933.7,1978.234,,2024-01-12T07:00:00.000-0500,5,1,2024,2024-01-12,2128.1605000000004,-41.56321000000001,0.0
2024-01-12T08:00:00.000-0500,2048.479,2068.294,,2024-01-12T08:00:00.000-0500,5,1,2024,2024-01-12,2038.1005000000005,-39.76201000000001,0.0
2024-01-12T09:00:00.000-0500,2014.421,1956.289,,2024-01-12T09:00:00.000-0500,5,1,2024,2024-01-12,2150.1055000000006,-42.00211000000001,0.0
2024-01-12T10:00:00.000-0500,1874.075,1812.034,,2024-01-12T10:00:00.000-0500,5,1,2024,2024-01-12,2294.3605000000002,-44.88721,0.0
2024-01-12T11:00:00.000-0500,1761.273,1701.663,,2024-01-12T11:00:00.000-0500,5,1,2024,2024-01-12,2404.7315000000003,-47.09463000000001,0.0
2024-01-12T12:00:00.000-0500,1689.965,1689.972,,2024-01-12T12:00:00.000-0500,5,1,2024,2024-01-12,2416.4225000000006,-47.32845000000001,0.0
2024-01-12T13:00:00.000-0500,1661.319,1632.687,,2024-01-12T13:00:00.000-0500,5,1,2024,2024-01-12,2473.7075000000004,-48.47415000000001,0.0
2024-01-12T14:00:00.000-0500,1685.487,1632.691,,2024-01-12T14:00:00.000-0500,5,1,2024,2024-01-12,2473.7035000000005,-48.47407000000001,0.0
2024-01-12T15:00:00.000-0500,1747.223,1783.331,,2024-01-12T15:00:00.000-0500,5,1,2024,2024-01-12,2323.0635,-45.461270000000006,0.0
2024-01-12T16:00:00.000-0500,1867.41,1944.365,,2024-01-12T16:00:00.000-0500,5,1,2024,2024-01-12,2162.0295000000006,-42.24059000000001,0.0
2024-01-12T17:00:00.000-0500,2022.682,2138.014,,2024-01-12T17:00:00.000-0500,5,1,2024,2024-01-12,1968.3805000000002,-38.367610000000006,0.0
2024-01-12T18:00:00.000-0500,2126.694,2251.852,,2024-01-12T18:00:00.000-0500,5,1,2024,2024-01-12,1854.5425000000005,-36.09085000000001,0.0
2024-01-12T19:00:00.000-0500,2104.633,2190.517,,2024-01-12T19:00:00.000-0500,5,1,2024,2024-01-12,1915.8775000000005,-37.31755000000001,0.0
2024-01-12T20:00:00.000-0500,2046.51,2125.967,,2024-01-12T20:00:00.000-0500,5,1,2024,2024-01-12,1980.4275000000002,-38.60855000000001,0.0
2024-01-12T21:00:00.000-0500,1979.057,2021.803,,2024-01-12T21:00:00.000-0500,5,1,2024,2024-01-12,2084.5915000000005,-40.69183000000001,0.0
2024-01-12T22:00:00.000-0500,1898.378,1924.263,,2024-01-12T22:00:00.000-0500,5,1,2024,2024-01-12,2182.1315000000004,-42.64263000000001,0.0
2024-01-12T23:00:00.000-0500,1773.643,1809.643,,2024-01-12T23:00:00.000-0500,5,1,2024,2024-01-12,2296.7515000000003,-44.935030000000005,0.0
2024-01-13T00:00:00.000-0500,1668.774,1703.77,,2024-01-13T00:00:00.000-0500,6,1,2024,2024-01-13,2402.6245000000004,-47.052490000000006,0.0
2024-01-13T01:00:00.000-0500,1591.531,1641.788,4106.3945,2024-01-13T01:00:00.000-0500,6,1,2024,2024-01-13,2464.6065000000003,-48.29213000000001,0.0
2024-01-13T02:00:00.000-0500,1545.854,1591.697,,2024-01-13T02:00:00.000-0500,6,1,2024,2024-01-13,2514.6975,-49.29395,0.0
2024-01-13T03:00:00.000-0500,1515.544,1537.747,,2024-01-13T03:00:00.000-0500,6,1,2024,2024-01-13,2568.6475,-50.37295,0.0
2024-01-13T04:00:00.000-0500,1503.403,1515.673,,2024-01-13T04:00:00.000-0500,6,1,2024,2024-01-13,2590.7215000000006,-50.814430000000016,0.0
2024-01-13T05:00:00.000-0500,1513.561,1557.453,,2024-01-13T05:00:00.000-0500,6,1,2024,2024-01-13,2548.9415000000004,-49.97883000000001,0.0
2024-01-13T06:00:00.000-0500,1552.177,1553.428,,2024-01-13T06:00:00.000-0500,6,1,2024,2024-01-13,2552.9665000000005,-50.05933000000001,0.0
2024-01-13T07:00:00.000-0500,1616.152,1611.729,,2024-01-13T07:00:00.000-0500,6,1,2024,2024-01-13,2494.6655,-48.89331,0.0
2024-01-13T08:00:00.000-0500,1689.808,1738.421,,2024-01-13T08:00:00.000-0500,6,1,2024,2024-01-13,2367.9735,-46.35947,0.0
2024-01-13T09:00:00.000-0500,1784.312,1771.804,,2024-01-13T09:00:00.000-0500,6,1,2024,2024-01-13,2334.5905000000002,-45.691810000000004,0.0
2024-01-13T10:00:00.000-0500,1867.393,1833.565,,2024-01-13T10:00:00.000-0500,6,1,2024,2024-01-13,2272.8295000000003,-44.456590000000006,0.0
2024-01-13T11:00:00.000-0500,1904.056,1880.492,,2024-01-13T11:00:00.000-0500,6,1,2024,2024-01-13,2225.9025,-43.51805,0.0
2024-01-13T12:00:00.000-0500,1889.396,1869.843,,2024-01-13T12:00:00.000-0500,6,1,2024,2024-01-13,2236.5515000000005,-43.73103000000001,0.0
2024-01-13T13:00:00.000-0500,1800.756,1734.411,,2024-01-13T13:00:00.000-0500,6,1,2024,2024-01-13,2371.9835000000003,-46.43967000000001,0.0
2024-01-13T14:00:00.000-0500,1719.932,1729.888,,2024-01-13T14:00:00.000-0500,6,1,2024,2024-01-13,2376.5065000000004,-46.53013000000001,0.0
2024-01-13T15:00:00.000-0500,1770.881,1761.633,,2024-01-13T15:00:00.000-0500,6,1,2024,2024-01-13,2344.7615000000005,-45.89523000000001,0.0
2024-01-13T16:00:00.000-0500,1817.872,1810.758,,2024-01-13T16:00:00.000-0500,6,1,2024,2024-01-13,2295.6365000000005,-44.91273000000001,0.0
2024-01-13T17:00:00.000-0500,1909.57,1933.896,,2024-01-13T17:00:00.000-0500,6,1,2024,2024-01-13,2172.4985000000006,-42.449970000000015,0.0
2024-01-13T18:00:00.000-0500,1995.509,2056.739,,2024-01-13T18:00:00.000-0500,6,1,2024,2024-01-13,2049.6555000000003,-39.99311000000001,0.0
2024-01-13T19:00:00.000-0500,1975.64,2022.26,,2024-01-13T19:00:00.000-0500,6,1,2024,2024-01-13,2084.1345,-40.68269,0.0
2024-01-13T20:00:00.000-0500,1921.19,1962.064,,2024-01-13T20:00:00.000-0500,6,1,2024,2024-01-13,2144.3305,-41.886610000000005,0.0
2024-01-13T21:00:00.000-0500,1873.122,1897.297,,2024-01-13T21:00:00.000-0500,6,1,2024,2024-01-13,2209.0975000000003,-43.18195000000001,0.0
2024-01-13T22:00:00.000-0500,1802.487,1819.45,,2024-01-13T22:00:00.000-0500,6,1,2024,2024-01-13,2286.9445000000005,-44.73889000000001,0.0
2024-01-13T23:00:00.000-0500,1726.476,1734.368,,2024-01-13T23:00:00.000-0500,6,1,2024,2024-01-13,2372.0265000000004,-46.44053000000001,0.0
2024-01-14T00:00:00.000-0500,1636.752,1642.344,,2024-01-14T00:00:00.000-0500,7,1,2024,2024-01-14,2464.0505000000003,-48.28101000000001,0.0
2024-01-14T01:00:00.000-0500,1575.322,1552.735,4106.3945,2024-01-14T01:00:00.000-0500,7,1,2024,2024-01-14,2553.6595000000007,-50.07319000000001,0.0
2024-01-14T02:00:00.000-0500,1535.646,1541.768,,2024-01-14T02:00:00.000-0500,7,1,2024,2024-01-14,2564.6265000000003,-50.292530000000006,0.0
2024-01-14T03:00:00.000-0500,1509.627,1523.392,,2024-01-14T03:00:00.000-0500,7,1,2024,2024-01-14,2583.0025000000005,-50.66005000000001,0.0
2024-01-14T04:00:00.000-0500,1501.663,1529.327,,2024-01-14T04:00:00.000-0500,7,1,2024,2024-01-14,2577.0675,-50.54135,0.0
2024-01-14T05:00:00.000-0500,1523.024,1543.951,,2024-01-14T05:00:00.000-0500,7,1,2024,2024-01-14,2562.4435000000003,-50.24887000000001,0.0
2024-01-14T06:00:00.000-0500,1563.995,1580.081,,2024-01-14T06:00:00.000-0500,7,1,2024,2024-01-14,2526.3135,-49.526270000000004,0.0
2024-01-14T07:00:00.000-0500,1640.257,1605.85,,2024-01-14T07:00:00.000-0500,7,1,2024,2024-01-14,2500.5445000000004,-49.01089000000001,0.0
2024-01-14T08:00:00.000-0500,1713.173,1687.402,,2024-01-14T08:00:00.000-0500,7,1,2024,2024-01-14,2418.9925000000003,-47.379850000000005,0.0
2024-01-14T09:00:00.000-0500,1731.507,1683.197,,2024-01-14T09:00:00.000-0500,7,1,2024,2024-01-14,2423.1975,-47.463950000000004,0.0
2024-01-14T10:00:00.000-0500,1681.96,1637.723,,2024-01-14T10:00:00.000-0500,7,1,2024,2024-01-14,2468.6715000000004,-48.373430000000006,0.0
2024-01-14T11:00:00.000-0500,1716.247,1598.677,,2024-01-14T11:00:00.000-0500,7,1,2024,2024-01-14,2507.7175000000007,-49.154350000000015,0.0
2024-01-14T12:00:00.000-0500,1759.18,1697.566,,2024-01-14T12:00:00.000-0500,7,1,2024,2024-01-14,2408.8285000000005,-47.17657000000001,0.0
2024-01-14T13:00:00.000-0500,1866.62,1791.207,,2024-01-14T13:00:00.000-0500,7,1,2024,2024-01-14,2315.1875,-45.30375,0.0
2024-01-14T14:00:00.000-0500,1921.139,1942.567,,2024-01-14T14:00:00.000-0500,7,1,2024,2024-01-14,2163.8275000000003,-42.27655000000001,0.0
2024-01-14T15:00:00.000-0500,1961.117,1976.966,,2024-01-14T15:00:00.000-0500,7,1,2024,2024-01-14,2129.4285000000004,-41.58857000000001,0.0
2024-01-14T16:00:00.000-0500,2016.604,2038.73,,2024-01-14T16:00:00.000-0500,7,1,2024,2024-01-14,2067.6645000000003,-40.35329000000001,0.0
2024-01-14T17:00:00.000-0500,2134.247,2119.939,,2024-01-14T17:00:00.000-0500,7,1,2024,2024-01-14,1986.4555000000005,-38.72911000000001,0.0
2024-01-14T18:00:00.000-0500,2236.008,2241.018,,2024-01-14T18:00:00.000-0500,7,1,2024,2024-01-14,1865.3765000000003,-36.30753000000001,0.0
2024-01-14T19:00:00.000-0500,2222.802,2194.366,,2024-01-14T19:00:00.000-0500,7,1,2024,2024-01-14,1912.0285000000003,-37.240570000000005,0.0
2024-01-14T20:00:00.000-0500,2164.029,2141.594,,2024-01-14T20:00:00.000-0500,7,1,2024,2024-01-14,1964.8005000000003,-38.29601000000001,0.0
2024-01-14T21:00:00.000-0500,2101.815,2057.645,,2024-01-14T21:00:00.000-0500,7,1,2024,2024-01-14,2048.7495000000004,-39.974990000000005,0.0
2024-01-14T22:00:00.000-0500,2022.445,1969.671,,2024-01-14T22:00:00.000-0500,7,1,2024,2024-01-14,2136.7235,-41.73447,0.0
2024-01-14T23:00:00.000-0500,1912.745,1868.721,,2024-01-14T23:00:00.000-0500,7,1,2024,2024-01-14,2237.6735000000003,-43.75347000000001,0.0
2024-01-15T00:00:00.000-0500,1824.116,1750.498,,2024-01-15T00:00:00.000-0500,1,1,2024,2024-01-15,2355.8965000000003,-46.11793000000001,0.0
2024-01-15T01:00:00.000-0500,1751.348,1719.492,4106.3945,2024-01-15T01:00:00.000-0500,1,1,2024,2024-01-15,2386.9025,-46.73805,0.0
2024-01-15T02:00:00.000-0500,1716.696,1667.657,,2024-01-15T02:00:00.000-0500,1,1,2024,2024-01-15,2438.7375,-47.774750000000004,0.0
2024-01-15T03:00:00.000-0500,1700.783,1641.406,,2024-01-15T03:00:00.000-0500,1,1,2024,2024-01-15,2464.9885000000004,-48.29977000000001,0.0
2024-01-15T04:00:00.000-0500,1703.757,1676.234,,2024-01-15T04:00:00.000-0500,1,1,2024,2024-01-15,2430.1605000000004,-47.60321000000001,0.0
2024-01-15T05:00:00.000-0500,1748.458,1797.237,,2024-01-15T05:00:00.000-0500,1,1,2024,2024-01-15,2309.1575000000003,-45.183150000000005,0.0
2024-01-15T06:00:00.000-0500,1867.646,1932.361,,2024-01-15T06:00:00.000-0500,1,1,2024,2024-01-15,2174.0335000000005,-42.48067000000001,0.0
2024-01-15T07:00:00.000-0500,2006.556,2094.722,,2024-01-15T07:00:00.000-0500,1,1,2024,2024-01-15,2011.6725000000001,-39.233450000000005,0.0
2024-01-15T08:00:00.000-0500,2126.23,2203.361,,2024-01-15T08:00:00.000-0500,1,1,2024,2024-01-15,1903.0335000000005,-37.06067000000001,0.0
2024-01-15T09:00:00.000-0500,2155.07,2178.437,,2024-01-15T09:00:00.000-0500,1,1,2024,2024-01-15,1927.9575000000004,-37.55915000000001,0.0
2024-01-15T10:00:00.000-0500,2096.294,2031.348,,2024-01-15T10:00:00.000-0500,1,1,2024,2024-01-15,2075.0465000000004,-40.50093000000001,0.0
2024-01-15T11:00:00.000-0500,2021.073,1898.476,,2024-01-15T11:00:00.000-0500,1,1,2024,2024-01-15,2207.9185,-43.158370000000005,0.0
2024-01-15T12:00:00.000-0500,1950.462,1846.1,,2024-01-15T12:00:00.000-0500,1,1,2024,2024-01-15,2260.2945000000004,-44.20589000000001,0.0
2024-01-15T13:00:00.000-0500,1911.593,1848.783,,2024-01-15T13:00:00.000-0500,1,1,2024,2024-01-15,2257.6115000000004,-44.15223000000001,0.0
2024-01-15T14:00:00.000-0500,1948.283,1919.284,,2024-01-15T14:00:00.000-0500,1,1,2024,2024-01-15,2187.1105000000002,-42.74221000000001,0.0
2024-01-15T15:00:00.000-0500,2029.539,2115.581,,2024-01-15T15:00:00.000-0500,1,1,2024,2024-01-15,1990.8135000000002,-38.81627,0.0
2024-01-15T16:00:00.000-0500,2196.654,2184.114,,2024-01-15T16:00:00.000-0500,1,1,2024,2024-01-15,1922.2805000000003,-37.44561000000001,0.0
2024-01-15T17:00:00.000-0500,2335.735,2379.684,,2024-01-15T17:00:00.000-0500,1,1,2024,2024-01-15,1726.7105000000001,-33.53421,0.0
2024-01-15T18:00:00.000-0500,2427.497,2456.494,,2024-01-15T18:00:00.000-0500,1,1,2024,2024-01-15,1649.9005000000002,-31.998010000000008,0.0
2024-01-15T19:00:00.000-0500,2399.782,2415.184,,2024-01-15T19:00:00.000-0500,1,1,2024,2024-01-15,1691.2105000000001,-32.82421,0.0
2024-01-15T20:00:00.000-0500,2341.576,2332.213,,2024-01-15T20:00:00.000-0500,1,1,2024,2024-01-15,1774.1815000000001,-34.483630000000005,0.0
2024-01-15T21:00:00.000-0500,2262.11,2226.679,,2024-01-15T21:00:00.000-0500,1,1,2024,2024-01-15,1879.7155000000002,-36.59431000000001,0.0
2024-01-15T22:00:00.000-0500,2147.643,2109.764,,2024-01-15T22:00:00.000-0500,1,1,2024,2024-01-15,1996.6305000000002,-38.932610000000004,0.0
2024-01-15T23:00:00.000-0500,1996.489,1992.618,,2024-01-15T23:00:00.000-0500,1,1,2024,2024-01-15,2113.7765000000004,-41.27553000000001,0.0
2024-01-16T00:00:00.000-0500,1865.078,1866.809,,2024-01-16T00:00:00.000-0500,2,1,2024,2024-01-16,2239.5855,-43.79171,0.0
2024-01-10T01:00:00.000-0500,1664.731,1687.232,4106.3945,2024-01-10T01:00:00.000-0500,3,1,2024,2024-01-10,2419.1625000000004,-47.38325000000001,0.0
2024-01-10T02:00:00.000-0500,1609.869,1614.714,,2024-01-10T02:00:00.000-0500,3,1,2024,2024-01-10,2491.6805000000004,-48.83361000000001,0.0
2024-01-10T03:00:00.000-0500,1578.04,1569.4,,2024-01-10T03:00:00.000-0500,3,1,2024,2024-01-10,2536.9945000000002,-49.73989,0.0
2024-01-10T04:00:00.000-0500,1562.901,1581.849,,2024-01-10T04:00:00.000-0500,3,1,2024,2024-01-10,2524.5455,-49.49091000000001,0.0
2024-01-10T05:00:00.000-0500,1587.86,1592.555,,2024-01-10T05:00:00.000-0500,3,1,2024,2024-01-10,2513.8395,-49.276790000000005,0.0
2024-01-10T06:00:00.000-0500,1700.89,1683.008,,2024-01-10T06:00:00.000-0500,3,1,2024,2024-01-10,2423.3865000000005,-47.46773000000001,0.0
2024-01-10T07:00:00.000-0500,1878.125,1896.459,,2024-01-10T07:00:00.000-0500,3,1,2024,2024-01-10,2209.9355000000005,-43.19871000000001,0.0
2024-01-10T08:00:00.000-0500,1982.436,2021.157,,2024-01-10T08:00:00.000-0500,3,1,2024,2024-01-10,2085.2375,-40.704750000000004,0.0
2024-01-10T09:00:00.000-0500,1987.827,2075.758,,2024-01-10T09:00:00.000-0500,3,1,2024,2024-01-10,2030.6365000000005,-39.61273000000001,0.0
2024-01-10T10:00:00.000-0500,1933.485,2064.875,,2024-01-10T10:00:00.000-0500,3,1,2024,2024-01-10,2041.5195000000003,-39.83039000000001,0.0
2024-01-10T11:00:00.000-0500,1906.77,1963.312,,2024-01-10T11:00:00.000-0500,3,1,2024,2024-01-10,2143.0825000000004,-41.86165000000001,0.0
2024-01-10T12:00:00.000-0500,1920.329,1938.468,,2024-01-10T12:00:00.000-0500,3,1,2024,2024-01-10,2167.9265000000005,-42.35853000000001,0.0
2024-01-10T13:00:00.000-0500,1953.307,1873.262,,2024-01-10T13:00:00.000-0500,3,1,2024,2024-01-10,2233.1325000000006,-43.66265000000001,0.0
2024-01-10T14:00:00.000-0500,1867.702,1878.471,,2024-01-10T14:00:00.000-0500,3,1,2024,2024-01-10,2227.9235000000003,-43.55847000000001,0.0
2024-01-10T15:00:00.000-0500,1897.355,1939.182,,2024-01-10T15:00:00.000-0500,3,1,2024,2024-01-10,2167.2125000000005,-42.34425000000001,0.0
2024-01-10T16:00:00.000-0500,2002.284,2012.173,,2024-01-10T16:00:00.000-0500,3,1,2024,2024-01-10,2094.2215000000006,-40.88443000000001,0.0
2024-01-10T17:00:00.000-0500,2122.191,2206.46,,2024-01-10T17:00:00.000-0500,3,1,2024,2024-01-10,1899.9345000000003,-36.99869,0.0
2024-01-10T18:00:00.000-0500,2220.264,2311.125,,2024-01-10T18:00:00.000-0500,3,1,2024,2024-01-10,1795.2695000000003,-34.905390000000004,0.0
2024-01-10T19:00:00.000-0500,2193.706,2274.823,,2024-01-10T19:00:00.000-0500,3,1,2024,2024-01-10,1831.5715000000005,-35.63143000000001,0.0
2024-01-10T20:00:00.000-0500,2124.684,2188.483,,2024-01-10T20:00:00.000-0500,3,1,2024,2024-01-10,1917.9115000000002,-37.358230000000006,0.0
2024-01-10T21:00:00.000-0500,2038.124,2104.449,,2024-01-10T21:00:00.000-0500,3,1,2024,2024-01-10,2001.9455000000003,-39.03891000000001,0.0
2024-01-10T22:00:00.000-0500,1925.642,2000.676,,2024-01-10T22:00:00.000-0500,3,1,2024,2024-01-10,2105.7185000000004,-41.11437000000001,0.0
2024-01-10T23:00:00.000-0500,1790.17,1836.909,,2024-01-10T23:00:00.000-0500,3,1,2024,2024-01-10,2269.4855000000002,-44.38971000000001,0.0
2024-01-11T00:00:00.000-0500,1665.125,1728.582,,2024-01-11T00:00:00.000-0500,4,1,2024,2024-01-11,2377.8125,-46.55625,0.0
2024-01-11T01:00:00.000-0500,1606.814,1650.048,4106.3945,2024-01-11T01:00:00.000-0500,4,1,2024,2024-01-11,2456.3465000000006,-48.126930000000016,0.0
2024-01-11T02:00:00.000-0500,1554.89,1605.714,,2024-01-11T02:00:00.000-0500,4,1,2024,2024-01-11,2500.6805000000004,-49.01361000000001,0.0
2024-01-11T03:00:00.000-0500,1537.014,1588.597,,2024-01-11T03:00:00.000-0500,4,1,2024,2024-01-11,2517.7975000000006,-49.355950000000014,0.0
2024-01-11T04:00:00.000-0500,1534.506,1600.34,,2024-01-11T04:00:00.000-0500,4,1,2024,2024-01-11,2506.0545,-49.12109,0.0
2024-01-11T05:00:00.000-0500,1584.001,1639.431,,2024-01-11T05:00:00.000-0500,4,1,2024,2024-01-11,2466.9635000000003,-48.339270000000006,0.0
2024-01-11T06:00:00.000-0500,1707.979,1758.191,,2024-01-11T06:00:00.000-0500,4,1,2024,2024-01-11,2348.2035000000005,-45.964070000000014,0.0
2024-01-11T07:00:00.000-0500,1911.458,1960.292,,2024-01-11T07:00:00.000-0500,4,1,2024,2024-01-11,2146.1025000000004,-41.922050000000006,0.0
2024-01-11T08:00:00.000-0500,2040.632,2073.579,,2024-01-11T08:00:00.000-0500,4,1,2024,2024-01-11,2032.8155000000002,-39.656310000000005,0.0
2024-01-11T09:00:00.000-0500,2052.073,1981.974,,2024-01-11T09:00:00.000-0500,4,1,2024,2024-01-11,2124.4205,-41.48841,0.0
2024-01-11T10:00:00.000-0500,1979.322,1859.42,,2024-01-11T10:00:00.000-0500,4,1,2024,2024-01-11,2246.9745000000003,-43.939490000000006,0.0
2024-01-11T11:00:00.000-0500,1917.58,1868.638,,2024-01-11T11:00:00.000-0500,4,1,2024,2024-01-11,2237.7565000000004,-43.75513000000001,0.0
2024-01-11T12:00:00.000-0500,1896.054,1878.999,,2024-01-11T12:00:00.000-0500,4,1,2024,2024-01-11,2227.3955000000005,-43.54791000000001,0.0
2024-01-11T13:00:00.000-0500,1981.869,1918.043,,2024-01-11T13:00:00.000-0500,4,1,2024,2024-01-11,2188.3515000000007,-42.76703000000001,0.0
2024-01-11T14:00:00.000-0500,2038.436,2002.167,,2024-01-11T14:00:00.000-0500,4,1,2024,2024-01-11,2104.2275000000004,-41.08455000000001,0.0
2024-01-11T15:00:00.000-0500,2029.755,2096.327,,2024-01-11T15:00:00.000-0500,4,1,2024,2024-01-11,2010.0675,-39.201350000000005,0.0
2024-01-11T16:00:00.000-0500,2050.217,2163.236,,2024-01-11T16:00:00.000-0500,4,1,2024,2024-01-11,1943.1585000000005,-37.86317000000001,0.0
2024-01-11T17:00:00.000-0500,2139.566,2169.378,,2024-01-11T17:00:00.000-0500,4,1,2024,2024-01-11,1937.0165000000002,-37.74033000000001,0.0
2024-01-11T18:00:00.000-0500,2240.671,2290.582,,2024-01-11T18:00:00.000-0500,4,1,2024,2024-01-11,1815.8125000000005,-35.31625000000001,0.0
2024-01-11T19:00:00.000-0500,2217.778,2253.885,,2024-01-11T19:00:00.000-0500,4,1,2024,2024-01-11,1852.5095000000001,-36.05019,0.0
2024-01-11T20:00:00.000-0500,2157.269,2192.862,,2024-01-11T20:00:00.000-0500,4,1,2024,2024-01-11,1913.5325000000003,-37.27065,0.0
2024-01-11T21:00:00.000-0500,2076.961,2100.987,,2024-01-11T21:00:00.000-0500,4,1,2024,2024-01-11,2005.4075000000003,-39.10815000000001,0.0
2024-01-11T22:00:00.000-0500,1970.033,1994.921,,2024-01-11T22:00:00.000-0500,4,1,2024,2024-01-11,2111.4735,-41.22947,0.0
2024-01-11T23:00:00.000-0500,1821.142,1847.749,,2024-01-11T23:00:00.000-0500,4,1,2024,2024-01-11,2258.6455000000005,-44.17291000000001,0.0
2024-01-12T00:00:00.000-0500,1708.115,1733.718,,2024-01-12T00:00:00.000-0500,5,1,2024,2024-01-12,2372.6765000000005,-46.45353000000001,0.0
2024-01-12T01:00:00.000-0500,1636.1,1656.864,4106.3945,2024-01-12T01:00:00.000-0500,5,1,2024,2024-01-12,2449.5305000000003,-47.990610000000004,0.0
2024-01-12T02:00:00.000-0500,1592.957,1613.285,,2024-01-12T02:00:00.000-0500,5,1,2024,2024-01-12,2493.1095000000005,-48.86219000000001,0.0
2024-01-12T03:00:00.000-0500,1570.175,1595.426,,2024-01-12T03:00:00.000-0500,5,1,2024,2024-01-12,2510.9685000000004,-49.21937000000001,0.0
2024-01-12T04:00:00.000-0500,1567.791,1602.714,,2024-01-12T04:00:00.000-0500,5,1,2024,2024-01-12,2503.6805000000004,-49.07361000000001,0.0
2024-01-12T05:00:00.000-0500,1611.672,1644.714,,2024-01-12T05:00:00.000-0500,5,1,2024,2024-01-12,2461.6805000000004,-48.233610000000006,0.0
2024-01-12T06:00:00.000-0500,1733.365,1786.493,,2024-01-12T06:00:00.000-0500,5,1,2024,2024-01-12,2319.9015000000004,-45.398030000000006,0.0
2024-01-12T07:00:00.000-0500,1933.7,1978.234,,2024-01-12T07:00:00.000-0500,5,1,2024,2024-01-12,2128.1605000000004,-41.56321000000001,0.0
2024-01-12T08:00:00.000-0500,2048.479,2068.294,,2024-01-12T08:00:00.000-0500,5,1,2024,2024-01-12,2038.1005000000005,-39.76201000000001,0.0
2024-01-12T09:00:00.000-0500,2014.421,1956.289,,2024-01-12T09:00:00.000-0500,5,1,2024,2024-01-12,2150.1055000000006,-42.00211000000001,0.0
2024-01-12T10:00:00.000-0500,1874.075,1812.034,,2024-01-12T10:00:00.000-0500,5,1,2024,2024-01-12,2294.3605000000002,-44.88721,0.0
2024-01-12T11:00:00.000-0500,1761.273,1701.663,,2024-01-12T11:00:00.000-0500,5,1,2024,2024-01-12,2404.7315000000003,-47.09463000000001,0.0
2024-01-12T12:00:00.000-0500,1689.965,1689.972,,2024-01-12T12:00:00.000-0500,5,1,2024,2024-01-12,2416.4225000000006,-47.32845000000001,0.0
2024-01-12T13:00:00.000-0500,1661.319,1632.687,,2024-01-12T13:00:00.000-0500,5,1,2024,2024-01-12,2473.7075000000004,-48.47415000000001,0.0
2024-01-12T14:00:00.000-0500,1685.487,1632.691,,2024-01-12T14:00:00.000-0500,5,1,2024,2024-01-12,2473.7035000000005,-48.47407000000001,0.0
2024-01-12T15:00:00.000-0500,1747.223,1783.331,,2024-01-12T15:00:00.000-0500,5,1,2024,2024-01-12,2323.0635,-45.461270000000006,0.0
2024-01-12T16:00:00.000-0500,1867.41,1944.365,,2024-01-12T16:00:00.000-0500,5,1,2024,2024-01-12,2162.0295000000006,-42.24059000000001,0.0
2024-01-12T17:00:00.000-0500,2022.682,2138.014,,2024-01-12T17:00:00.000-0500,5,1,2024,2024-01-12,1968.3805000000002,-38.367610000000006,0.0
2024-01-12T18:00:00.000-0500,2126.694,2251.852,,2024-01-12T18:00:00.000-0500,5,1,2024,2024-01-12,1854.5425000000005,-36.09085000000001,0.0
2024-01-12T19:00:00.000-0500,2104.633,2190.517,,2024-01-12T19:00:00.000-0500,5,1,2024,2024-01-12,1915.8775000000005,-37.31755000000001,0.0
2024-01-12T20:00:00.000-0500,2046.51,2125.967,,2024-01-12T20:00:00.000-0500,5,1,2024,2024-01-12,1980.4275000000002,-38.60855000000001,0.0
2024-01-12T21:00:00.000-0500,1979.057,2021.803,,2024-01-12T21:00:00.000-0500,5,1,2024,2024-01-12,2084.5915000000005,-40.69183000000001,0.0
2024-01-12T22:00:00.000-0500,1898.378,1924.263,,2024-01-12T22:00:00.000-0500,5,1,2024,2024-01-12,2182.1315000000004,-42.64263000000001,0.0
2024-01-12T23:00:00.000-0500,1773.643,1809.643,,2024-01-12T23:00:00.000-0500,5,1,2024,2024-01-12,2296.7515000000003,-44.935030000000005,0.0
2024-01-13T00:00:00.000-0500,1668.774,1703.77,,2024-01-13T00:00:00.000-0500,6,1,2024,2024-01-13,2402.6245000000004,-47.052490000000006,0.0
2024-01-13T01:00:00.000-0500,1591.531,1641.788,4106.3945,2024-01-13T01:00:00.000-0500,6,1,2024,2024-01-13,2464.6065000000003,-48.29213000000001,0.0
2024-01-13T02:00:00.000-0500,1545.854,1591.697,,2024-01-13T02:00:00.000-0500,6,1,2024,2024-01-13,2514.6975,-49.29395,0.0
2024-01-13T03:00:00.000-0500,1515.544,1537.747,,2024-01-13T03:00:00.000-0500,6,1,2024,2024-01-13,2568.6475,-50.37295,0.0
2024-01-13T04:00:00.000-0500,1503.403,1515.673,,2024-01-13T04:00:00.000-0500,6,1,2024,2024-01-13,2590.7215000000006,-50.814430000000016,0.0
2024-01-13T05:00:00.000-0500,1513.561,1557.453,,2024-01-13T05:00:00.000-0500,6,1,2024,2024-01-13,2548.9415000000004,-49.97883000000001,0.0
2024-01-13T06:00:00.000-0500,1552.177,1553.428,,2024-01-13T06:00:00.000-0500,6,1,2024,2024-01-13,2552.9665000000005,-50.05933000000001,0.0
2024-01-13T07:00:00.000-0500,1616.152,1611.729,,2024-01-13T07:00:00.000-0500,6,1,2024,2024-01-13,2494.6655,-48.89331,0.0
2024-01-13T08:00:00.000-0500,1689.808,1738.421,,2024-01-13T08:00:00.000-0500,6,1,2024,2024-01-13,2367.9735,-46.35947,0.0
2024-01-13T09:00:00.000-0500,1784.312,1771.804,,2024-01-13T09:00:00.000-0500,6,1,2024,2024-01-13,2334.5905000000002,-45.691810000000004,0.0
2024-01-13T10:00:00.000-0500,1867.393,1833.565,,2024-01-13T10:00:00.000-0500,6,1,2024,2024-01-13,2272.8295000000003,-44.456590000000006,0.0
2024-01-13T11:00:00.000-0500,1904.056,1880.492,,2024-01-13T11:00:00.000-0500,6,1,2024,2024-01-13,2225.9025,-43.51805,0.0
2024-01-13T12:00:00.000-0500,1889.396,1869.843,,2024-01-13T12:00:00.000-0500,6,1,2024,2024-01-13,2236.5515000000005,-43.73103000000001,0.0
2024-01-13T13:00:00.000-0500,1800.756,1734.411,,2024-01-13T13:00:00.000-0500,6,1,2024,2024-01-13,2371.9835000000003,-46.43967000000001,0.0
2024-01-13T14:00:00.000-0500,1719.932,1729.888,,2024-01-13T14:00:00.000-0500,6,1,2024,2024-01-13,2376.5065000000004,-46.53013000000001,0.0
2024-01-13T15:00:00.000-0500,1770.881,1761.633,,2024-01-13T15:00:00.000-0500,6,1,2024,2024-01-13,2344.7615000000005,-45.89523000000001,0.0
2024-01-13T16:00:00.000-0500,1817.872,1810.758,,2024-01-13T16:00:00.000-0500,6,1,2024,2024-01-13,2295.6365000000005,-44.91273000000001,0.0
2024-01-13T17:00:00.000-0500,1909.57,1933.896,,2024-01-13T17:00:00.000-0500,6,1,2024,2024-01-13,2172.4985000000006,-42.449970000000015,0.0
2024-01-13T18:00:00.000-0500,1995.509,2056.739,,2024-01-13T18:00:00.000-0500,6,1,2024,2024-01-13,2049.6555000000003,-39.99311000000001,0.0
2024-01-13T19:00:00.000-0500,1975.64,2022.26,,2024-01-13T19:00:00.000-0500,6,1,2024,2024-01-13,2084.1345,-40.68269,0.0
2024-01-13T20:00:00.000-0500,1921.19,1962.064,,2024-01-13T20:00:00.000-0500,6,1,2024,2024-01-13,2144.3305,-41.886610000000005,0.0
2024-01-13T21:00:00.000-0500,1873.122,1897.297,,2024-01-13T21:00:00.000-0500,6,1,2024,2024-01-13,2209.0975000000003,-43.18195000000001,0.0
2024-01-13T22:00:00.000-0500,1802.487,1819.45,,2024-01-13T22:00:00.000-0500,6,1,2024,2024-01-13,2286.9445000000005,-44.73889000000001,0.0
2024-01-13T23:00:00.000-0500,1726.476,1734.368,,2024-01-13T23:00:00.000-0500,6,1,2024,2024-01-13,2372.0265000000004,-46.44053000000001,0.0
2024-01-14T00:00:00.000-0500,1636.752,1642.344,,2024-01-14T00:00:00.000-0500,7,1,2024,2024-01-14,2464.0505000000003,-48.28101000000001,0.0
2024-01-14T01:00:00.000-0500,1575.322,1552.735,4106.3945,2024-01-14T01:00:00.000-0500,7,1,2024,2024-01-14,2553.6595000000007,-50.07319000000001,0.0
2024-01-14T02:00:00.000-0500,1535.646,1541.768,,2024-01-14T02:00:00.000-0500,7,1,2024,2024-01-14,2564.6265000000003,-50.292530000000006,0.0
2024-01-14T03:00:00.000-0500,1509.627,1523.392,,2024-01-14T03:00:00.000-0500,7,1,2024,2024-01-14,2583.0025000000005,-50.66005000000001,0.0
2024-01-14T04:00:00.000-0500,1501.663,1529.327,,2024-01-14T04:00:00.000-0500,7,1,2024,2024-01-14,2577.0675,-50.54135,0.0
2024-01-14T05:00:00.000-0500,1523.024,1543.951,,2024-01-14T05:00:00.000-0500,7,1,2024,2024-01-14,2562.4435000000003,-50.24887000000001,0.0
2024-01-14T06:00:00.000-0500,1563.995,1580.081,,2024-01-14T06:00:00.000-0500,7,1,2024,2024-01-14,2526.3135,-49.526270000000004,0.0
2024-01-14T07:00:00.000-0500,1640.257,1605.85,,2024-01-14T07:00:00.000-0500,7,1,2024,2024-01-14,2500.5445000000004,-49.01089000000001,0.0
2024-01-14T08:00:00.000-0500,1713.173,1687.402,,2024-01-14T08:00:00.000-0500,7,1,2024,2024-01-14,2418.9925000000003,-47.379850000000005,0.0
2024-01-14T09:00:00.000-0500,1731.507,1683.197,,2024-01-14T09:00:00.000-0500,7,1,2024,2024-01-14,2423.1975,-47.463950000000004,0.0
2024-01-14T10:00:00.000-0500,1681.96,1637.723,,2024-01-14T10:00:00.000-0500,7,1,2024,2024-01-14,2468.6715000000004,-48.373430000000006,0.0
2024-01-14T11:00:00.000-0500,1716.247,1598.677,,2024-01-14T11:00:00.000-0500,7,1,2024,2024-01-14,2507.7175000000007,-49.154350000000015,0.0
2024-01-14T12:00:00.000-0500,1759.18,1697.566,,2024-01-14T12:00:00.000-0500,7,1,2024,2024-01-14,2408.8285000000005,-47.17657000000001,0.0
2024-01-14T13:00:00.000-0500,1866.62,1791.207,,2024-01-14T13:00:00.000-0500,7,1,2024,2024-01-14,2315.1875,-45.30375,0.0
2024-01-14T14:00:00.000-0500,1921.139,1942.567,,2024-01-14T14:00:00.000-0500,7,1,2024,2024-01-14,2163.8275000000003,-42.27655000000001,0.0
2024-01-14T15:00:00.000-0500,1961.117,1976.966,,2024-01-14T15:00:00.000-0500,7,1,2024,2024-01-14,2129.4285000000004,-41.58857000000001,0.0
2024-01-14T16:00:00.000-0500,2016.604,2038.73,,2024-01-14T16:00:00.000-0500,7,1,2024,2024-01-14,2067.6645000000003,-40.35329000000001,0.0
2024-01-14T17:00:00.000-0500,2134.247,2119.939,,2024-01-14T17:00:00.000-0500,7,1,2024,2024-01-14,1986.4555000000005,-38.72911000000001,0.0
2024-01-14T18:00:00.000-0500,2236.008,2241.018,,2024-01-14T18:00:00.000-0500,7,1,2024,2024-01-14,1865.3765000000003,-36.30753000000001,0.0
2024-01-14T19:00:00.000-0500,2222.802,2194.366,,2024-01-14T19:00:00.000-0500,7,1,2024,2024-01-14,1912.0285000000003,-37.240570000000005,0.0
2024-01-14T20:00:00.000-0500,2164.029,2141.594,,2024-01-14T20:00:00.000-0500,7,1,2024,2024-01-14,1964.8005000000003,-38.29601000000001,0.0
2024-01-14T21:00:00.000-0500,2101.815,2057.645,,2024-01-14T21:00:00.000-0500,7,1,2024,2024-01-14,2048.7495000000004,-39.974990000000005,0.0
2024-01-14T22:00:00.000-0500,2022.445,1969.671,,2024-01-14T22:00:00.000-0500,7,1,2024,2024-01-14,2136.7235,-41.73447,0.0
2024-01-14T23:00:00.000-0500,1912.745,1868.721,,2024-01-14T23:00:00.000-0500,7,1,2024,2024-01-14,2237.6735000000003,-43.75347000000001,0.0
2024-01-15T00:00:00.000-0500,1824.116,1750.498,,2024-01-15T00:00:00.000-0500,1,1,2024,2024-01-15,2355.8965000000003,-46.11793000000001,0.0
2024-01-15T01:00:00.000-0500,1751.348,1719.492,4106.3945,2024-01-15T01:00:00.000-0500,1,1,2024,2024-01-15,2386.9025,-46.73805,0.0
2024-01-15T02:00:00.000-0500,1716.696,1667.657,,2024-01-15T02:00:00.000-0500,1,1,2024,2024-01-15,2438.7375,-47.774750000000004,0.0
2024-01-15T03:00:00.000-0500,1700.783,1641.406,,2024-01-15T03:00:00.000-0500,1,1,2024,2024-01-15,2464.9885000000004,-48.29977000000001,0.0
2024-01-15T04:00:00.000-0500,1703.757,1676.234,,2024-01-15T04:00:00.000-0500,1,1,2024,2024-01-15,2430.1605000000004,-47.60321000000001,0.0
2024-01-15T05:00:00.000-0500,1748.458,1797.237,,2024-01-15T05:00:00.000-0500,1,1,2024,2024-01-15,2309.1575000000003,-45.183150000000005,0.0
2024-01-15T06:00:00.000-0500,1867.646,1932.361,,2024-01-15T06:00:00.000-0500,1,1,2024,2024-01-15,2174.0335000000005,-42.48067000000001,0.0
2024-01-15T07:00:00.000-0500,2006.556,2094.722,,2024-01-15T07:00:00.000-0500,1,1,2024,2024-01-15,2011.6725000000001,-39.233450000000005,0.0
2024-01-15T08:00:00.000-0500,2126.23,2203.361,,2024-01-15T08:00:00.000-0500,1,1,2024,2024-01-15,1903.0335000000005,-37.06067000000001,0.0
2024-01-15T09:00:00.000-0500,2155.07,2178.437,,2024-01-15T09:00:00.000-0500,1,1,2024,2024-01-15,1927.9575000000004,-37.55915000000001,0.0
2024-01-15T10:00:00.000-0500,2096.294,2031.348,,2024-01-15T10:00:00.000-0500,1,1,2024,2024-01-15,2075.0465000000004,-40.50093000000001,0.0
2024-01-15T11:00:00.000-0500,2021.073,1898.476,,2024-01-15T11:00:00.000-0500,1,1,2024,2024-01-15,2207.9185,-43.158370000000005,0.0
2024-01-15T12:00:00.000-0500,1950.462,1846.1,,2024-01-15T12:00:00.000-0500,1,1,2024,2024-01-15,2260.2945000000004,-44.20589000000001,0.0
2024-01-15T13:00:00.000-0500,1911.593,1848.783,,2024-01-15T13:00:00.000-0500,1,1,2024,2024-01-15,2257.6115000000004,-44.15223000000001,0.0
2024-01-15T14:00:00.000-0500,1948.283,1919.284,,2024-01-15T14:00:00.000-0500,1,1,2024,2024-01-15,2187.1105000000002,-42.74221000000001,0.0
2024-01-15T15:00:00.000-0500,2029.539,2115.581,,2024-01-15T15:00:00.000-0500,1,1,2024,2024-01-15,1990.8135000000002,-38.81627,0.0
2024-01-15T16:00:00.000-0500,2196.654,2184.114,,2024-01-15T16:00:00.000-0500,1,1,2024,2024-01-15,1922.2805000000003,-37.44561000000001,0.0
2024-01-15T17:00:00.000-0500,2335.735,2379.684,,2024-01-15T17:00:00.000-0500,1,1,2024,2024-01-15,1726.7105000000001,-33.53421,0.0
2024-01-15T18:00:00.000-0500,2427.497,2456.494,,2024-01-15T18:00:00.000-0500,1,1,2024,2024-01-15,1649.9005000000002,-31.998010000000008,0.0
2024-01-15T19:00:00.000-0500,2399.782,2415.184,,2024-01-15T19:00:00.000-0500,1,1,2024,2024-01-15,1691.2105000000001,-32.82421,0.0
2024-01-15T20:00:00.000-0500,2341.576,2332.213,,2024-01-15T20:00:00.000-0500,1,1,2024,2024-01-15,1774.1815000000001,-34.483630000000005,0.0
2024-01-15T21:00:00.000-0500,2262.11,2226.679,,2024-01-15T21:00:00.000-0500,1,1,2024,2024-01-15,1879.7155000000002,-36.59431000000001,0.0
2024-01-15T22:00:00.000-0500,2147.643,2109.764,,2024-01-15T22:00:00.000-0500,1,1,2024,2024-01-15,1996.6305000000002,-38.932610000000004,0.0
2024-01-15T23:00:00.000-0500,1996.489,1992.618,,2024-01-15T23:00:00.000-0500,1,1,2024,2024-01-15,2113.7765000000004,-41.27553000000001,0.0
2024-01-16T00:00:00.000-0500,1865.078,1866.809,,2024-01-16T00:00:00.000-0500,2,1,2024,2024-01-16,2239.5855,-43.79171,0.0
2024-01-16T01:00:00.000-0500,1784.214,1811.211,4190.2521,2024-01-16T01:00:00.000-0500,2,1,2024,2024-01-16,2295.1835,-44.903670000000005,0.0
2024-01-16T02:00:00.000-0500,1730.317,1756.662,,2024-01-16T02:00:00.000-0500,2,1,2024,2024-01-16,2349.7325,-45.99465,0.0
2024-01-16T03:00:00.000-0500,1710.746,1753.583,,2024-01-16T03:00:00.000-0500,2,1,2024,2024-01-16,2352.8115000000003,-46.056230000000006,0.0
2024-01-16T04:00:00.000-0500,1715.696,1758.429,,2024-01-16T04:00:00.000-0500,2,1,2024,2024-01-16,2347.9655000000002,-45.95931000000001,0.0
2024-01-16T05:00:00.000-0500,1762.167,1794.696,,2024-01-16T05:00:00.000-0500,2,1,2024,2024-01-16,2311.6985000000004,-45.23397000000001,0.0
2024-01-16T06:00:00.000-0500,1875.304,1916.764,,2024-01-16T06:00:00.000-0500,2,1,2024,2024-01-16,2189.6305,-42.79261,0.0
2024-01-16T07:00:00.000-0500,2060.25,2124.751,,2024-01-16T07:00:00.000-0500,2,1,2024,2024-01-16,1981.6435000000001,-38.632870000000004,0.0
2024-01-16T08:00:00.000-0500,2194.518,2293.715,,2024-01-16T08:00:00.000-0500,2,1,2024,2024-01-16,1812.6795000000002,-35.25359,0.0
2024-01-16T09:00:00.000-0500,2276.883,2412.029,,2024-01-16T09:00:00.000-0500,2,1,2024,2024-01-16,1694.3655000000003,-32.88731000000001,0.0
2024-01-16T10:00:00.000-0500,2325.473,2442.765,,2024-01-16T10:00:00.000-0500,2,1,2024,2024-01-16,1663.6295000000005,-32.27259000000001,0.0
2024-01-16T11:00:00.000-0500,2370.473,2517.135,,2024-01-16T11:00:00.000-0500,2,1,2024,2024-01-16,1589.2595000000001,-30.785190000000004,0.0
2024-01-16T12:00:00.000-0500,2401.88,2554.481,,2024-01-16T12:00:00.000-0500,2,1,2024,2024-01-16,1551.9135,-30.038270000000004,0.0
2024-01-16T13:00:00.000-0500,2413.813,2618.302,,2024-01-16T13:00:00.000-0500,2,1,2024,2024-01-16,1488.0925000000002,-28.761850000000006,0.0
2024-01-16T14:00:00.000-0500,2400.372,2602.482,,2024-01-16T14:00:00.000-0500,2,1,2024,2024-01-16,1503.9125000000004,-29.078250000000008,0.0
2024-01-16T15:00:00.000-0500,2370.404,2543.702,,2024-01-16T15:00:00.000-0500,2,1,2024,2024-01-16,1562.6925,-30.253850000000003,0.0
2024-01-16T16:00:00.000-0500,2355.146,2549.787,,2024-01-16T16:00:00.000-0500,2,1,2024,2024-01-16,1556.6075000000005,-30.13215000000001,0.0
2024-01-16T17:00:00.000-0500,2419.296,2533.213,,2024-01-16T17:00:00.000-0500,2,1,2024,2024-01-16,1573.1815000000001,-30.463630000000002,0.0
2024-01-16T18:00:00.000-0500,2483.889,2563.061,,2024-01-16T18:00:00.000-0500,2,1,2024,2024-01-16,1543.3335000000002,-29.866670000000003,0.0
2024-01-16T19:00:00.000-0500,2447.895,2524.919,,2024-01-16T19:00:00.000-0500,2,1,2024,2024-01-16,1581.4755000000005,-30.62951000000001,0.0
2024-01-16T20:00:00.000-0500,2378.055,2430.444,,2024-01-16T20:00:00.000-0500,2,1,2024,2024-01-16,1675.9505000000004,-32.51901000000001,0.0
2024-01-16T21:00:00.000-0500,2289.198,2326.198,,2024-01-16T21:00:00.000-0500,2,1,2024,2024-01-16,1780.1965000000005,-34.60393000000001,0.0
2024-01-16T22:00:00.000-0500,2169.7,2192.619,,2024-01-16T22:00:00.000-0500,2,1,2024,2024-01-16,1913.7755000000002,-37.275510000000004,0.0
2024-01-16T23:00:00.000-0500,2035.432,2033.199,,2024-01-16T23:00:00.000-0500,2,1,2024,2024-01-16,2073.1955000000003,-40.463910000000006,0.0
2024-01-17T00:00:00.000-0500,1916.47,1930.309,,2024-01-17T00:00:00.000-0500,3,1,2024,2024-01-17,2176.0855,-42.521710000000006,0.0
2024-01-11T01:00:00.000-0500,1606.814,1650.048,4106.3945,2024-01-11T01:00:00.000-0500,4,1,2024,2024-01-11,2456.3465000000006,-48.126930000000016,0.0
2024-01-11T02:00:00.000-0500,1554.89,1605.714,,2024-01-11T02:00:00.000-0500,4,1,2024,2024-01-11,2500.6805000000004,-49.01361000000001,0.0
2024-01-11T03:00:00.000-0500,1537.014,1588.597,,2024-01-11T03:00:00.000-0500,4,1,2024,2024-01-11,2517.7975000000006,-49.355950000000014,0.0
2024-01-11T04:00:00.000-0500,1534.506,1600.34,,2024-01-11T04:00:00.000-0500,4,1,2024,2024-01-11,2506.0545,-49.12109,0.0
2024-01-11T05:00:00.000-0500,1584.001,1639.431,,2024-01-11T05:00:00.000-0500,4,1,2024,2024-01-11,2466.9635000000003,-48.339270000000006,0.0
2024-01-11T06:00:00.000-0500,1707.979,1758.191,,2024-01-11T06:00:00.000-0500,4,1,2024,2024-01-11,2348.2035000000005,-45.964070000000014,0.0
2024-01-11T07:00:00.000-0500,1911.458,1960.292,,2024-01-11T07:00:00.000-0500,4,1,2024,2024-01-11,2146.1025000000004,-41.922050000000006,0.0
2024-01-11T08:00:00.000-0500,2040.632,2073.579,,2024-01-11T08:00:00.000-0500,4,1,2024,2024-01-11,2032.8155000000002,-39.656310000000005,0.0
2024-01-11T09:00:00.000-0500,2052.073,1981.974,,2024-01-11T09:00:00.000-0500,4,1,2024,2024-01-11,2124.4205,-41.48841,0.0
2024-01-11T10:00:00.000-0500,1979.322,1859.42,,2024-01-11T10:00:00.000-0500,4,1,2024,2024-01-11,2246.9745000000003,-43.939490000000006,0.0
2024-01-11T11:00:00.000-0500,1917.58,1868.638,,2024-01-11T11:00:00.000-0500,4,1,2024,2024-01-11,2237.7565000000004,-43.75513000000001,0.0
2024-01-11T12:00:00.000-0500,1896.054,1878.999,,2024-01-11T12:00:00.000-0500,4,1,2024,2024-01-11,2227.3955000000005,-43.54791000000001,0.0
2024-01-11T13:00:00.000-0500,1981.869,1918.043,,2024-01-11T13:00:00.000-0500,4,1,2024,2024-01-11,2188.3515000000007,-42.76703000000001,0.0
2024-01-11T14:00:00.000-0500,2038.436,2002.167,,2024-01-11T14:00:00.000-0500,4,1,2024,2024-01-11,2104.2275000000004,-41.08455000000001,0.0
2024-01-11T15:00:00.000-0500,2029.755,2096.327,,2024-01-11T15:00:00.000-0500,4,1,2024,2024-01-11,2010.0675,-39.201350000000005,0.0
2024-01-11T16:00:00.000-0500,2050.217,2163.236,,2024-01-11T16:00:00.000-0500,4,1,2024,2024-01-11,1943.1585000000005,-37.86317000000001,0.0
2024-01-11T17:00:00.000-0500,2139.566,2169.378,,2024-01-11T17:00:00.000-0500,4,1,2024,2024-01-11,1937.0165000000002,-37.74033000000001,0.0
2024-01-11T18:00:00.000-0500,2240.671,2290.582,,2024-01-11T18:00:00.000-0500,4,1,2024,2024-01-11,1815.8125000000005,-35.31625000000001,0.0
2024-01-11T19:00:00.000-0500,2217.778,2253.885,,2024-01-11T19:00:00.000-0500,4,1,2024,2024-01-11,1852.5095000000001,-36.05019,0.0
2024-01-11T20:00:00.000-0500,2157.269,2192.862,,2024-01-11T20:00:00.000-0500,4,1,2024,2024-01-11,1913.5325000000003,-37.27065,0.0
2024-01-11T21:00:00.000-0500,2076.961,2100.987,,2024-01-11T21:00:00.000-0500,4,1,2024,2024-01-11,2005.4075000000003,-39.10815000000001,0.0
2024-01-11T22:00:00.000-0500,1970.033,1994.921,,2024-01-11T22:00:00.000-0500,4,1,2024,2024-01-11,2111.4735,-41.22947,0.0
2024-01-11T23:00:00.000-0500,1821.142,1847.749,,2024-01-11T23:00:00.000-0500,4,1,2024,2024-01-11,2258.6455000000005,-44.17291000000001,0.0
2024-01-12T00:00:00.000-0500,1708.115,1733.718,,2024-01-12T00:00:00.000-0500,5,1,2024,2024-01-12,2372.6765000000005,-46.45353000000001,0.0
2024-01-12T01:00:00.000-0500,1636.1,1656.864,4106.3945,2024-01-12T01:00:00.000-0500,5,1,2024,2024-01-12,2449.5305000000003,-47.990610000000004,0.0
2024-01-12T02:00:00.000-0500,1592.957,1613.285,,2024-01-12T02:00:00.000-0500,5,1,2024,2024-01-12,2493.1095000000005,-48.86219000000001,0.0
2024-01-12T03:00:00.000-0500,1570.175,1595.426,,2024-01-12T03:00:00.000-0500,5,1,2024,2024-01-12,2510.9685000000004,-49.21937000000001,0.0
2024-01-12T04:00:00.000-0500,1567.791,1602.714,,2024-01-12T04:00:00.000-0500,5,1,2024,2024-01-12,2503.6805000000004,-49.07361000000001,0.0
2024-01-12T05:00:00.000-0500,1611.672,1644.714,,2024-01-12T05:00:00.000-0500,5,1,2024,2024-01-12,2461.6805000000004,-48.233610000000006,0.0
2024-01-12T06:00:00.000-0500,1733.365,1786.493,,2024-01-12T06:00:00.000-0500,5,1,2024,2024-01-12,2319.9015000000004,-45.398030000000006,0.0
2024-01-12T07:00:00.000-0500,1933.7,1978.234,,2024-01-12T07:00:00.000-0500,5,1,2024,2024-01-12,2128.1605000000004,-41.56321000000001,0.0
2024-01-12T08:00:00.000-0500,2048.479,2068.294,,2024-01-12T08:00:00.000-0500,5,1,2024,2024-01-12,2038.1005000000005,-39.76201000000001,0.0
2024-01-12T09:00:00.000-0500,2014.421,1956.289,,2024-01-12T09:00:00.000-0500,5,1,2024,2024-01-12,2150.1055000000006,-42.00211000000001,0.0
2024-01-12T10:00:00.000-0500,1874.075,1812.034,,2024-01-12T10:00:00.000-0500,5,1,2024,2024-01-12,2294.3605000000002,-44.88721,0.0
2024-01-12T11:00:00.000-0500,1761.273,1701.663,,2024-01-12T11:00:00.000-0500,5,1,2024,2024-01-12,2404.7315000000003,-47.09463000000001,0.0
2024-01-12T12:00:00.000-0500,1689.965,1689.972,,2024-01-12T12:00:00.000-0500,5,1,2024,2024-01-12,2416.4225000000006,-47.32845000000001,0.0
2024-01-12T13:00:00.000-0500,1661.319,1632.687,,2024-01-12T13:00:00.000-0500,5,1,2024,2024-01-12,2473.7075000000004,-48.47415000000001,0.0
2024-01-12T14:00:00.000-0500,1685.487,1632.691,,2024-01-12T14:00:00.000-0500,5,1,2024,2024-01-12,2473.7035000000005,-48.47407000000001,0.0
2024-01-12T15:00:00.000-0500,1747.223,1783.331,,2024-01-12T15:00:00.000-0500,5,1,2024,2024-01-12,2323.0635,-45.461270000000006,0.0
2024-01-12T16:00:00.000-0500,1867.41,1944.365,,2024-01-12T16:00:00.000-0500,5,1,2024,2024-01-12,2162.0295000000006,-42.24059000000001,0.0
2024-01-12T17:00:00.000-0500,2022.682,2138.014,,2024-01-12T17:00:00.000-0500,5,1,2024,2024-01-12,1968.3805000000002,-38.367610000000006,0.0
2024-01-12T18:00:00.000-0500,2126.694,2251.852,,2024-01-12T18:00:00.000-0500,5,1,2024,2024-01-12,1854.5425000000005,-36.09085000000001,0.0
2024-01-12T19:00:00.000-0500,2104.633,2190.517,,2024-01-12T19:00:00.000-0500,5,1,2024,2024-01-12,1915.8775000000005,-37.31755000000001,0.0
2024-01-12T20:00:00.000-0500,2046.51,2125.967,,2024-01-12T20:00:00.000-0500,5,1,2024,2024-01-12,1980.4275000000002,-38.60855000000001,0.0
2024-01-12T21:00:00.000-0500,1979.057,2021.803,,2024-01-12T21:00:00.000-0500,5,1,2024,2024-01-12,2084.5915000000005,-40.69183000000001,0.0
2024-01-12T22:00:00.000-0500,1898.378,1924.263,,2024-01-12T22:00:00.000-0500,5,1,2024,2024-01-12,2182.1315000000004,-42.64263000000001,0.0
2024-01-12T23:00:00.000-0500,1773.643,1809.643,,2024-01-12T23:00:00.000-0500,5,1,2024,2024-01-12,2296.7515000000003,-44.935030000000005,0.0
2024-01-13T00:00:00.000-0500,1668.774,1703.77,,2024-01-13T00:00:00.000-0500,6,1,2024,2024-01-13,2402.6245000000004,-47.052490000000006,0.0
2024-01-13T01:00:00.000-0500,1591.531,1641.788,4106.3945,2024-01-13T01:00:00.000-0500,6,1,2024,2024-01-13,2464.6065000000003,-48.29213000000001,0.0
2024-01-13T02:00:00.000-0500,1545.854,1591.697,,2024-01-13T02:00:00.000-0500,6,1,2024,2024-01-13,2514.6975,-49.29395,0.0
2024-01-13T03:00:00.000-0500,1515.544,1537.747,,2024-01-13T03:00:00.000-0500,6,1,2024,2024-01-13,2568.6475,-50.37295,0.0
2024-01-13T04:00:00.000-0500,1503.403,1515.673,,2024-01-13T04:00:00.000-0500,6,1,2024,2024-01-13,2590.7215000000006,-50.814430000000016,0.0
2024-01-13T05:00:00.000-0500,1513.561,1557.453,,2024-01-13T05:00:00.000-0500,6,1,2024,2024-01-13,2548.9415000000004,-49.97883000000001,0.0
2024-01-13T06:00:00.000-0500,1552.177,1553.428,,2024-01-13T06:00:00.000-0500,6,1,2024,2024-01-13,2552.9665000000005,-50.05933000000001,0.0
2024-01-13T07:00:00.000-0500,1616.152,1611.729,,2024-01-13T07:00:00.000-0500,6,1,2024,2024-01-13,2494.6655,-48.89331,0.0
2024-01-13T08:00:00.000-0500,1689.808,1738.421,,2024-01-13T08:00:00.000-0500,6,1,2024,2024-01-13,2367.9735,-46.35947,0.0
2024-01-13T09:00:00.000-0500,1784.312,1771.804,,2024-01-13T09:00:00.000-0500,6,1,2024,2024-01-13,2334.5905000000002,-45.691810000000004,0.0
2024-01-13T10:00:00.000-0500,1867.393,1833.565,,2024-01-13T10:00:00.000-0500,6,1,2024,2024-01-13,2272.8295000000003,-44.456590000000006,0.0
2024-01-13T11:00:00.000-0500,1904.056,1880.492,,2024-01-13T11:00:00.000-0500,6,1,2024,2024-01-13,2225.9025,-43.51805,0.0
2024-01-13T12:00:00.000-0500,1889.396,1869.843,,2024-01-13T12:00:00.000-0500,6,1,2024,2024-01-13,2236.5515000000005,-43.73103000000001,0.0
2024-01-13T13:00:00.000-0500,1800.756,1734.411,,2024-01-13T13:00:00.000-0500,6,1,2024,2024-01-13,2371.9835000000003,-46.43967000000001,0.0
2024-01-13T14:00:00.000-0500,1719.932,1729.888,,2024-01-13T14:00:00.000-0500,6,1,2024,2024-01-13,2376.5065000000004,-46.53013000000001,0.0
2024-01-13T15:00:00.000-0500,1770.881,1761.633,,2024-01-13T15:00:00.000-0500,6,1,2024,2024-01-13,2344.7615000000005,-45.89523000000001,0.0
2024-01-13T16:00:00.000-0500,1817.872,1810.758,,2024-01-13T16:00:00.000-0500,6,1,2024,2024-01-13,2295.6365000000005,-44.91273000000001,0.0
2024-01-13T17:00:00.000-0500,1909.57,1933.896,,2024-01-13T17:00:00.000-0500,6,1,2024,2024-01-13,2172.4985000000006,-42.449970000000015,0.0
2024-01-13T18:00:00.000-0500,1995.509,2056.739,,2024-01-13T18:00:00.000-0500,6,1,2024,2024-01-13,2049.6555000000003,-39.99311000000001,0.0
2024-01-13T19:00:00.000-0500,1975.64,2022.26,,2024-01-13T19:00:00.000-0500,6,1,2024,2024-01-13,2084.1345,-40.68269,0.0
2024-01-13T20:00:00.000-0500,1921.19,1962.064,,2024-01-13T20:00:00.000-0500,6,1,2024,2024-01-13,2144.3305,-41.886610000000005,0.0
2024-01-13T21:00:00.000-0500,1873.122,1897.297,,2024-01-13T21:00:00.000-0500,6,1,2024,2024-01-13,2209.0975000000003,-43.18195000000001,0.0
2024-01-13T22:00:00.000-0500,1802.487,1819.45,,2024-01-13T22:00:00.000-0500,6,1,2024,2024-01-13,2286.9445000000005,-44.73889000000001,0.0
2024-01-13T23:00:00.000-0500,1726.476,1734.368,,2024-01-13T23:00:00.000-0500,6,1,2024,2024-01-13,2372.0265000000004,-46.44053000000001,0.0
2024-01-14T00:00:00.000-0500,1636.752,1642.344,,2024-01-14T00:00:00.000-0500,7,1,2024,2024-01-14,2464.0505000000003,-48.28101000000001,0.0
2024-01-14T01:00:00.000-0500,1575.322,1552.735,4106.3945,2024-01-14T01:00:00.000-0500,7,1,2024,2024-01-14,2553.6595000000007,-50.07319000000001,0.0
2024-01-14T02:00:00.000-0500,1535.646,1541.768,,2024-01-14T02:00:00.000-0500,7,1,2024,2024-01-14,2564.6265000000003,-50.292530000000006,0.0
2024-01-14T03:00:00.000-0500,1509.627,1523.392,,2024-01-14T03:00:00.000-0500,7,1,2024,2024-01-14,2583.0025000000005,-50.66005000000001,0.0
2024-01-14T04:00:00.000-0500,1501.663,1529.327,,2024-01-14T04:00:00.000-0500,7,1,2024,2024-01-14,2577.0675,-50.54135,0.0
2024-01-14T05:00:00.000-0500,1523.024,1543.951,,2024-01-14T05:00:00.000-0500,7,1,2024,2024-01-14,2562.4435000000003,-50.24887000000001,0.0
2024-01-14T06:00:00.000-0500,1563.995,1580.081,,2024-01-14T06:00:00.000-0500,7,1,2024,2024-01-14,2526.3135,-49.526270000000004,0.0
2024-01-14T07:00:00.000-0500,1640.257,1605.85,,2024-01-14T07:00:00.000-0500,7,1,2024,2024-01-14,2500.5445000000004,-49.01089000000001,0.0
2024-01-14T08:00:00.000-0500,1713.173,1687.402,,2024-01-14T08:00:00.000-0500,7,1,2024,2024-01-14,2418.9925000000003,-47.379850000000005,0.0
2024-01-14T09:00:00.000-0500,1731.507,1683.197,,2024-01-14T09:00:00.000-0500,7,1,2024,2024-01-14,2423.1975,-47.463950000000004,0.0
2024-01-14T10:00:00.000-0500,1681.96,1637.723,,2024-01-14T10:00:00.000-0500,7,1,2024,2024-01-14,2468.6715000000004,-48.373430000000006,0.0
2024-01-14T11:00:00.000-0500,1716.247,1598.677,,2024-01-14T11:00:00.000-0500,7,1,2024,2024-01-14,2507.7175000000007,-49.154350000000015,0.0
2024-01-14T12:00:00.000-0500,1759.18,1697.566,,2024-01-14T12:00:00.000-0500,7,1,2024,2024-01-14,2408.8285000000005,-47.17657000000001,0.0
2024-01-14T13:00:00.000-0500,1866.62,1791.207,,2024-01-14T13:00:00.000-0500,7,1,2024,2024-01-14,2315.1875,-45.30375,0.0
2024-01-14T14:00:00.000-0500,1921.139,1942.567,,2024-01-14T14:00:00.000-0500,7,1,2024,2024-01-14,2163.8275000000003,-42.27655000000001,0.0
2024-01-14T15:00:00.000-0500,1961.117,1976.966,,2024-01-14T15:00:00.000-0500,7,1,2024,2024-01-14,2129.4285000000004,-41.58857000000001,0.0
2024-01-14T16:00:00.000-0500,2016.604,2038.73,,2024-01-14T16:00:00.000-0500,7,1,2024,2024-01-14,2067.6645000000003,-40.35329000000001,0.0
2024-01-14T17:00:00.000-0500,2134.247,2119.939,,2024-01-14T17:00:00.000-0500,7,1,2024,2024-01-14,1986.4555000000005,-38.72911000000001,0.0
2024-01-14T18:00:00.000-0500,2236.008,2241.018,,2024-01-14T18:00:00.000-0500,7,1,2024,2024-01-14,1865.3765000000003,-36.30753000000001,0.0
2024-01-14T19:00:00.000-0500,2222.802,2194.366,,2024-01-14T19:00:00.000-0500,7,1,2024,2024-01-14,1912.0285000000003,-37.240570000000005,0.0
2024-01-14T20:00:00.000-0500,2164.029,2141.594,,2024-01-14T20:00:00.000-0500,7,1,2024,2024-01-14,1964.8005000000003,-38.29601000000001,0.0
2024-01-14T21:00:00.000-0500,2101.815,2057.645,,2024-01-14T21:00:00.000-0500,7,1,2024,2024-01-14,2048.7495000000004,-39.974990000000005,0.0
2024-01-14T22:00:00.000-0500,2022.445,1969.671,,2024-01-14T22:00:00.000-0500,7,1,2024,2024-01-14,2136.7235,-41.73447,0.0
2024-01-14T23:00:00.000-0500,1912.745,1868.721,,2024-01-14T23:00:00.000-0500,7,1,2024,2024-01-14,2237.6735000000003,-43.75347000000001,0.0
2024-01-15T00:00:00.000-0500,1824.116,1750.498,,2024-01-15T00:00:00.000-0500,1,1,2024,2024-01-15,2355.8965000000003,-46.11793000000001,0.0
2024-01-15T01:00:00.000-0500,1751.348,1719.492,4106.3945,2024-01-15T01:00:00.000-0500,1,1,2024,2024-01-15,2386.9025,-46.73805,0.0
2024-01-15T02:00:00.000-0500,1716.696,1667.657,,2024-01-15T02:00:00.000-0500,1,1,2024,2024-01-15,2438.7375,-47.774750000000004,0.0
2024-01-15T03:00:00.000-0500,1700.783,1641.406,,2024-01-15T03:00:00.000-0500,1,1,2024,2024-01-15,2464.9885000000004,-48.29977000000001,0.0
2024-01-15T04:00:00.000-0500,1703.757,1676.234,,2024-01-15T04:00:00.000-0500,1,1,2024,2024-01-15,2430.1605000000004,-47.60321000000001,0.0
2024-01-15T05:00:00.000-0500,1748.458,1797.237,,2024-01-15T05:00:00.000-0500,1,1,2024,2024-01-15,2309.1575000000003,-45.183150000000005,0.0
2024-01-15T06:00:00.000-0500,1867.646,1932.361,,2024-01-15T06:00:00.000-0500,1,1,2024,2024-01-15,2174.0335000000005,-42.48067000000001,0.0
2024-01-15T07:00:00.000-0500,2006.556,2094.722,,2024-01-15T07:00:00.000-0500,1,1,2024,2024-01-15,2011.6725000000001,-39.233450000000005,0.0
2024-01-15T08:00:00.000-0500,2126.23,2203.361,,2024-01-15T08:00:00.000-0500,1,1,2024,2024-01-15,1903.0335000000005,-37.06067000000001,0.0
2024-01-15T09:00:00.000-0500,2155.07,2178.437,,2024-01-15T09:00:00.000-0500,1,1,2024,2024-01-15,1927.9575000000004,-37.55915000000001,0.0
2024-01-15T10:00:00.000-0500,2096.294,2031.348,,2024-01-15T10:00:00.000-0500,1,1,2024,2024-01-15,2075.0465000000004,-40.50093000000001,0.0
2024-01-15T11:00:00.000-0500,2021.073,1898.476,,2024-01-15T11:00:00.000-0500,1,1,2024,2024-01-15,2207.9185,-43.158370000000005,0.0
2024-01-15T12:00:00.000-0500,1950.462,1846.1,,2024-01-15T12:00:00.000-0500,1,1,2024,2024-01-15,2260.2945000000004,-44.20589000000001,0.0
2024-01-15T13:00:00.000-0500,1911.593,1848.783,,2024-01-15T13:00:00.000-0500,1,1,2024,2024-01-15,2257.6115000000004,-44.15223000000001,0.0
2024-01-15T14:00:00.000-0500,1948.283,1919.284,,2024-01-15T14:00:00.000-0500,1,1,2024,2024-01-15,2187.1105000000002,-42.74221000000001,0.0
2024-01-15T15:00:00.000-0500,2029.539,2115.581,,2024-01-15T15:00:00.000-0500,1,1,2024,2024-01-15,1990.8135000000002,-38.81627,0.0
2024-01-15T16:00:00.000-0500,2196.654,2184.114,,2024-01-15T16:00:00.000-0500,1,1,2024,2024-01-15,1922.2805000000003,-37.44561000000001,0.0
2024-01-15T17:00:00.000-0500,2335.735,2379.684,,2024-01-15T17:00:00.000-0500,1,1,2024,2024-01-15,1726.7105000000001,-33.53421,0.0
2024-01-15T18:00:00.000-0500,2427.497,2456.494,,2024-01-15T18:00:00.000-0500,1,1,2024,2024-01-15,1649.9005000000002,-31.998010000000008,0.0
2024-01-15T19:00:00.000-0500,2399.782,2415.184,,2024-01-15T19:00:00.000-0500,1,1,2024,2024-01-15,1691.2105000000001,-32.82421,0.0
2024-01-15T20:00:00.000-0500,2341.576,2332.213,,2024-01-15T20:00:00.000-0500,1,1,2024,2024-01-15,1774.1815000000001,-34.483630000000005,0.0
2024-01-15T21:00:00.000-0500,2262.11,2226.679,,2024-01-15T21:00:00.000-0500,1,1,2024,2024-01-15,1879.7155000000002,-36.59431000000001,0.0
2024-01-15T22:00:00.000-0500,2147.643,2109.764,,2024-01-15T22:00:00.000-0500,1,1,2024,2024-01-15,1996.6305000000002,-38.932610000000004,0.0
2024-01-15T23:00:00.000-0500,1996.489,1992.618,,2024-01-15T23:00:00.000-0500,1,1,2024,2024-01-15,2113.7765000000004,-41.27553000000001,0.0
2024-01-16T00:00:00.000-0500,1865.078,1866.809,,2024-01-16T00:00:00.000-0500,2,1,2024,2024-01-16,2239.5855,-43.79171,0.0
2024-01-16T01:00:00.000-0500,1784.214,1811.211,4190.2521,2024-01-16T01:00:00.000-0500,2,1,2024,2024-01-16,2295.1835,-44.903670000000005,0.0
2024-01-16T02:00:00.000-0500,1730.317,1756.662,,2024-01-16T02:00:00.000-0500,2,1,2024,2024-01-16,2349.7325,-45.99465,0.0
2024-01-16T03:00:00.000-0500,1710.746,1753.583,,2024-01-16T03:00:00.000-0500,2,1,2024,2024-01-16,2352.8115000000003,-46.056230000000006,0.0
2024-01-16T04:00:00.000-0500,1715.696,1758.429,,2024-01-16T04:00:00.000-0500,2,1,2024,2024-01-16,2347.9655000000002,-45.95931000000001,0.0
2024-01-16T05:00:00.000-0500,1762.167,1794.696,,2024-01-16T05:00:00.000-0500,2,1,2024,2024-01-16,2311.6985000000004,-45.23397000000001,0.0
2024-01-16T06:00:00.000-0500,1875.304,1916.764,,2024-01-16T06:00:00.000-0500,2,1,2024,2024-01-16,2189.6305,-42.79261,0.0
2024-01-16T07:00:00.000-0500,2060.25,2124.751,,2024-01-16T07:00:00.000-0500,2,1,2024,2024-01-16,1981.6435000000001,-38.632870000000004,0.0
2024-01-16T08:00:00.000-0500,2194.518,2293.715,,2024-01-16T08:00:00.000-0500,2,1,2024,2024-01-16,1812.6795000000002,-35.25359,0.0
2024-01-16T09:00:00.000-0500,2276.883,2412.029,,2024-01-16T09:00:00.000-0500,2,1,2024,2024-01-16,1694.3655000000003,-32.88731000000001,0.0
2024-01-16T10:00:00.000-0500,2325.473,2442.765,,2024-01-16T10:00:00.000-0500,2,1,2024,2024-01-16,1663.6295000000005,-32.27259000000001,0.0
2024-01-16T11:00:00.000-0500,2370.473,2517.135,,2024-01-16T11:00:00.000-0500,2,1,2024,2024-01-16,1589.2595000000001,-30.785190000000004,0.0
2024-01-16T12:00:00.000-0500,2401.88,2554.481,,2024-01-16T12:00:00.000-0500,2,1,2024,2024-01-16,1551.9135,-30.038270000000004,0.0
2024-01-16T13:00:00.000-0500,2413.813,2618.302,,2024-01-16T13:00:00.000-0500,2,1,2024,2024-01-16,1488.0925000000002,-28.761850000000006,0.0
2024-01-16T14:00:00.000-0500,2400.372,2602.482,,2024-01-16T14:00:00.000-0500,2,1,2024,2024-01-16,1503.9125000000004,-29.078250000000008,0.0
2024-01-16T15:00:00.000-0500,2370.404,2543.702,,2024-01-16T15:00:00.000-0500,2,1,2024,2024-01-16,1562.6925,-30.253850000000003,0.0
2024-01-16T16:00:00.000-0500,2355.146,2549.787,,2024-01-16T16:00:00.000-0500,2,1,2024,2024-01-16,1556.6075000000005,-30.13215000000001,0.0
2024-01-16T17:00:00.000-0500,2419.296,2533.213,,2024-01-16T17:00:00.000-0500,2,1,2024,2024-01-16,1573.1815000000001,-30.463630000000002,0.0
2024-01-16T18:00:00.000-0500,2483.889,2563.061,,2024-01-16T18:00:00.000-0500,2,1,2024,2024-01-16,1543.3335000000002,-29.866670000000003,0.0
2024-01-16T19:00:00.000-0500,2447.895,2524.919,,2024-01-16T19:00:00.000-0500,2,1,2024,2024-01-16,1581.4755000000005,-30.62951000000001,0.0
2024-01-16T20:00:00.000-0500,2378.055,2430.444,,2024-01-16T20:00:00.000-0500,2,1,2024,2024-01-16,1675.9505000000004,-32.51901000000001,0.0
2024-01-16T21:00:00.000-0500,2289.198,2326.198,,2024-01-16T21:00:00.000-0500,2,1,2024,2024-01-16,1780.1965000000005,-34.60393000000001,0.0
2024-01-16T22:00:00.000-0500,2169.7,2192.619,,2024-01-16T22:00:00.000-0500,2,1,2024,2024-01-16,1913.7755000000002,-37.275510000000004,0.0
2024-01-16T23:00:00.000-0500,2035.432,2033.199,,2024-01-16T23:00:00.000-0500,2,1,2024,2024-01-16,2073.1955000000003,-40.463910000000006,0.0
2024-01-17T00:00:00.000-0500,1916.47,1930.309,,2024-01-17T00:00:00.000-0500,3,1,2024,2024-01-17,2176.0855,-42.521710000000006,0.0
2024-01-17T01:00:00.000-0500,1855.872,1871.122,4286.6033,2024-01-17T01:00:00.000-0500,3,1,2024,2024-01-17,2235.2725,-43.70545,0.0
2024-01-17T02:00:00.000-0500,1808.16,1835.596,,2024-01-17T02:00:00.000-0500,3,1,2024,2024-01-17,2270.7985000000003,-44.41597000000001,0.0
2024-01-17T03:00:00.000-0500,1795.554,1819.134,,2024-01-17T03:00:00.000-0500,3,1,2024,2024-01-17,2287.2605000000003,-44.74521000000001,0.0
2024-01-17T04:00:00.000-0500,1803.364,1841.268,,2024-01-17T04:00:00.000-0500,3,1,2024,2024-01-17,2265.1265000000003,-44.302530000000004,0.0
2024-01-17T05:00:00.000-0500,1846.283,1889.435,,2024-01-17T05:00:00.000-0500,3,1,2024,2024-01-17,2216.9595000000004,-43.33919000000001,0.0
2024-01-17T06:00:00.000-0500,1993.862,2043.964,,2024-01-17T06:00:00.000-0500,3,1,2024,2024-01-17,2062.4305000000004,-40.248610000000006,0.0
2024-01-17T07:00:00.000-0500,2195.439,2288.305,,2024-01-17T07:00:00.000-0500,3,1,2024,2024-01-17,1818.0895000000005,-35.36179000000001,0.0
2024-01-17T08:00:00.000-0500,2333.297,2419.857,,2024-01-17T08:00:00.000-0500,3,1,2024,2024-01-17,1686.5375000000004,-32.73075000000001,0.0
2024-01-17T09:00:00.000-0500,2366.337,2364.51,,2024-01-17T09:00:00.000-0500,3,1,2024,2024-01-17,1741.8845000000001,-33.83769,0.0
2024-01-17T10:00:00.000-0500,2357.612,2273.973,,2024-01-17T10:00:00.000-0500,3,1,2024,2024-01-17,1832.4215000000004,-35.64843000000001,0.0
2024-01-17T11:00:00.000-0500,2346.705,2344.435,,2024-01-17T11:00:00.000-0500,3,1,2024,2024-01-17,1761.9595000000004,-34.23919000000001,0.0
2024-01-17T12:00:00.000-0500,2318.742,2281.542,,2024-01-17T12:00:00.000-0500,3,1,2024,2024-01-17,1824.8525000000004,-35.49705000000001,0.0
2024-01-17T13:00:00.000-0500,2281.767,2293.945,,2024-01-17T13:00:00.000-0500,3,1,2024,2024-01-17,1812.4495000000002,-35.248990000000006,0.0
2024-01-17T14:00:00.000-0500,2263.339,2285.576,,2024-01-17T14:00:00.000-0500,3,1,2024,2024-01-17,1820.8185000000003,-35.41637000000001,0.0
2024-01-17T15:00:00.000-0500,2257.088,2311.49,,2024-01-17T15:00:00.000-0500,3,1,2024,2024-01-17,1794.9045000000006,-34.89809000000001,0.0
2024-01-17T16:00:00.000-0500,2293.455,2385.106,,2024-01-17T16:00:00.000-0500,3,1,2024,2024-01-17,1721.2885,-33.42577,0.0
2024-01-17T17:00:00.000-0500,2391.121,2496.013,,2024-01-17T17:00:00.000-0500,3,1,2024,2024-01-17,1610.3815000000004,-31.20763000000001,0.0
2024-01-17T18:00:00.000-0500,2507.106,2592.542,,2024-01-17T18:00:00.000-0500,3,1,2024,2024-01-17,1513.8525000000004,-29.27705000000001,0.0
2024-01-17T19:00:00.000-0500,2504.465,2555.362,,2024-01-17T19:00:00.000-0500,3,1,2024,2024-01-17,1551.0325000000003,-30.020650000000007,0.0
2024-01-17T20:00:00.000-0500,2463.396,2505.796,,2024-01-17T20:00:00.000-0500,3,1,2024,2024-01-17,1600.5985000000005,-31.011970000000012,0.0
2024-01-17T21:00:00.000-0500,2394.627,2405.742,,2024-01-17T21:00:00.000-0500,3,1,2024,2024-01-17,1700.6525000000001,-33.01305000000001,0.0
2024-01-17T22:00:00.000-0500,2289.345,2287.449,,2024-01-17T22:00:00.000-0500,3,1,2024,2024-01-17,1818.9455000000003,-35.378910000000005,0.0
2024-01-17T23:00:00.000-0500,2148.415,2146.773,,2024-01-17T23:00:00.000-0500,3,1,2024,2024-01-17,1959.6215000000002,-38.19243,0.0
2024-01-18T00:00:00.000-0500,2026.719,2024.012,,2024-01-18T00:00:00.000-0500,4,1,2024,2024-01-18,2082.3825000000006,-40.64765000000001,0.0
2024-01-12T01:00:00.000-0500,1636.1,1656.864,4106.3945,2024-01-12T01:00:00.000-0500,5,1,2024,2024-01-12,2449.5305000000003,-47.990610000000004,0.0
2024-01-12T02:00:00.000-0500,1592.957,1613.285,,2024-01-12T02:00:00.000-0500,5,1,2024,2024-01-12,2493.1095000000005,-48.86219000000001,0.0
2024-01-12T03:00:00.000-0500,1570.175,1595.426,,2024-01-12T03:00:00.000-0500,5,1,2024,2024-01-12,2510.9685000000004,-49.21937000000001,0.0
2024-01-12T04:00:00.000-0500,1567.791,1602.714,,2024-01-12T04:00:00.000-0500,5,1,2024,2024-01-12,2503.6805000000004,-49.07361000000001,0.0
2024-01-12T05:00:00.000-0500,1611.672,1644.714,,2024-01-12T05:00:00.000-0500,5,1,2024,2024-01-12,2461.6805000000004,-48.233610000000006,0.0
2024-01-12T06:00:00.000-0500,1733.365,1786.493,,2024-01-12T06:00:00.000-0500,5,1,2024,2024-01-12,2319.9015000000004,-45.398030000000006,0.0
2024-01-12T07:00:00.000-0500,1933.7,1978.234,,2024-01-12T07:00:00.000-0500,5,1,2024,2024-01-12,2128.1605000000004,-41.56321000000001,0.0
2024-01-12T08:00:00.000-0500,2048.479,2068.294,,2024-01-12T08:00:00.000-0500,5,1,2024,2024-01-12,2038.1005000000005,-39.76201000000001,0.0
2024-01-12T09:00:00.000-0500,2014.421,1956.289,,2024-01-12T09:00:00.000-0500,5,1,2024,2024-01-12,2150.1055000000006,-42.00211000000001,0.0
2024-01-12T10:00:00.000-0500,1874.075,1812.034,,2024-01-12T10:00:00.000-0500,5,1,2024,2024-01-12,2294.3605000000002,-44.88721,0.0
2024-01-12T11:00:00.000-0500,1761.273,1701.663,,2024-01-12T11:00:00.000-0500,5,1,2024,2024-01-12,2404.7315000000003,-47.09463000000001,0.0
2024-01-12T12:00:00.000-0500,1689.965,1689.972,,2024-01-12T12:00:00.000-0500,5,1,2024,2024-01-12,2416.4225000000006,-47.32845000000001,0.0
2024-01-12T13:00:00.000-0500,1661.319,1632.687,,2024-01-12T13:00:00.000-0500,5,1,2024,2024-01-12,2473.7075000000004,-48.47415000000001,0.0
2024-01-12T14:00:00.000-0500,1685.487,1632.691,,2024-01-12T14:00:00.000-0500,5,1,2024,2024-01-12,2473.7035000000005,-48.47407000000001,0.0
2024-01-12T15:00:00.000-0500,1747.223,1783.331,,2024-01-12T15:00:00.000-0500,5,1,2024,2024-01-12,2323.0635,-45.461270000000006,0.0
2024-01-12T16:00:00.000-0500,1867.41,1944.365,,2024-01-12T16:00:00.000-0500,5,1,2024,2024-01-12,2162.0295000000006,-42.24059000000001,0.0
2024-01-12T17:00:00.000-0500,2022.682,2138.014,,2024-01-12T17:00:00.000-0500,5,1,2024,2024-01-12,1968.3805000000002,-38.367610000000006,0.0
2024-01-12T18:00:00.000-0500,2126.694,2251.852,,2024-01-12T18:00:00.000-0500,5,1,2024,2024-01-12,1854.5425000000005,-36.09085000000001,0.0
2024-01-12T19:00:00.000-0500,2104.633,2190.517,,2024-01-12T19:00:00.000-0500,5,1,2024,2024-01-12,1915.8775000000005,-37.31755000000001,0.0
2024-01-12T20:00:00.000-0500,2046.51,2125.967,,2024-01-12T20:00:00.000-0500,5,1,2024,2024-01-12,1980.4275000000002,-38.60855000000001,0.0
2024-01-12T21:00:00.000-0500,1979.057,2021.803,,2024-01-12T21:00:00.000-0500,5,1,2024,2024-01-12,2084.5915000000005,-40.69183000000001,0.0
2024-01-12T22:00:00.000-0500,1898.378,1924.263,,2024-01-12T22:00:00.000-0500,5,1,2024,2024-01-12,2182.1315000000004,-42.64263000000001,0.0
2024-01-12T23:00:00.000-0500,1773.643,1809.643,,2024-01-12T23:00:00.000-0500,5,1,2024,2024-01-12,2296.7515000000003,-44.935030000000005,0.0
2024-01-13T00:00:00.000-0500,1668.774,1703.77,,2024-01-13T00:00:00.000-0500,6,1,2024,2024-01-13,2402.6245000000004,-47.052490000000006,0.0
2024-01-13T01:00:00.000-0500,1591.531,1641.788,4106.3945,2024-01-13T01:00:00.000-0500,6,1,2024,2024-01-13,2464.6065000000003,-48.29213000000001,0.0
2024-01-13T02:00:00.000-0500,1545.854,1591.697,,2024-01-13T02:00:00.000-0500,6,1,2024,2024-01-13,2514.6975,-49.29395,0.0
2024-01-13T03:00:00.000-0500,1515.544,1537.747,,2024-01-13T03:00:00.000-0500,6,1,2024,2024-01-13,2568.6475,-50.37295,0.0
2024-01-13T04:00:00.000-0500,1503.403,1515.673,,2024-01-13T04:00:00.000-0500,6,1,2024,2024-01-13,2590.7215000000006,-50.814430000000016,0.0
2024-01-13T05:00:00.000-0500,1513.561,1557.453,,2024-01-13T05:00:00.000-0500,6,1,2024,2024-01-13,2548.9415000000004,-49.97883000000001,0.0
2024-01-13T06:00:00.000-0500,1552.177,1553.428,,2024-01-13T06:00:00.000-0500,6,1,2024,2024-01-13,2552.9665000000005,-50.05933000000001,0.0
2024-01-13T07:00:00.000-0500,1616.152,1611.729,,2024-01-13T07:00:00.000-0500,6,1,2024,2024-01-13,2494.6655,-48.89331,0.0
2024-01-13T08:00:00.000-0500,1689.808,1738.421,,2024-01-13T08:00:00.000-0500,6,1,2024,2024-01-13,2367.9735,-46.35947,0.0
2024-01-13T09:00:00.000-0500,1784.312,1771.804,,2024-01-13T09:00:00.000-0500,6,1,2024,2024-01-13,2334.5905000000002,-45.691810000000004,0.0
2024-01-13T10:00:00.000-0500,1867.393,1833.565,,2024-01-13T10:00:00.000-0500,6,1,2024,2024-01-13,2272.8295000000003,-44.456590000000006,0.0
2024-01-13T11:00:00.000-0500,1904.056,1880.492,,2024-01-13T11:00:00.000-0500,6,1,2024,2024-01-13,2225.9025,-43.51805,0.0
2024-01-13T12:00:00.000-0500,1889.396,1869.843,,2024-01-13T12:00:00.000-0500,6,1,2024,2024-01-13,2236.5515000000005,-43.73103000000001,0.0
2024-01-13T13:00:00.000-0500,1800.756,1734.411,,2024-01-13T13:00:00.000-0500,6,1,2024,2024-01-13,2371.9835000000003,-46.43967000000001,0.0
2024-01-13T14:00:00.000-0500,1719.932,1729.888,,2024-01-13T14:00:00.000-0500,6,1,2024,2024-01-13,2376.5065000000004,-46.53013000000001,0.0
2024-01-13T15:00:00.000-0500,1770.881,1761.633,,2024-01-13T15:00:00.000-0500,6,1,2024,2024-01-13,2344.7615000000005,-45.89523000000001,0.0
2024-01-13T16:00:00.000-0500,1817.872,1810.758,,2024-01-13T16:00:00.000-0500,6,1,2024,2024-01-13,2295.6365000000005,-44.91273000000001,0.0
2024-01-13T17:00:00.000-0500,1909.57,1933.896,,2024-01-13T17:00:00.000-0500,6,1,2024,2024-01-13,2172.4985000000006,-42.449970000000015,0.0
2024-01-13T18:00:00.000-0500,1995.509,2056.739,,2024-01-13T18:00:00.000-0500,6,1,2024,2024-01-13,2049.6555000000003,-39.99311000000001,0.0
2024-01-13T19:00:00.000-0500,1975.64,2022.26,,2024-01-13T19:00:00.000-0500,6,1,2024,2024-01-13,2084.1345,-40.68269,0.0
2024-01-13T20:00:00.000-0500,1921.19,1962.064,,2024-01-13T20:00:00.000-0500,6,1,2024,2024-01-13,2144.3305,-41.886610000000005,0.0
2024-01-13T21:00:00.000-0500,1873.122,1897.297,,2024-01-13T21:00:00.000-0500,6,1,2024,2024-01-13,2209.0975000000003,-43.18195000000001,0.0
2024-01-13T22:00:00.000-0500,1802.487,1819.45,,2024-01-13T22:00:00.000-0500,6,1,2024,2024-01-13,2286.9445000000005,-44.73889000000001,0.0
2024-01-13T23:00:00.000-0500,1726.476,1734.368,,2024-01-13T23:00:00.000-0500,6,1,2024,2024-01-13,2372.0265000000004,-46.44053000000001,0.0
2024-01-14T00:00:00.000-0500,1636.752,1642.344,,2024-01-14T00:00:00.000-0500,7,1,2024,2024-01-14,2464.0505000000003,-48.28101000000001,0.0
2024-01-14T01:00:00.000-0500,1575.322,1552.735,4106.3945,2024-01-14T01:00:00.000-0500,7,1,2024,2024-01-14,2553.6595000000007,-50.07319000000001,0.0
2024-01-14T02:00:00.000-0500,1535.646,1541.768,,2024-01-14T02:00:00.000-0500,7,1,2024,2024-01-14,2564.6265000000003,-50.292530000000006,0.0
2024-01-14T03:00:00.000-0500,1509.627,1523.392,,2024-01-14T03:00:00.000-0500,7,1,2024,2024-01-14,2583.0025000000005,-50.66005000000001,0.0
2024-01-14T04:00:00.000-0500,1501.663,1529.327,,2024-01-14T04:00:00.000-0500,7,1,2024,2024-01-14,2577.0675,-50.54135,0.0
2024-01-14T05:00:00.000-0500,1523.024,1543.951,,2024-01-14T05:00:00.000-0500,7,1,2024,2024-01-14,2562.4435000000003,-50.24887000000001,0.0
2024-01-14T06:00:00.000-0500,1563.995,1580.081,,2024-01-14T06:00:00.000-0500,7,1,2024,2024-01-14,2526.3135,-49.526270000000004,0.0
2024-01-14T07:00:00.000-0500,1640.257,1605.85,,2024-01-14T07:00:00.000-0500,7,1,2024,2024-01-14,2500.5445000000004,-49.01089000000001,0.0
2024-01-14T08:00:00.000-0500,1713.173,1687.402,,2024-01-14T08:00:00.000-0500,7,1,2024,2024-01-14,2418.9925000000003,-47.379850000000005,0.0
2024-01-14T09:00:00.000-0500,1731.507,1683.197,,2024-01-14T09:00:00.000-0500,7,1,2024,2024-01-14,2423.1975,-47.463950000000004,0.0
2024-01-14T10:00:00.000-0500,1681.96,1637.723,,2024-01-14T10:00:00.000-0500,7,1,2024,2024-01-14,2468.6715000000004,-48.373430000000006,0.0
2024-01-14T11:00:00.000-0500,1716.247,1598.677,,2024-01-14T11:00:00.000-0500,7,1,2024,2024-01-14,2507.7175000000007,-49.154350000000015,0.0
2024-01-14T12:00:00.000-0500,1759.18,1697.566,,2024-01-14T12:00:00.000-0500,7,1,2024,2024-01-14,2408.8285000000005,-47.17657000000001,0.0
2024-01-14T13:00:00.000-0500,1866.62,1791.207,,2024-01-14T13:00:00.000-0500,7,1,2024,2024-01-14,2315.1875,-45.30375,0.0
2024-01-14T14:00:00.000-0500,1921.139,1942.567,,2024-01-14T14:00:00.000-0500,7,1,2024,2024-01-14,2163.8275000000003,-42.27655000000001,0.0
2024-01-14T15:00:00.000-0500,1961.117,1976.966,,2024-01-14T15:00:00.000-0500,7,1,2024,2024-01-14,2129.4285000000004,-41.58857000000001,0.0
2024-01-14T16:00:00.000-0500,2016.604,2038.73,,2024-01-14T16:00:00.000-0500,7,1,2024,2024-01-14,2067.6645000000003,-40.35329000000001,0.0
2024-01-14T17:00:00.000-0500,2134.247,2119.939,,2024-01-14T17:00:00.000-0500,7,1,2024,2024-01-14,1986.4555000000005,-38.72911000000001,0.0
2024-01-14T18:00:00.000-0500,2236.008,2241.018,,2024-01-14T18:00:00.000-0500,7,1,2024,2024-01-14,1865.3765000000003,-36.30753000000001,0.0
2024-01-14T19:00:00.000-0500,2222.802,2194.366,,2024-01-14T19:00:00.000-0500,7,1,2024,2024-01-14,1912.0285000000003,-37.240570000000005,0.0
2024-01-14T20:00:00.000-0500,2164.029,2141.594,,2024-01-14T20:00:00.000-0500,7,1,2024,2024-01-14,1964.8005000000003,-38.29601000000001,0.0
2024-01-14T21:00:00.000-0500,2101.815,2057.645,,2024-01-14T21:00:00.000-0500,7,1,2024,2024-01-14,2048.7495000000004,-39.974990000000005,0.0
2024-01-14T22:00:00.000-0500,2022.445,1969.671,,2024-01-14T22:00:00.000-0500,7,1,2024,2024-01-14,2136.7235,-41.73447,0.0
2024-01-14T23:00:00.000-0500,1912.745,1868.721,,2024-01-14T23:00:00.000-0500,7,1,2024,2024-01-14,2237.6735000000003,-43.75347000000001,0.0
2024-01-15T00:00:00.000-0500,1824.116,1750.498,,2024-01-15T00:00:00.000-0500,1,1,2024,2024-01-15,2355.8965000000003,-46.11793000000001,0.0
2024-01-15T01:00:00.000-0500,1751.348,1719.492,4106.3945,2024-01-15T01:00:00.000-0500,1,1,2024,2024-01-15,2386.9025,-46.73805,0.0
2024-01-15T02:00:00.000-0500,1716.696,1667.657,,2024-01-15T02:00:00.000-0500,1,1,2024,2024-01-15,2438.7375,-47.774750000000004,0.0
2024-01-15T03:00:00.000-0500,1700.783,1641.406,,2024-01-15T03:00:00.000-0500,1,1,2024,2024-01-15,2464.9885000000004,-48.29977000000001,0.0
2024-01-15T04:00:00.000-0500,1703.757,1676.234,,2024-01-15T04:00:00.000-0500,1,1,2024,2024-01-15,2430.1605000000004,-47.60321000000001,0.0
2024-01-15T05:00:00.000-0500,1748.458,1797.237,,2024-01-15T05:00:00.000-0500,1,1,2024,2024-01-15,2309.1575000000003,-45.183150000000005,0.0
2024-01-15T06:00:00.000-0500,1867.646,1932.361,,2024-01-15T06:00:00.000-0500,1,1,2024,2024-01-15,2174.0335000000005,-42.48067000000001,0.0
2024-01-15T07:00:00.000-0500,2006.556,2094.722,,2024-01-15T07:00:00.000-0500,1,1,2024,2024-01-15,2011.6725000000001,-39.233450000000005,0.0
2024-01-15T08:00:00.000-0500,2126.23,2203.361,,2024-01-15T08:00:00.000-0500,1,1,2024,2024-01-15,1903.0335000000005,-37.06067000000001,0.0
2024-01-15T09:00:00.000-0500,2155.07,2178.437,,2024-01-15T09:00:00.000-0500,1,1,2024,2024-01-15,1927.9575000000004,-37.55915000000001,0.0
2024-01-15T10:00:00.000-0500,2096.294,2031.348,,2024-01-15T10:00:00.000-0500,1,1,2024,2024-01-15,2075.0465000000004,-40.50093000000001,0.0
2024-01-15T11:00:00.000-0500,2021.073,1898.476,,2024-01-15T11:00:00.000-0500,1,1,2024,2024-01-15,2207.9185,-43.158370000000005,0.0
2024-01-15T12:00:00.000-0500,1950.462,1846.1,,2024-01-15T12:00:00.000-0500,1,1,2024,2024-01-15,2260.2945000000004,-44.20589000000001,0.0
2024-01-15T13:00:00.000-0500,1911.593,1848.783,,2024-01-15T13:00:00.000-0500,1,1,2024,2024-01-15,2257.6115000000004,-44.15223000000001,0.0
2024-01-15T14:00:00.000-0500,1948.283,1919.284,,2024-01-15T14:00:00.000-0500,1,1,2024,2024-01-15,2187.1105000000002,-42.74221000000001,0.0
2024-01-15T15:00:00.000-0500,2029.539,2115.581,,2024-01-15T15:00:00.000-0500,1,1,2024,2024-01-15,1990.8135000000002,-38.81627,0.0
2024-01-15T16:00:00.000-0500,2196.654,2184.114,,2024-01-15T16:00:00.000-0500,1,1,2024,2024-01-15,1922.2805000000003,-37.44561000000001,0.0
2024-01-15T17:00:00.000-0500,2335.735,2379.684,,2024-01-15T17:00:00.000-0500,1,1,2024,2024-01-15,1726.7105000000001,-33.53421,0.0
2024-01-15T18:00:00.000-0500,2427.497,2456.494,,2024-01-15T18:00:00.000-0500,1,1,2024,2024-01-15,1649.9005000000002,-31.998010000000008,0.0
2024-01-15T19:00:00.000-0500,2399.782,2415.184,,2024-01-15T19:00:00.000-0500,1,1,2024,2024-01-15,1691.2105000000001,-32.82421,0.0
2024-01-15T20:00:00.000-0500,2341.576,2332.213,,2024-01-15T20:00:00.000-0500,1,1,2024,2024-01-15,1774.1815000000001,-34.483630000000005,0.0
2024-01-15T21:00:00.000-0500,2262.11,2226.679,,2024-01-15T21:00:00.000-0500,1,1,2024,2024-01-15,1879.7155000000002,-36.59431000000001,0.0
2024-01-15T22:00:00.000-0500,2147.643,2109.764,,2024-01-15T22:00:00.000-0500,1,1,2024,2024-01-15,1996.6305000000002,-38.932610000000004,0.0
2024-01-15T23:00:00.000-0500,1996.489,1992.618,,2024-01-15T23:00:00.000-0500,1,1,2024,2024-01-15,2113.7765000000004,-41.27553000000001,0.0
2024-01-16T00:00:00.000-0500,1865.078,1866.809,,2024-01-16T00:00:00.000-0500,2,1,2024,2024-01-16,2239.5855,-43.79171,0.0
2024-01-16T01:00:00.000-0500,1784.214,1811.211,4190.2521,2024-01-16T01:00:00.000-0500,2,1,2024,2024-01-16,2295.1835,-44.903670000000005,0.0
2024-01-16T02:00:00.000-0500,1730.317,1756.662,,2024-01-16T02:00:00.000-0500,2,1,2024,2024-01-16,2349.7325,-45.99465,0.0
2024-01-16T03:00:00.000-0500,1710.746,1753.583,,2024-01-16T03:00:00.000-0500,2,1,2024,2024-01-16,2352.8115000000003,-46.056230000000006,0.0
2024-01-16T04:00:00.000-0500,1715.696,1758.429,,2024-01-16T04:00:00.000-0500,2,1,2024,2024-01-16,2347.9655000000002,-45.95931000000001,0.0
2024-01-16T05:00:00.000-0500,1762.167,1794.696,,2024-01-16T05:00:00.000-0500,2,1,2024,2024-01-16,2311.6985000000004,-45.23397000000001,0.0
2024-01-16T06:00:00.000-0500,1875.304,1916.764,,2024-01-16T06:00:00.000-0500,2,1,2024,2024-01-16,2189.6305,-42.79261,0.0
2024-01-16T07:00:00.000-0500,2060.25,2124.751,,2024-01-16T07:00:00.000-0500,2,1,2024,2024-01-16,1981.6435000000001,-38.632870000000004,0.0
2024-01-16T08:00:00.000-0500,2194.518,2293.715,,2024-01-16T08:00:00.000-0500,2,1,2024,2024-01-16,1812.6795000000002,-35.25359,0.0
2024-01-16T09:00:00.000-0500,2276.883,2412.029,,2024-01-16T09:00:00.000-0500,2,1,2024,2024-01-16,1694.3655000000003,-32.88731000000001,0.0
2024-01-16T10:00:00.000-0500,2325.473,2442.765,,2024-01-16T10:00:00.000-0500,2,1,2024,2024-01-16,1663.6295000000005,-32.27259000000001,0.0
2024-01-16T11:00:00.000-0500,2370.473,2517.135,,2024-01-16T11:00:00.000-0500,2,1,2024,2024-01-16,1589.2595000000001,-30.785190000000004,0.0
2024-01-16T12:00:00.000-0500,2401.88,2554.481,,2024-01-16T12:00:00.000-0500,2,1,2024,2024-01-16,1551.9135,-30.038270000000004,0.0
2024-01-16T13:00:00.000-0500,2413.813,2618.302,,2024-01-16T13:00:00.000-0500,2,1,2024,2024-01-16,1488.0925000000002,-28.761850000000006,0.0
2024-01-16T14:00:00.000-0500,2400.372,2602.482,,2024-01-16T14:00:00.000-0500,2,1,2024,2024-01-16,1503.9125000000004,-29.078250000000008,0.0
2024-01-16T15:00:00.000-0500,2370.404,2543.702,,2024-01-16T15:00:00.000-0500,2,1,2024,2024-01-16,1562.6925,-30.253850000000003,0.0
2024-01-16T16:00:00.000-0500,2355.146,2549.787,,2024-01-16T16:00:00.000-0500,2,1,2024,2024-01-16,1556.6075000000005,-30.13215000000001,0.0
2024-01-16T17:00:00.000-0500,2419.296,2533.213,,2024-01-16T17:00:00.000-0500,2,1,2024,2024-01-16,1573.1815000000001,-30.463630000000002,0.0
2024-01-16T18:00:00.000-0500,2483.889,2563.061,,2024-01-16T18:00:00.000-0500,2,1,2024,2024-01-16,1543.3335000000002,-29.866670000000003,0.0
2024-01-16T19:00:00.000-0500,2447.895,2524.919,,2024-01-16T19:00:00.000-0500,2,1,2024,2024-01-16,1581.4755000000005,-30.62951000000001,0.0
2024-01-16T20:00:00.000-0500,2378.055,2430.444,,2024-01-16T20:00:00.000-0500,2,1,2024,2024-01-16,1675.9505000000004,-32.51901000000001,0.0
2024-01-16T21:00:00.000-0500,2289.198,2326.198,,2024-01-16T21:00:00.000-0500,2,1,2024,2024-01-16,1780.1965000000005,-34.60393000000001,0.0
2024-01-16T22:00:00.000-0500,2169.7,2192.619,,2024-01-16T22:00:00.000-0500,2,1,2024,2024-01-16,1913.7755000000002,-37.275510000000004,0.0
2024-01-16T23:00:00.000-0500,2035.432,2033.199,,2024-01-16T23:00:00.000-0500,2,1,2024,2024-01-16,2073.1955000000003,-40.463910000000006,0.0
2024-01-17T00:00:00.000-0500,1916.47,1930.309,,2024-01-17T00:00:00.000-0500,3,1,2024,2024-01-17,2176.0855,-42.521710000000006,0.0
2024-01-17T01:00:00.000-0500,1855.872,1871.122,4286.6033,2024-01-17T01:00:00.000-0500,3,1,2024,2024-01-17,2235.2725,-43.70545,0.0
2024-01-17T02:00:00.000-0500,1808.16,1835.596,,2024-01-17T02:00:00.000-0500,3,1,2024,2024-01-17,2270.7985000000003,-44.41597000000001,0.0
2024-01-17T03:00:00.000-0500,1795.554,1819.134,,2024-01-17T03:00:00.000-0500,3,1,2024,2024-01-17,2287.2605000000003,-44.74521000000001,0.0
2024-01-17T04:00:00.000-0500,1803.364,1841.268,,2024-01-17T04:00:00.000-0500,3,1,2024,2024-01-17,2265.1265000000003,-44.302530000000004,0.0
2024-01-17T05:00:00.000-0500,1846.283,1889.435,,2024-01-17T05:00:00.000-0500,3,1,2024,2024-01-17,2216.9595000000004,-43.33919000000001,0.0
2024-01-17T06:00:00.000-0500,1993.862,2043.964,,2024-01-17T06:00:00.000-0500,3,1,2024,2024-01-17,2062.4305000000004,-40.248610000000006,0.0
2024-01-17T07:00:00.000-0500,2195.439,2288.305,,2024-01-17T07:00:00.000-0500,3,1,2024,2024-01-17,1818.0895000000005,-35.36179000000001,0.0
2024-01-17T08:00:00.000-0500,2333.297,2419.857,,2024-01-17T08:00:00.000-0500,3,1,2024,2024-01-17,1686.5375000000004,-32.73075000000001,0.0
2024-01-17T09:00:00.000-0500,2366.337,2364.51,,2024-01-17T09:00:00.000-0500,3,1,2024,2024-01-17,1741.8845000000001,-33.83769,0.0
2024-01-17T10:00:00.000-0500,2357.612,2273.973,,2024-01-17T10:00:00.000-0500,3,1,2024,2024-01-17,1832.4215000000004,-35.64843000000001,0.0
2024-01-17T11:00:00.000-0500,2346.705,2344.435,,2024-01-17T11:00:00.000-0500,3,1,2024,2024-01-17,1761.9595000000004,-34.23919000000001,0.0
2024-01-17T12:00:00.000-0500,2318.742,2281.542,,2024-01-17T12:00:00.000-0500,3,1,2024,2024-01-17,1824.8525000000004,-35.49705000000001,0.0
2024-01-17T13:00:00.000-0500,2281.767,2293.945,,2024-01-17T13:00:00.000-0500,3,1,2024,2024-01-17,1812.4495000000002,-35.248990000000006,0.0
2024-01-17T14:00:00.000-0500,2263.339,2285.576,,2024-01-17T14:00:00.000-0500,3,1,2024,2024-01-17,1820.8185000000003,-35.41637000000001,0.0
2024-01-17T15:00:00.000-0500,2257.088,2311.49,,2024-01-17T15:00:00.000-0500,3,1,2024,2024-01-17,1794.9045000000006,-34.89809000000001,0.0
2024-01-17T16:00:00.000-0500,2293.455,2385.106,,2024-01-17T16:00:00.000-0500,3,1,2024,2024-01-17,1721.2885,-33.42577,0.0
2024-01-17T17:00:00.000-0500,2391.121,2496.013,,2024-01-17T17:00:00.000-0500,3,1,2024,2024-01-17,1610.3815000000004,-31.20763000000001,0.0
2024-01-17T18:00:00.000-0500,2507.106,2592.542,,2024-01-17T18:00:00.000-0500,3,1,2024,2024-01-17,1513.8525000000004,-29.27705000000001,0.0
2024-01-17T19:00:00.000-0500,2504.465,2555.362,,2024-01-17T19:00:00.000-0500,3,1,2024,2024-01-17,1551.0325000000003,-30.020650000000007,0.0
2024-01-17T20:00:00.000-0500,2463.396,2505.796,,2024-01-17T20:00:00.000-0500,3,1,2024,2024-01-17,1600.5985000000005,-31.011970000000012,0.0
2024-01-17T21:00:00.000-0500,2394.627,2405.742,,2024-01-17T21:00:00.000-0500,3,1,2024,2024-01-17,1700.6525000000001,-33.01305000000001,0.0
2024-01-17T22:00:00.000-0500,2289.345,2287.449,,2024-01-17T22:00:00.000-0500,3,1,2024,2024-01-17,1818.9455000000003,-35.378910000000005,0.0
2024-01-17T23:00:00.000-0500,2148.415,2146.773,,2024-01-17T23:00:00.000-0500,3,1,2024,2024-01-17,1959.6215000000002,-38.19243,0.0
2024-01-18T00:00:00.000-0500,2026.719,2024.012,,2024-01-18T00:00:00.000-0500,4,1,2024,2024-01-18,2082.3825000000006,-40.64765000000001,0.0
2024-01-18T01:00:00.000-0500,1961.057,1945.712,4338.9623,2024-01-18T01:00:00.000-0500,4,1,2024,2024-01-18,2160.6825000000003,-42.21365000000001,0.0
2024-01-18T02:00:00.000-0500,1920.753,1918.876,,2024-01-18T02:00:00.000-0500,4,1,2024,2024-01-18,2187.5185,-42.750370000000004,0.0
2024-01-18T03:00:00.000-0500,1903.77,1882.39,,2024-01-18T03:00:00.000-0500,4,1,2024,2024-01-18,2224.0045,-43.480090000000004,0.0
2024-01-18T04:00:00.000-0500,1899.365,1906.98,,2024-01-18T04:00:00.000-0500,4,1,2024,2024-01-18,2199.4145000000003,-42.988290000000006,0.0
2024-01-18T05:00:00.000-0500,1952.963,1954.874,,2024-01-18T05:00:00.000-0500,4,1,2024,2024-01-18,2151.5205000000005,-42.03041000000001,0.0
2024-01-18T06:00:00.000-0500,2078.947,2115.804,,2024-01-18T06:00:00.000-0500,4,1,2024,2024-01-18,1990.5905000000002,-38.81181000000001,0.0
2024-01-18T07:00:00.000-0500,2291.317,2322.589,,2024-01-18T07:00:00.000-0500,4,1,2024,2024-01-18,1783.8055000000004,-34.67611000000001,0.0
2024-01-18T08:00:00.000-0500,2410.725,2454.535,,2024-01-18T08:00:00.000-0500,4,1,2024,2024-01-18,1651.8595000000005,-32.03719000000001,0.0
2024-01-18T09:00:00.000-0500,2431.269,2444.224,,2024-01-18T09:00:00.000-0500,4,1,2024,2024-01-18,1662.1705000000002,-32.243410000000004,0.0
2024-01-18T10:00:00.000-0500,2433.815,2397.829,,2024-01-18T10:00:00.000-0500,4,1,2024,2024-01-18,1708.5655000000002,-33.171310000000005,0.0
2024-01-18T11:00:00.000-0500,2435.435,2391.89,,2024-01-18T11:00:00.000-0500,4,1,2024,2024-01-18,1714.5045000000005,-33.29009000000001,0.0
2024-01-18T12:00:00.000-0500,2423.966,2474.42,,2024-01-18T12:00:00.000-0500,4,1,2024,2024-01-18,1631.9745000000003,-31.63949000000001,0.0
2024-01-18T13:00:00.000-0500,2394.187,2459.009,,2024-01-18T13:00:00.000-0500,4,1,2024,2024-01-18,1647.3855000000003,-31.947710000000008,0.0
2024-01-18T14:00:00.000-0500,2367.296,2456.86,,2024-01-18T14:00:00.000-0500,4,1,2024,2024-01-18,1649.5345000000002,-31.990690000000008,0.0
2024-01-18T15:00:00.000-0500,2350.426,2454.929,,2024-01-18T15:00:00.000-0500,4,1,2024,2024-01-18,1651.4655000000002,-32.02931,0.0
2024-01-18T16:00:00.000-0500,2349.752,2491.479,,2024-01-18T16:00:00.000-0500,4,1,2024,2024-01-18,1614.9155000000005,-31.298310000000008,0.0
2024-01-18T17:00:00.000-0500,2418.523,2514.418,,2024-01-18T17:00:00.000-0500,4,1,2024,2024-01-18,1591.9765000000002,-30.839530000000003,0.0
2024-01-18T18:00:00.000-0500,2491.614,2576.254,,2024-01-18T18:00:00.000-0500,4,1,2024,2024-01-18,1530.1405000000004,-29.60281000000001,0.0
2024-01-18T19:00:00.000-0500,2466.242,2509.169,,2024-01-18T19:00:00.000-0500,4,1,2024,2024-01-18,1597.2255000000005,-30.94451000000001,0.0
2024-01-18T20:00:00.000-0500,2424.606,2436.116,,2024-01-18T20:00:00.000-0500,4,1,2024,2024-01-18,1670.2785000000003,-32.405570000000004,0.0
2024-01-18T21:00:00.000-0500,2344.709,2340.741,,2024-01-18T21:00:00.000-0500,4,1,2024,2024-01-18,1765.6535000000003,-34.31307000000001,0.0
2024-01-18T22:00:00.000-0500,2220.049,2220.306,,2024-01-18T22:00:00.000-0500,4,1,2024,2024-01-18,1886.0885000000003,-36.72177000000001,0.0
2024-01-18T23:00:00.000-0500,2082.916,2071.405,,2024-01-18T23:00:00.000-0500,4,1,2024,2024-01-18,2034.9895000000001,-39.69979,0.0
2024-01-19T00:00:00.000-0500,1965.81,1955.514,,2024-01-19T00:00:00.000-0500,5,1,2024,2024-01-19,2150.8805,-42.017610000000005,0.0
2024-01-13T01:00:00.000-0500,1591.531,1641.788,4106.3945,2024-01-13T01:00:00.000-0500,6,1,2024,2024-01-13,2464.6065000000003,-48.29213000000001,0.0
2024-01-13T02:00:00.000-0500,1545.854,1591.697,,2024-01-13T02:00:00.000-0500,6,1,2024,2024-01-13,2514.6975,-49.29395,0.0
2024-01-13T03:00:00.000-0500,1515.544,1537.747,,2024-01-13T03:00:00.000-0500,6,1,2024,2024-01-13,2568.6475,-50.37295,0.0
2024-01-13T04:00:00.000-0500,1503.403,1515.673,,2024-01-13T04:00:00.000-0500,6,1,2024,2024-01-13,2590.7215000000006,-50.814430000000016,0.0
2024-01-13T05:00:00.000-0500,1513.561,1557.453,,2024-01-13T05:00:00.000-0500,6,1,2024,2024-01-13,2548.9415000000004,-49.97883000000001,0.0
2024-01-13T06:00:00.000-0500,1552.177,1553.428,,2024-01-13T06:00:00.000-0500,6,1,2024,2024-01-13,2552.9665000000005,-50.05933000000001,0.0
2024-01-13T07:00:00.000-0500,1616.152,1611.729,,2024-01-13T07:00:00.000-0500,6,1,2024,2024-01-13,2494.6655,-48.89331,0.0
2024-01-13T08:00:00.000-0500,1689.808,1738.421,,2024-01-13T08:00:00.000-0500,6,1,2024,2024-01-13,2367.9735,-46.35947,0.0
2024-01-13T09:00:00.000-0500,1784.312,1771.804,,2024-01-13T09:00:00.000-0500,6,1,2024,2024-01-13,2334.5905000000002,-45.691810000000004,0.0
2024-01-13T10:00:00.000-0500,1867.393,1833.565,,2024-01-13T10:00:00.000-0500,6,1,2024,2024-01-13,2272.8295000000003,-44.456590000000006,0.0
2024-01-13T11:00:00.000-0500,1904.056,1880.492,,2024-01-13T11:00:00.000-0500,6,1,2024,2024-01-13,2225.9025,-43.51805,0.0
2024-01-13T12:00:00.000-0500,1889.396,1869.843,,2024-01-13T12:00:00.000-0500,6,1,2024,2024-01-13,2236.5515000000005,-43.73103000000001,0.0
2024-01-13T13:00:00.000-0500,1800.756,1734.411,,2024-01-13T13:00:00.000-0500,6,1,2024,2024-01-13,2371.9835000000003,-46.43967000000001,0.0
2024-01-13T14:00:00.000-0500,1719.932,1729.888,,2024-01-13T14:00:00.000-0500,6,1,2024,2024-01-13,2376.5065000000004,-46.53013000000001,0.0
2024-01-13T15:00:00.000-0500,1770.881,1761.633,,2024-01-13T15:00:00.000-0500,6,1,2024,2024-01-13,2344.7615000000005,-45.89523000000001,0.0
2024-01-13T16:00:00.000-0500,1817.872,1810.758,,2024-01-13T16:00:00.000-0500,6,1,2024,2024-01-13,2295.6365000000005,-44.91273000000001,0.0
2024-01-13T17:00:00.000-0500,1909.57,1933.896,,2024-01-13T17:00:00.000-0500,6,1,2024,2024-01-13,2172.4985000000006,-42.449970000000015,0.0
2024-01-13T18:00:00.000-0500,1995.509,2056.739,,2024-01-13T18:00:00.000-0500,6,1,2024,2024-01-13,2049.6555000000003,-39.99311000000001,0.0
2024-01-13T19:00:00.000-0500,1975.64,2022.26,,2024-01-13T19:00:00.000-0500,6,1,2024,2024-01-13,2084.1345,-40.68269,0.0
2024-01-13T20:00:00.000-0500,1921.19,1962.064,,2024-01-13T20:00:00.000-0500,6,1,2024,2024-01-13,2144.3305,-41.886610000000005,0.0
2024-01-13T21:00:00.000-0500,1873.122,1897.297,,2024-01-13T21:00:00.000-0500,6,1,2024,2024-01-13,2209.0975000000003,-43.18195000000001,0.0
2024-01-13T22:00:00.000-0500,1802.487,1819.45,,2024-01-13T22:00:00.000-0500,6,1,2024,2024-01-13,2286.9445000000005,-44.73889000000001,0.0
2024-01-13T23:00:00.000-0500,1726.476,1734.368,,2024-01-13T23:00:00.000-0500,6,1,2024,2024-01-13,2372.0265000000004,-46.44053000000001,0.0
2024-01-14T00:00:00.000-0500,1636.752,1642.344,,2024-01-14T00:00:00.000-0500,7,1,2024,2024-01-14,2464.0505000000003,-48.28101000000001,0.0
2024-01-14T01:00:00.000-0500,1575.322,1552.735,4106.3945,2024-01-14T01:00:00.000-0500,7,1,2024,2024-01-14,2553.6595000000007,-50.07319000000001,0.0
2024-01-14T02:00:00.000-0500,1535.646,1541.768,,2024-01-14T02:00:00.000-0500,7,1,2024,2024-01-14,2564.6265000000003,-50.292530000000006,0.0
2024-01-14T03:00:00.000-0500,1509.627,1523.392,,2024-01-14T03:00:00.000-0500,7,1,2024,2024-01-14,2583.0025000000005,-50.66005000000001,0.0
2024-01-14T04:00:00.000-0500,1501.663,1529.327,,2024-01-14T04:00:00.000-0500,7,1,2024,2024-01-14,2577.0675,-50.54135,0.0
2024-01-14T05:00:00.000-0500,1523.024,1543.951,,2024-01-14T05:00:00.000-0500,7,1,2024,2024-01-14,2562.4435000000003,-50.24887000000001,0.0
2024-01-14T06:00:00.000-0500,1563.995,1580.081,,2024-01-14T06:00:00.000-0500,7,1,2024,2024-01-14,2526.3135,-49.526270000000004,0.0
2024-01-14T07:00:00.000-0500,1640.257,1605.85,,2024-01-14T07:00:00.000-0500,7,1,2024,2024-01-14,2500.5445000000004,-49.01089000000001,0.0
2024-01-14T08:00:00.000-0500,1713.173,1687.402,,2024-01-14T08:00:00.000-0500,7,1,2024,2024-01-14,2418.9925000000003,-47.379850000000005,0.0
2024-01-14T09:00:00.000-0500,1731.507,1683.197,,2024-01-14T09:00:00.000-0500,7,1,2024,2024-01-14,2423.1975,-47.463950000000004,0.0
2024-01-14T10:00:00.000-0500,1681.96,1637.723,,2024-01-14T10:00:00.000-0500,7,1,2024,2024-01-14,2468.6715000000004,-48.373430000000006,0.0
2024-01-14T11:00:00.000-0500,1716.247,1598.677,,2024-01-14T11:00:00.000-0500,7,1,2024,2024-01-14,2507.7175000000007,-49.154350000000015,0.0
2024-01-14T12:00:00.000-0500,1759.18,1697.566,,2024-01-14T12:00:00.000-0500,7,1,2024,2024-01-14,2408.8285000000005,-47.17657000000001,0.0
2024-01-14T13:00:00.000-0500,1866.62,1791.207,,2024-01-14T13:00:00.000-0500,7,1,2024,2024-01-14,2315.1875,-45.30375,0.0
2024-01-14T14:00:00.000-0500,1921.139,1942.567,,2024-01-14T14:00:00.000-0500,7,1,2024,2024-01-14,2163.8275000000003,-42.27655000000001,0.0
2024-01-14T15:00:00.000-0500,1961.117,1976.966,,2024-01-14T15:00:00.000-0500,7,1,2024,2024-01-14,2129.4285000000004,-41.58857000000001,0.0
2024-01-14T16:00:00.000-0500,2016.604,2038.73,,2024-01-14T16:00:00.000-0500,7,1,2024,2024-01-14,2067.6645000000003,-40.35329000000001,0.0
2024-01-14T17:00:00.000-0500,2134.247,2119.939,,2024-01-14T17:00:00.000-0500,7,1,2024,2024-01-14,1986.4555000000005,-38.72911000000001,0.0
2024-01-14T18:00:00.000-0500,2236.008,2241.018,,2024-01-14T18:00:00.000-0500,7,1,2024,2024-01-14,1865.3765000000003,-36.30753000000001,0.0
2024-01-14T19:00:00.000-0500,2222.802,2194.366,,2024-01-14T19:00:00.000-0500,7,1,2024,2024-01-14,1912.0285000000003,-37.240570000000005,0.0
2024-01-14T20:00:00.000-0500,2164.029,2141.594,,2024-01-14T20:00:00.000-0500,7,1,2024,2024-01-14,1964.8005000000003,-38.29601000000001,0.0
2024-01-14T21:00:00.000-0500,2101.815,2057.645,,2024-01-14T21:00:00.000-0500,7,1,2024,2024-01-14,2048.7495000000004,-39.974990000000005,0.0
2024-01-14T22:00:00.000-0500,2022.445,1969.671,,2024-01-14T22:00:00.000-0500,7,1,2024,2024-01-14,2136.7235,-41.73447,0.0
2024-01-14T23:00:00.000-0500,1912.745,1868.721,,2024-01-14T23:00:00.000-0500,7,1,2024,2024-01-14,2237.6735000000003,-43.75347000000001,0.0
2024-01-15T00:00:00.000-0500,1824.116,1750.498,,2024-01-15T00:00:00.000-0500,1,1,2024,2024-01-15,2355.8965000000003,-46.11793000000001,0.0
2024-01-15T01:00:00.000-0500,1751.348,1719.492,4106.3945,2024-01-15T01:00:00.000-0500,1,1,2024,2024-01-15,2386.9025,-46.73805,0.0
2024-01-15T02:00:00.000-0500,1716.696,1667.657,,2024-01-15T02:00:00.000-0500,1,1,2024,2024-01-15,2438.7375,-47.774750000000004,0.0
2024-01-15T03:00:00.000-0500,1700.783,1641.406,,2024-01-15T03:00:00.000-0500,1,1,2024,2024-01-15,2464.9885000000004,-48.29977000000001,0.0
2024-01-15T04:00:00.000-0500,1703.757,1676.234,,2024-01-15T04:00:00.000-0500,1,1,2024,2024-01-15,2430.1605000000004,-47.60321000000001,0.0
2024-01-15T05:00:00.000-0500,1748.458,1797.237,,2024-01-15T05:00:00.000-0500,1,1,2024,2024-01-15,2309.1575000000003,-45.183150000000005,0.0
2024-01-15T06:00:00.000-0500,1867.646,1932.361,,2024-01-15T06:00:00.000-0500,1,1,2024,2024-01-15,2174.0335000000005,-42.48067000000001,0.0
2024-01-15T07:00:00.000-0500,2006.556,2094.722,,2024-01-15T07:00:00.000-0500,1,1,2024,2024-01-15,2011.6725000000001,-39.233450000000005,0.0
2024-01-15T08:00:00.000-0500,2126.23,2203.361,,2024-01-15T08:00:00.000-0500,1,1,2024,2024-01-15,1903.0335000000005,-37.06067000000001,0.0
2024-01-15T09:00:00.000-0500,2155.07,2178.437,,2024-01-15T09:00:00.000-0500,1,1,2024,2024-01-15,1927.9575000000004,-37.55915000000001,0.0
2024-01-15T10:00:00.000-0500,2096.294,2031.348,,2024-01-15T10:00:00.000-0500,1,1,2024,2024-01-15,2075.0465000000004,-40.50093000000001,0.0
2024-01-15T11:00:00.000-0500,2021.073,1898.476,,2024-01-15T11:00:00.000-0500,1,1,2024,2024-01-15,2207.9185,-43.158370000000005,0.0
2024-01-15T12:00:00.000-0500,1950.462,1846.1,,2024-01-15T12:00:00.000-0500,1,1,2024,2024-01-15,2260.2945000000004,-44.20589000000001,0.0
2024-01-15T13:00:00.000-0500,1911.593,1848.783,,2024-01-15T13:00:00.000-0500,1,1,2024,2024-01-15,2257.6115000000004,-44.15223000000001,0.0
2024-01-15T14:00:00.000-0500,1948.283,1919.284,,2024-01-15T14:00:00.000-0500,1,1,2024,2024-01-15,2187.1105000000002,-42.74221000000001,0.0
2024-01-15T15:00:00.000-0500,2029.539,2115.581,,2024-01-15T15:00:00.000-0500,1,1,2024,2024-01-15,1990.8135000000002,-38.81627,0.0
2024-01-15T16:00:00.000-0500,2196.654,2184.114,,2024-01-15T16:00:00.000-0500,1,1,2024,2024-01-15,1922.2805000000003,-37.44561000000001,0.0
2024-01-15T17:00:00.000-0500,2335.735,2379.684,,2024-01-15T17:00:00.000-0500,1,1,2024,2024-01-15,1726.7105000000001,-33.53421,0.0
2024-01-15T18:00:00.000-0500,2427.497,2456.494,,2024-01-15T18:00:00.000-0500,1,1,2024,2024-01-15,1649.9005000000002,-31.998010000000008,0.0
2024-01-15T19:00:00.000-0500,2399.782,2415.184,,2024-01-15T19:00:00.000-0500,1,1,2024,2024-01-15,1691.2105000000001,-32.82421,0.0
2024-01-15T20:00:00.000-0500,2341.576,2332.213,,2024-01-15T20:00:00.000-0500,1,1,2024,2024-01-15,1774.1815000000001,-34.483630000000005,0.0
2024-01-15T21:00:00.000-0500,2262.11,2226.679,,2024-01-15T21:00:00.000-0500,1,1,2024,2024-01-15,1879.7155000000002,-36.59431000000001,0.0
2024-01-15T22:00:00.000-0500,2147.643,2109.764,,2024-01-15T22:00:00.000-0500,1,1,2024,2024-01-15,1996.6305000000002,-38.932610000000004,0.0
2024-01-15T23:00:00.000-0500,1996.489,1992.618,,2024-01-15T23:00:00.000-0500,1,1,2024,2024-01-15,2113.7765000000004,-41.27553000000001,0.0
2024-01-16T00:00:00.000-0500,1865.078,1866.809,,2024-01-16T00:00:00.000-0500,2,1,2024,2024-01-16,2239.5855,-43.79171,0.0
2024-01-16T01:00:00.000-0500,1784.214,1811.211,4190.2521,2024-01-16T01:00:00.000-0500,2,1,2024,2024-01-16,2295.1835,-44.903670000000005,0.0
2024-01-16T02:00:00.000-0500,1730.317,1756.662,,2024-01-16T02:00:00.000-0500,2,1,2024,2024-01-16,2349.7325,-45.99465,0.0
2024-01-16T03:00:00.000-0500,1710.746,1753.583,,2024-01-16T03:00:00.000-0500,2,1,2024,2024-01-16,2352.8115000000003,-46.056230000000006,0.0
2024-01-16T04:00:00.000-0500,1715.696,1758.429,,2024-01-16T04:00:00.000-0500,2,1,2024,2024-01-16,2347.9655000000002,-45.95931000000001,0.0
2024-01-16T05:00:00.000-0500,1762.167,1794.696,,2024-01-16T05:00:00.000-0500,2,1,2024,2024-01-16,2311.6985000000004,-45.23397000000001,0.0
2024-01-16T06:00:00.000-0500,1875.304,1916.764,,2024-01-16T06:00:00.000-0500,2,1,2024,2024-01-16,2189.6305,-42.79261,0.0
2024-01-16T07:00:00.000-0500,2060.25,2124.751,,2024-01-16T07:00:00.000-0500,2,1,2024,2024-01-16,1981.6435000000001,-38.632870000000004,0.0
2024-01-16T08:00:00.000-0500,2194.518,2293.715,,2024-01-16T08:00:00.000-0500,2,1,2024,2024-01-16,1812.6795000000002,-35.25359,0.0
2024-01-16T09:00:00.000-0500,2276.883,2412.029,,2024-01-16T09:00:00.000-0500,2,1,2024,2024-01-16,1694.3655000000003,-32.88731000000001,0.0
2024-01-16T10:00:00.000-0500,2325.473,2442.765,,2024-01-16T10:00:00.000-0500,2,1,2024,2024-01-16,1663.6295000000005,-32.27259000000001,0.0
2024-01-16T11:00:00.000-0500,2370.473,2517.135,,2024-01-16T11:00:00.000-0500,2,1,2024,2024-01-16,1589.2595000000001,-30.785190000000004,0.0
2024-01-16T12:00:00.000-0500,2401.88,2554.481,,2024-01-16T12:00:00.000-0500,2,1,2024,2024-01-16,1551.9135,-30.038270000000004,0.0
2024-01-16T13:00:00.000-0500,2413.813,2618.302,,2024-01-16T13:00:00.000-0500,2,1,2024,2024-01-16,1488.0925000000002,-28.761850000000006,0.0
2024-01-16T14:00:00.000-0500,2400.372,2602.482,,2024-01-16T14:00:00.000-0500,2,1,2024,2024-01-16,1503.9125000000004,-29.078250000000008,0.0
2024-01-16T15:00:00.000-0500,2370.404,2543.702,,2024-01-16T15:00:00.000-0500,2,1,2024,2024-01-16,1562.6925,-30.253850000000003,0.0
2024-01-16T16:00:00.000-0500,2355.146,2549.787,,2024-01-16T16:00:00.000-0500,2,1,2024,2024-01-16,1556.6075000000005,-30.13215000000001,0.0
2024-01-16T17:00:00.000-0500,2419.296,2533.213,,2024-01-16T17:00:00.000-0500,2,1,2024,2024-01-16,1573.1815000000001,-30.463630000000002,0.0
2024-01-16T18:00:00.000-0500,2483.889,2563.061,,2024-01-16T18:00:00.000-0500,2,1,2024,2024-01-16,1543.3335000000002,-29.866670000000003,0.0
2024-01-16T19:00:00.000-0500,2447.895,2524.919,,2024-01-16T19:00:00.000-0500,2,1,2024,2024-01-16,1581.4755000000005,-30.62951000000001,0.0
2024-01-16T20:00:00.000-0500,2378.055,2430.444,,2024-01-16T20:00:00.000-0500,2,1,2024,2024-01-16,1675.9505000000004,-32.51901000000001,0.0
2024-01-16T21:00:00.000-0500,2289.198,2326.198,,2024-01-16T21:00:00.000-0500,2,1,2024,2024-01-16,1780.1965000000005,-34.60393000000001,0.0
2024-01-16T22:00:00.000-0500,2169.7,2192.619,,2024-01-16T22:00:00.000-0500,2,1,2024,2024-01-16,1913.7755000000002,-37.275510000000004,0.0
2024-01-16T23:00:00.000-0500,2035.432,2033.199,,2024-01-16T23:00:00.000-0500,2,1,2024,2024-01-16,2073.1955000000003,-40.463910000000006,0.0
2024-01-17T00:00:00.000-0500,1916.47,1930.309,,2024-01-17T00:00:00.000-0500,3,1,2024,2024-01-17,2176.0855,-42.521710000000006,0.0
2024-01-17T01:00:00.000-0500,1855.872,1871.122,4286.6033,2024-01-17T01:00:00.000-0500,3,1,2024,2024-01-17,2235.2725,-43.70545,0.0
2024-01-17T02:00:00.000-0500,1808.16,1835.596,,2024-01-17T02:00:00.000-0500,3,1,2024,2024-01-17,2270.7985000000003,-44.41597000000001,0.0
2024-01-17T03:00:00.000-0500,1795.554,1819.134,,2024-01-17T03:00:00.000-0500,3,1,2024,2024-01-17,2287.2605000000003,-44.74521000000001,0.0
2024-01-17T04:00:00.000-0500,1803.364,1841.268,,2024-01-17T04:00:00.000-0500,3,1,2024,2024-01-17,2265.1265000000003,-44.302530000000004,0.0
2024-01-17T05:00:00.000-0500,1846.283,1889.435,,2024-01-17T05:00:00.000-0500,3,1,2024,2024-01-17,2216.9595000000004,-43.33919000000001,0.0
2024-01-17T06:00:00.000-0500,1993.862,2043.964,,2024-01-17T06:00:00.000-0500,3,1,2024,2024-01-17,2062.4305000000004,-40.248610000000006,0.0
2024-01-17T07:00:00.000-0500,2195.439,2288.305,,2024-01-17T07:00:00.000-0500,3,1,2024,2024-01-17,1818.0895000000005,-35.36179000000001,0.0
2024-01-17T08:00:00.000-0500,2333.297,2419.857,,2024-01-17T08:00:00.000-0500,3,1,2024,2024-01-17,1686.5375000000004,-32.73075000000001,0.0
2024-01-17T09:00:00.000-0500,2366.337,2364.51,,2024-01-17T09:00:00.000-0500,3,1,2024,2024-01-17,1741.8845000000001,-33.83769,0.0
2024-01-17T10:00:00.000-0500,2357.612,2273.973,,2024-01-17T10:00:00.000-0500,3,1,2024,2024-01-17,1832.4215000000004,-35.64843000000001,0.0
2024-01-17T11:00:00.000-0500,2346.705,2344.435,,2024-01-17T11:00:00.000-0500,3,1,2024,2024-01-17,1761.9595000000004,-34.23919000000001,0.0
2024-01-17T12:00:00.000-0500,2318.742,2281.542,,2024-01-17T12:00:00.000-0500,3,1,2024,2024-01-17,1824.8525000000004,-35.49705000000001,0.0
2024-01-17T13:00:00.000-0500,2281.767,2293.945,,2024-01-17T13:00:00.000-0500,3,1,2024,2024-01-17,1812.4495000000002,-35.248990000000006,0.0
2024-01-17T14:00:00.000-0500,2263.339,2285.576,,2024-01-17T14:00:00.000-0500,3,1,2024,2024-01-17,1820.8185000000003,-35.41637000000001,0.0
2024-01-17T15:00:00.000-0500,2257.088,2311.49,,2024-01-17T15:00:00.000-0500,3,1,2024,2024-01-17,1794.9045000000006,-34.89809000000001,0.0
2024-01-17T16:00:00.000-0500,2293.455,2385.106,,2024-01-17T16:00:00.000-0500,3,1,2024,2024-01-17,1721.2885,-33.42577,0.0
2024-01-17T17:00:00.000-0500,2391.121,2496.013,,2024-01-17T17:00:00.000-0500,3,1,2024,2024-01-17,1610.3815000000004,-31.20763000000001,0.0
2024-01-17T18:00:00.000-0500,2507.106,2592.542,,2024-01-17T18:00:00.000-0500,3,1,2024,2024-01-17,1513.8525000000004,-29.27705000000001,0.0
2024-01-17T19:00:00.000-0500,2504.465,2555.362,,2024-01-17T19:00:00.000-0500,3,1,2024,2024-01-17,1551.0325000000003,-30.020650000000007,0.0
2024-01-17T20:00:00.000-0500,2463.396,2505.796,,2024-01-17T20:00:00.000-0500,3,1,2024,2024-01-17,1600.5985000000005,-31.011970000000012,0.0
2024-01-17T21:00:00.000-0500,2394.627,2405.742,,2024-01-17T21:00:00.000-0500,3,1,2024,2024-01-17,1700.6525000000001,-33.01305000000001,0.0
2024-01-17T22:00:00.000-0500,2289.345,2287.449,,2024-01-17T22:00:00.000-0500,3,1,2024,2024-01-17,1818.9455000000003,-35.378910000000005,0.0
2024-01-17T23:00:00.000-0500,2148.415,2146.773,,2024-01-17T23:00:00.000-0500,3,1,2024,2024-01-17,1959.6215000000002,-38.19243,0.0
2024-01-18T00:00:00.000-0500,2026.719,2024.012,,2024-01-18T00:00:00.000-0500,4,1,2024,2024-01-18,2082.3825000000006,-40.64765000000001,0.0
2024-01-18T01:00:00.000-0500,1961.057,1945.712,4338.9623,2024-01-18T01:00:00.000-0500,4,1,2024,2024-01-18,2160.6825000000003,-42.21365000000001,0.0
2024-01-18T02:00:00.000-0500,1920.753,1918.876,,2024-01-18T02:00:00.000-0500,4,1,2024,2024-01-18,2187.5185,-42.750370000000004,0.0
2024-01-18T03:00:00.000-0500,1903.77,1882.39,,2024-01-18T03:00:00.000-0500,4,1,2024,2024-01-18,2224.0045,-43.480090000000004,0.0
2024-01-18T04:00:00.000-0500,1899.365,1906.98,,2024-01-18T04:00:00.000-0500,4,1,2024,2024-01-18,2199.4145000000003,-42.988290000000006,0.0
2024-01-18T05:00:00.000-0500,1952.963,1954.874,,2024-01-18T05:00:00.000-0500,4,1,2024,2024-01-18,2151.5205000000005,-42.03041000000001,0.0
2024-01-18T06:00:00.000-0500,2078.947,2115.804,,2024-01-18T06:00:00.000-0500,4,1,2024,2024-01-18,1990.5905000000002,-38.81181000000001,0.0
2024-01-18T07:00:00.000-0500,2291.317,2322.589,,2024-01-18T07:00:00.000-0500,4,1,2024,2024-01-18,1783.8055000000004,-34.67611000000001,0.0
2024-01-18T08:00:00.000-0500,2410.725,2454.535,,2024-01-18T08:00:00.000-0500,4,1,2024,2024-01-18,1651.8595000000005,-32.03719000000001,0.0
2024-01-18T09:00:00.000-0500,2431.269,2444.224,,2024-01-18T09:00:00.000-0500,4,1,2024,2024-01-18,1662.1705000000002,-32.243410000000004,0.0
2024-01-18T10:00:00.000-0500,2433.815,2397.829,,2024-01-18T10:00:00.000-0500,4,1,2024,2024-01-18,1708.5655000000002,-33.171310000000005,0.0
2024-01-18T11:00:00.000-0500,2435.435,2391.89,,2024-01-18T11:00:00.000-0500,4,1,2024,2024-01-18,1714.5045000000005,-33.29009000000001,0.0
2024-01-18T12:00:00.000-0500,2423.966,2474.42,,2024-01-18T12:00:00.000-0500,4,1,2024,2024-01-18,1631.9745000000003,-31.63949000000001,0.0
2024-01-18T13:00:00.000-0500,2394.187,2459.009,,2024-01-18T13:00:00.000-0500,4,1,2024,2024-01-18,1647.3855000000003,-31.947710000000008,0.0
2024-01-18T14:00:00.000-0500,2367.296,2456.86,,2024-01-18T14:00:00.000-0500,4,1,2024,2024-01-18,1649.5345000000002,-31.990690000000008,0.0
2024-01-18T15:00:00.000-0500,2350.426,2454.929,,2024-01-18T15:00:00.000-0500,4,1,2024,2024-01-18,1651.4655000000002,-32.02931,0.0
2024-01-18T16:00:00.000-0500,2349.752,2491.479,,2024-01-18T16:00:00.000-0500,4,1,2024,2024-01-18,1614.9155000000005,-31.298310000000008,0.0
2024-01-18T17:00:00.000-0500,2418.523,2514.418,,2024-01-18T17:00:00.000-0500,4,1,2024,2024-01-18,1591.9765000000002,-30.839530000000003,0.0
2024-01-18T18:00:00.000-0500,2491.614,2576.254,,2024-01-18T18:00:00.000-0500,4,1,2024,2024-01-18,1530.1405000000004,-29.60281000000001,0.0
2024-01-18T19:00:00.000-0500,2466.242,2509.169,,2024-01-18T19:00:00.000-0500,4,1,2024,2024-01-18,1597.2255000000005,-30.94451000000001,0.0
2024-01-18T20:00:00.000-0500,2424.606,2436.116,,2024-01-18T20:00:00.000-0500,4,1,2024,2024-01-18,1670.2785000000003,-32.405570000000004,0.0
2024-01-18T21:00:00.000-0500,2344.709,2340.741,,2024-01-18T21:00:00.000-0500,4,1,2024,2024-01-18,1765.6535000000003,-34.31307000000001,0.0
2024-01-18T22:00:00.000-0500,2220.049,2220.306,,2024-01-18T22:00:00.000-0500,4,1,2024,2024-01-18,1886.0885000000003,-36.72177000000001,0.0
2024-01-18T23:00:00.000-0500,2082.916,2071.405,,2024-01-18T23:00:00.000-0500,4,1,2024,2024-01-18,2034.9895000000001,-39.69979,0.0
2024-01-19T00:00:00.000-0500,1965.81,1955.514,,2024-01-19T00:00:00.000-0500,5,1,2024,2024-01-19,2150.8805,-42.017610000000005,0.0
2024-01-19T01:00:00.000-0500,1883.071,1914.249,4338.9623,2024-01-19T01:00:00.000-0500,5,1,2024,2024-01-19,2192.1455000000005,-42.84291000000001,0.0
2024-01-19T02:00:00.000-0500,1845.596,1850.579,,2024-01-19T02:00:00.000-0500,5,1,2024,2024-01-19,2255.8155000000006,-44.11631000000001,0.0
2024-01-19T03:00:00.000-0500,1827.53,1821.767,,2024-01-19T03:00:00.000-0500,5,1,2024,2024-01-19,2284.6275000000005,-44.69255000000001,0.0
2024-01-19T04:00:00.000-0500,1831.609,1832.9,,2024-01-19T04:00:00.000-0500,5,1,2024,2024-01-19,2273.4945000000002,-44.46989000000001,0.0
2024-01-19T05:00:00.000-0500,1875.558,1887.171,,2024-01-19T05:00:00.000-0500,5,1,2024,2024-01-19,2219.2235,-43.38447,0.0
2024-01-19T06:00:00.000-0500,1995.685,1977.12,,2024-01-19T06:00:00.000-0500,5,1,2024,2024-01-19,2129.2745000000004,-41.58549000000001,0.0
2024-01-19T07:00:00.000-0500,2183.665,2160.342,,2024-01-19T07:00:00.000-0500,5,1,2024,2024-01-19,1946.0525000000002,-37.92105000000001,0.0
2024-01-19T08:00:00.000-0500,2315.883,2325.658,,2024-01-19T08:00:00.000-0500,5,1,2024,2024-01-19,1780.7365000000004,-34.61473000000001,0.0
2024-01-19T09:00:00.000-0500,2357.621,2418.182,,2024-01-19T09:00:00.000-0500,5,1,2024,2024-01-19,1688.2125000000005,-32.76425000000001,0.0
2024-01-19T10:00:00.000-0500,2379.457,2439.614,,2024-01-19T10:00:00.000-0500,5,1,2024,2024-01-19,1666.7805000000003,-32.33561000000001,0.0
2024-01-19T11:00:00.000-0500,2392.114,2495.163,,2024-01-19T11:00:00.000-0500,5,1,2024,2024-01-19,1611.2315000000003,-31.224630000000005,0.0
2024-01-19T12:00:00.000-0500,2373.109,2517.473,,2024-01-19T12:00:00.000-0500,5,1,2024,2024-01-19,1588.9215000000004,-30.778430000000007,0.0
2024-01-19T13:00:00.000-0500,2349.461,2480.523,,2024-01-19T13:00:00.000-0500,5,1,2024,2024-01-19,1625.8715000000002,-31.517430000000004,0.0
2024-01-19T14:00:00.000-0500,2342.773,2462.291,,2024-01-19T14:00:00.000-0500,5,1,2024,2024-01-19,1644.1035000000002,-31.882070000000006,0.0
2024-01-19T15:00:00.000-0500,2325.994,2437.693,,2024-01-19T15:00:00.000-0500,5,1,2024,2024-01-19,1668.7015000000001,-32.374030000000005,0.0
2024-01-19T16:00:00.000-0500,2328.463,2444.993,,2024-01-19T16:00:00.000-0500,5,1,2024,2024-01-19,1661.4015000000004,-32.22803000000001,0.0
2024-01-19T17:00:00.000-0500,2379.125,2471.98,,2024-01-19T17:00:00.000-0500,5,1,2024,2024-01-19,1634.4145000000003,-31.68829000000001,0.0
2024-01-19T18:00:00.000-0500,2438.351,2555.821,,2024-01-19T18:00:00.000-0500,5,1,2024,2024-01-19,1550.5735000000004,-30.01147000000001,0.0
2024-01-19T19:00:00.000-0500,2414.035,2486.093,,2024-01-19T19:00:00.000-0500,5,1,2024,2024-01-19,1620.3015000000005,-31.40603000000001,0.0
2024-01-19T20:00:00.000-0500,2367.37,2404.654,,2024-01-19T20:00:00.000-0500,5,1,2024,2024-01-19,1701.7405000000003,-33.03481000000001,0.0
2024-01-19T21:00:00.000-0500,2299.875,2313.099,,2024-01-19T21:00:00.000-0500,5,1,2024,2024-01-19,1793.2955000000002,-34.86591000000001,0.0
2024-01-19T22:00:00.000-0500,2213.102,2213.654,,2024-01-19T22:00:00.000-0500,5,1,2024,2024-01-19,1892.7405000000003,-36.85481000000001,0.0
2024-01-19T23:00:00.000-0500,2104.856,2082.978,,2024-01-19T23:00:00.000-0500,5,1,2024,2024-01-19,2023.4165000000003,-39.46833000000001,0.0
2024-01-20T00:00:00.000-0500,1999.742,2000.58,,2024-01-20T00:00:00.000-0500,6,1,2024,2024-01-20,2105.8145000000004,-41.116290000000006,0.0
2024-01-14T01:00:00.000-0500,1575.322,1552.735,4106.3945,2024-01-14T01:00:00.000-0500,7,1,2024,2024-01-14,2553.6595000000007,-50.07319000000001,0.0
2024-01-14T02:00:00.000-0500,1535.646,1541.768,,2024-01-14T02:00:00.000-0500,7,1,2024,2024-01-14,2564.6265000000003,-50.292530000000006,0.0
2024-01-14T03:00:00.000-0500,1509.627,1523.392,,2024-01-14T03:00:00.000-0500,7,1,2024,2024-01-14,2583.0025000000005,-50.66005000000001,0.0
2024-01-14T04:00:00.000-0500,1501.663,1529.327,,2024-01-14T04:00:00.000-0500,7,1,2024,2024-01-14,2577.0675,-50.54135,0.0
2024-01-14T05:00:00.000-0500,1523.024,1543.951,,2024-01-14T05:00:00.000-0500,7,1,2024,2024-01-14,2562.4435000000003,-50.24887000000001,0.0
2024-01-14T06:00:00.000-0500,1563.995,1580.081,,2024-01-14T06:00:00.000-0500,7,1,2024,2024-01-14,2526.3135,-49.526270000000004,0.0
2024-01-14T07:00:00.000-0500,1640.257,1605.85,,2024-01-14T07:00:00.000-0500,7,1,2024,2024-01-14,2500.5445000000004,-49.01089000000001,0.0
2024-01-14T08:00:00.000-0500,1713.173,1687.402,,2024-01-14T08:00:00.000-0500,7,1,2024,2024-01-14,2418.9925000000003,-47.379850000000005,0.0
2024-01-14T09:00:00.000-0500,1731.507,1683.197,,2024-01-14T09:00:00.000-0500,7,1,2024,2024-01-14,2423.1975,-47.463950000000004,0.0
2024-01-14T10:00:00.000-0500,1681.96,1637.723,,2024-01-14T10:00:00.000-0500,7,1,2024,2024-01-14,2468.6715000000004,-48.373430000000006,0.0
2024-01-14T11:00:00.000-0500,1716.247,1598.677,,2024-01-14T11:00:00.000-0500,7,1,2024,2024-01-14,2507.7175000000007,-49.154350000000015,0.0
2024-01-14T12:00:00.000-0500,1759.18,1697.566,,2024-01-14T12:00:00.000-0500,7,1,2024,2024-01-14,2408.8285000000005,-47.17657000000001,0.0
2024-01-14T13:00:00.000-0500,1866.62,1791.207,,2024-01-14T13:00:00.000-0500,7,1,2024,2024-01-14,2315.1875,-45.30375,0.0
2024-01-14T14:00:00.000-0500,1921.139,1942.567,,2024-01-14T14:00:00.000-0500,7,1,2024,2024-01-14,2163.8275000000003,-42.27655000000001,0.0
2024-01-14T15:00:00.000-0500,1961.117,1976.966,,2024-01-14T15:00:00.000-0500,7,1,2024,2024-01-14,2129.4285000000004,-41.58857000000001,0.0
2024-01-14T16:00:00.000-0500,2016.604,2038.73,,2024-01-14T16:00:00.000-0500,7,1,2024,2024-01-14,2067.6645000000003,-40.35329000000001,0.0
2024-01-14T17:00:00.000-0500,2134.247,2119.939,,2024-01-14T17:00:00.000-0500,7,1,2024,2024-01-14,1986.4555000000005,-38.72911000000001,0.0
2024-01-14T18:00:00.000-0500,2236.008,2241.018,,2024-01-14T18:00:00.000-0500,7,1,2024,2024-01-14,1865.3765000000003,-36.30753000000001,0.0
2024-01-14T19:00:00.000-0500,2222.802,2194.366,,2024-01-14T19:00:00.000-0500,7,1,2024,2024-01-14,1912.0285000000003,-37.240570000000005,0.0
2024-01-14T20:00:00.000-0500,2164.029,2141.594,,2024-01-14T20:00:00.000-0500,7,1,2024,2024-01-14,1964.8005000000003,-38.29601000000001,0.0
2024-01-14T21:00:00.000-0500,2101.815,2057.645,,2024-01-14T21:00:00.000-0500,7,1,2024,2024-01-14,2048.7495000000004,-39.974990000000005,0.0
2024-01-14T22:00:00.000-0500,2022.445,1969.671,,2024-01-14T22:00:00.000-0500,7,1,2024,2024-01-14,2136.7235,-41.73447,0.0
2024-01-14T23:00:00.000-0500,1912.745,1868.721,,2024-01-14T23:00:00.000-0500,7,1,2024,2024-01-14,2237.6735000000003,-43.75347000000001,0.0
2024-01-15T00:00:00.000-0500,1824.116,1750.498,,2024-01-15T00:00:00.000-0500,1,1,2024,2024-01-15,2355.8965000000003,-46.11793000000001,0.0
2024-01-15T01:00:00.000-0500,1751.348,1719.492,4106.3945,2024-01-15T01:00:00.000-0500,1,1,2024,2024-01-15,2386.9025,-46.73805,0.0
2024-01-15T02:00:00.000-0500,1716.696,1667.657,,2024-01-15T02:00:00.000-0500,1,1,2024,2024-01-15,2438.7375,-47.774750000000004,0.0
2024-01-15T03:00:00.000-0500,1700.783,1641.406,,2024-01-15T03:00:00.000-0500,1,1,2024,2024-01-15,2464.9885000000004,-48.29977000000001,0.0
2024-01-15T04:00:00.000-0500,1703.757,1676.234,,2024-01-15T04:00:00.000-0500,1,1,2024,2024-01-15,2430.1605000000004,-47.60321000000001,0.0
2024-01-15T05:00:00.000-0500,1748.458,1797.237,,2024-01-15T05:00:00.000-0500,1,1,2024,2024-01-15,2309.1575000000003,-45.183150000000005,0.0
2024-01-15T06:00:00.000-0500,1867.646,1932.361,,2024-01-15T06:00:00.000-0500,1,1,2024,2024-01-15,2174.0335000000005,-42.48067000000001,0.0
2024-01-15T07:00:00.000-0500,2006.556,2094.722,,2024-01-15T07:00:00.000-0500,1,1,2024,2024-01-15,2011.6725000000001,-39.233450000000005,0.0
2024-01-15T08:00:00.000-0500,2126.23,2203.361,,2024-01-15T08:00:00.000-0500,1,1,2024,2024-01-15,1903.0335000000005,-37.06067000000001,0.0
2024-01-15T09:00:00.000-0500,2155.07,2178.437,,2024-01-15T09:00:00.000-0500,1,1,2024,2024-01-15,1927.9575000000004,-37.55915000000001,0.0
2024-01-15T10:00:00.000-0500,2096.294,2031.348,,2024-01-15T10:00:00.000-0500,1,1,2024,2024-01-15,2075.0465000000004,-40.50093000000001,0.0
2024-01-15T11:00:00.000-0500,2021.073,1898.476,,2024-01-15T11:00:00.000-0500,1,1,2024,2024-01-15,2207.9185,-43.158370000000005,0.0
2024-01-15T12:00:00.000-0500,1950.462,1846.1,,2024-01-15T12:00:00.000-0500,1,1,2024,2024-01-15,2260.2945000000004,-44.20589000000001,0.0
2024-01-15T13:00:00.000-0500,1911.593,1848.783,,2024-01-15T13:00:00.000-0500,1,1,2024,2024-01-15,2257.6115000000004,-44.15223000000001,0.0
2024-01-15T14:00:00.000-0500,1948.283,1919.284,,2024-01-15T14:00:00.000-0500,1,1,2024,2024-01-15,2187.1105000000002,-42.74221000000001,0.0
2024-01-15T15:00:00.000-0500,2029.539,2115.581,,2024-01-15T15:00:00.000-0500,1,1,2024,2024-01-15,1990.8135000000002,-38.81627,0.0
2024-01-15T16:00:00.000-0500,2196.654,2184.114,,2024-01-15T16:00:00.000-0500,1,1,2024,2024-01-15,1922.2805000000003,-37.44561000000001,0.0
2024-01-15T17:00:00.000-0500,2335.735,2379.684,,2024-01-15T17:00:00.000-0500,1,1,2024,2024-01-15,1726.7105000000001,-33.53421,0.0
2024-01-15T18:00:00.000-0500,2427.497,2456.494,,2024-01-15T18:00:00.000-0500,1,1,2024,2024-01-15,1649.9005000000002,-31.998010000000008,0.0
2024-01-15T19:00:00.000-0500,2399.782,2415.184,,2024-01-15T19:00:00.000-0500,1,1,2024,2024-01-15,1691.2105000000001,-32.82421,0.0
2024-01-15T20:00:00.000-0500,2341.576,2332.213,,2024-01-15T20:00:00.000-0500,1,1,2024,2024-01-15,1774.1815000000001,-34.483630000000005,0.0
2024-01-15T21:00:00.000-0500,2262.11,2226.679,,2024-01-15T21:00:00.000-0500,1,1,2024,2024-01-15,1879.7155000000002,-36.59431000000001,0.0
2024-01-15T22:00:00.000-0500,2147.643,2109.764,,2024-01-15T22:00:00.000-0500,1,1,2024,2024-01-15,1996.6305000000002,-38.932610000000004,0.0
2024-01-15T23:00:00.000-0500,1996.489,1992.618,,2024-01-15T23:00:00.000-0500,1,1,2024,2024-01-15,2113.7765000000004,-41.27553000000001,0.0
2024-01-16T00:00:00.000-0500,1865.078,1866.809,,2024-01-16T00:00:00.000-0500,2,1,2024,2024-01-16,2239.5855,-43.79171,0.0
2024-01-16T01:00:00.000-0500,1784.214,1811.211,4190.2521,2024-01-16T01:00:00.000-0500,2,1,2024,2024-01-16,2295.1835,-44.903670000000005,0.0
2024-01-16T02:00:00.000-0500,1730.317,1756.662,,2024-01-16T02:00:00.000-0500,2,1,2024,2024-01-16,2349.7325,-45.99465,0.0
2024-01-16T03:00:00.000-0500,1710.746,1753.583,,2024-01-16T03:00:00.000-0500,2,1,2024,2024-01-16,2352.8115000000003,-46.056230000000006,0.0
2024-01-16T04:00:00.000-0500,1715.696,1758.429,,2024-01-16T04:00:00.000-0500,2,1,2024,2024-01-16,2347.9655000000002,-45.95931000000001,0.0
2024-01-16T05:00:00.000-0500,1762.167,1794.696,,2024-01-16T05:00:00.000-0500,2,1,2024,2024-01-16,2311.6985000000004,-45.23397000000001,0.0
2024-01-16T06:00:00.000-0500,1875.304,1916.764,,2024-01-16T06:00:00.000-0500,2,1,2024,2024-01-16,2189.6305,-42.79261,0.0
2024-01-16T07:00:00.000-0500,2060.25,2124.751,,2024-01-16T07:00:00.000-0500,2,1,2024,2024-01-16,1981.6435000000001,-38.632870000000004,0.0
2024-01-16T08:00:00.000-0500,2194.518,2293.715,,2024-01-16T08:00:00.000-0500,2,1,2024,2024-01-16,1812.6795000000002,-35.25359,0.0
2024-01-16T09:00:00.000-0500,2276.883,2412.029,,2024-01-16T09:00:00.000-0500,2,1,2024,2024-01-16,1694.3655000000003,-32.88731000000001,0.0
2024-01-16T10:00:00.000-0500,2325.473,2442.765,,2024-01-16T10:00:00.000-0500,2,1,2024,2024-01-16,1663.6295000000005,-32.27259000000001,0.0
2024-01-16T11:00:00.000-0500,2370.473,2517.135,,2024-01-16T11:00:00.000-0500,2,1,2024,2024-01-16,1589.2595000000001,-30.785190000000004,0.0
2024-01-16T12:00:00.000-0500,2401.88,2554.481,,2024-01-16T12:00:00.000-0500,2,1,2024,2024-01-16,1551.9135,-30.038270000000004,0.0
2024-01-16T13:00:00.000-0500,2413.813,2618.302,,2024-01-16T13:00:00.000-0500,2,1,2024,2024-01-16,1488.0925000000002,-28.761850000000006,0.0
2024-01-16T14:00:00.000-0500,2400.372,2602.482,,2024-01-16T14:00:00.000-0500,2,1,2024,2024-01-16,1503.9125000000004,-29.078250000000008,0.0
2024-01-16T15:00:00.000-0500,2370.404,2543.702,,2024-01-16T15:00:00.000-0500,2,1,2024,2024-01-16,1562.6925,-30.253850000000003,0.0
2024-01-16T16:00:00.000-0500,2355.146,2549.787,,2024-01-16T16:00:00.000-0500,2,1,2024,2024-01-16,1556.6075000000005,-30.13215000000001,0.0
2024-01-16T17:00:00.000-0500,2419.296,2533.213,,2024-01-16T17:00:00.000-0500,2,1,2024,2024-01-16,1573.1815000000001,-30.463630000000002,0.0
2024-01-16T18:00:00.000-0500,2483.889,2563.061,,2024-01-16T18:00:00.000-0500,2,1,2024,2024-01-16,1543.3335000000002,-29.866670000000003,0.0
2024-01-16T19:00:00.000-0500,2447.895,2524.919,,2024-01-16T19:00:00.000-0500,2,1,2024,2024-01-16,1581.4755000000005,-30.62951000000001,0.0
2024-01-16T20:00:00.000-0500,2378.055,2430.444,,2024-01-16T20:00:00.000-0500,2,1,2024,2024-01-16,1675.9505000000004,-32.51901000000001,0.0
2024-01-16T21:00:00.000-0500,2289.198,2326.198,,2024-01-16T21:00:00.000-0500,2,1,2024,2024-01-16,1780.1965000000005,-34.60393000000001,0.0
2024-01-16T22:00:00.000-0500,2169.7,2192.619,,2024-01-16T22:00:00.000-0500,2,1,2024,2024-01-16,1913.7755000000002,-37.275510000000004,0.0
2024-01-16T23:00:00.000-0500,2035.432,2033.199,,2024-01-16T23:00:00.000-0500,2,1,2024,2024-01-16,2073.1955000000003,-40.463910000000006,0.0
2024-01-17T00:00:00.000-0500,1916.47,1930.309,,2024-01-17T00:00:00.000-0500,3,1,2024,2024-01-17,2176.0855,-42.521710000000006,0.0
2024-01-17T01:00:00.000-0500,1855.872,1871.122,4286.6033,2024-01-17T01:00:00.000-0500,3,1,2024,2024-01-17,2235.2725,-43.70545,0.0
2024-01-17T02:00:00.000-0500,1808.16,1835.596,,2024-01-17T02:00:00.000-0500,3,1,2024,2024-01-17,2270.7985000000003,-44.41597000000001,0.0
2024-01-17T03:00:00.000-0500,1795.554,1819.134,,2024-01-17T03:00:00.000-0500,3,1,2024,2024-01-17,2287.2605000000003,-44.74521000000001,0.0
2024-01-17T04:00:00.000-0500,1803.364,1841.268,,2024-01-17T04:00:00.000-0500,3,1,2024,2024-01-17,2265.1265000000003,-44.302530000000004,0.0
2024-01-17T05:00:00.000-0500,1846.283,1889.435,,2024-01-17T05:00:00.000-0500,3,1,2024,2024-01-17,2216.9595000000004,-43.33919000000001,0.0
2024-01-17T06:00:00.000-0500,1993.862,2043.964,,2024-01-17T06:00:00.000-0500,3,1,2024,2024-01-17,2062.4305000000004,-40.248610000000006,0.0
2024-01-17T07:00:00.000-0500,2195.439,2288.305,,2024-01-17T07:00:00.000-0500,3,1,2024,2024-01-17,1818.0895000000005,-35.36179000000001,0.0
2024-01-17T08:00:00.000-0500,2333.297,2419.857,,2024-01-17T08:00:00.000-0500,3,1,2024,2024-01-17,1686.5375000000004,-32.73075000000001,0.0
2024-01-17T09:00:00.000-0500,2366.337,2364.51,,2024-01-17T09:00:00.000-0500,3,1,2024,2024-01-17,1741.8845000000001,-33.83769,0.0
2024-01-17T10:00:00.000-0500,2357.612,2273.973,,2024-01-17T10:00:00.000-0500,3,1,2024,2024-01-17,1832.4215000000004,-35.64843000000001,0.0
2024-01-17T11:00:00.000-0500,2346.705,2344.435,,2024-01-17T11:00:00.000-0500,3,1,2024,2024-01-17,1761.9595000000004,-34.23919000000001,0.0
2024-01-17T12:00:00.000-0500,2318.742,2281.542,,2024-01-17T12:00:00.000-0500,3,1,2024,2024-01-17,1824.8525000000004,-35.49705000000001,0.0
2024-01-17T13:00:00.000-0500,2281.767,2293.945,,2024-01-17T13:00:00.000-0500,3,1,2024,2024-01-17,1812.4495000000002,-35.248990000000006,0.0
2024-01-17T14:00:00.000-0500,2263.339,2285.576,,2024-01-17T14:00:00.000-0500,3,1,2024,2024-01-17,1820.8185000000003,-35.41637000000001,0.0
2024-01-17T15:00:00.000-0500,2257.088,2311.49,,2024-01-17T15:00:00.000-0500,3,1,2024,2024-01-17,1794.9045000000006,-34.89809000000001,0.0
2024-01-17T16:00:00.000-0500,2293.455,2385.106,,2024-01-17T16:00:00.000-0500,3,1,2024,2024-01-17,1721.2885,-33.42577,0.0
2024-01-17T17:00:00.000-0500,2391.121,2496.013,,2024-01-17T17:00:00.000-0500,3,1,2024,2024-01-17,1610.3815000000004,-31.20763000000001,0.0
2024-01-17T18:00:00.000-0500,2507.106,2592.542,,2024-01-17T18:00:00.000-0500,3,1,2024,2024-01-17,1513.8525000000004,-29.27705000000001,0.0
2024-01-17T19:00:00.000-0500,2504.465,2555.362,,2024-01-17T19:00:00.000-0500,3,1,2024,2024-01-17,1551.0325000000003,-30.020650000000007,0.0
2024-01-17T20:00:00.000-0500,2463.396,2505.796,,2024-01-17T20:00:00.000-0500,3,1,2024,2024-01-17,1600.5985000000005,-31.011970000000012,0.0
2024-01-17T21:00:00.000-0500,2394.627,2405.742,,2024-01-17T21:00:00.000-0500,3,1,2024,2024-01-17,1700.6525000000001,-33.01305000000001,0.0
2024-01-17T22:00:00.000-0500,2289.345,2287.449,,2024-01-17T22:00:00.000-0500,3,1,2024,2024-01-17,1818.9455000000003,-35.378910000000005,0.0
2024-01-17T23:00:00.000-0500,2148.415,2146.773,,2024-01-17T23:00:00.000-0500,3,1,2024,2024-01-17,1959.6215000000002,-38.19243,0.0
2024-01-18T00:00:00.000-0500,2026.719,2024.012,,2024-01-18T00:00:00.000-0500,4,1,2024,2024-01-18,2082.3825000000006,-40.64765000000001,0.0
2024-01-18T01:00:00.000-0500,1961.057,1945.712,4338.9623,2024-01-18T01:00:00.000-0500,4,1,2024,2024-01-18,2160.6825000000003,-42.21365000000001,0.0
2024-01-18T02:00:00.000-0500,1920.753,1918.876,,2024-01-18T02:00:00.000-0500,4,1,2024,2024-01-18,2187.5185,-42.750370000000004,0.0
2024-01-18T03:00:00.000-0500,1903.77,1882.39,,2024-01-18T03:00:00.000-0500,4,1,2024,2024-01-18,2224.0045,-43.480090000000004,0.0
2024-01-18T04:00:00.000-0500,1899.365,1906.98,,2024-01-18T04:00:00.000-0500,4,1,2024,2024-01-18,2199.4145000000003,-42.988290000000006,0.0
2024-01-18T05:00:00.000-0500,1952.963,1954.874,,2024-01-18T05:00:00.000-0500,4,1,2024,2024-01-18,2151.5205000000005,-42.03041000000001,0.0
2024-01-18T06:00:00.000-0500,2078.947,2115.804,,2024-01-18T06:00:00.000-0500,4,1,2024,2024-01-18,1990.5905000000002,-38.81181000000001,0.0
2024-01-18T07:00:00.000-0500,2291.317,2322.589,,2024-01-18T07:00:00.000-0500,4,1,2024,2024-01-18,1783.8055000000004,-34.67611000000001,0.0
2024-01-18T08:00:00.000-0500,2410.725,2454.535,,2024-01-18T08:00:00.000-0500,4,1,2024,2024-01-18,1651.8595000000005,-32.03719000000001,0.0
2024-01-18T09:00:00.000-0500,2431.269,2444.224,,2024-01-18T09:00:00.000-0500,4,1,2024,2024-01-18,1662.1705000000002,-32.243410000000004,0.0
2024-01-18T10:00:00.000-0500,2433.815,2397.829,,2024-01-18T10:00:00.000-0500,4,1,2024,2024-01-18,1708.5655000000002,-33.171310000000005,0.0
2024-01-18T11:00:00.000-0500,2435.435,2391.89,,2024-01-18T11:00:00.000-0500,4,1,2024,2024-01-18,1714.5045000000005,-33.29009000000001,0.0
2024-01-18T12:00:00.000-0500,2423.966,2474.42,,2024-01-18T12:00:00.000-0500,4,1,2024,2024-01-18,1631.9745000000003,-31.63949000000001,0.0
2024-01-18T13:00:00.000-0500,2394.187,2459.009,,2024-01-18T13:00:00.000-0500,4,1,2024,2024-01-18,1647.3855000000003,-31.947710000000008,0.0
2024-01-18T14:00:00.000-0500,2367.296,2456.86,,2024-01-18T14:00:00.000-0500,4,1,2024,2024-01-18,1649.5345000000002,-31.990690000000008,0.0
2024-01-18T15:00:00.000-0500,2350.426,2454.929,,2024-01-18T15:00:00.000-0500,4,1,2024,2024-01-18,1651.4655000000002,-32.02931,0.0
2024-01-18T16:00:00.000-0500,2349.752,2491.479,,2024-01-18T16:00:00.000-0500,4,1,2024,2024-01-18,1614.9155000000005,-31.298310000000008,0.0
2024-01-18T17:00:00.000-0500,2418.523,2514.418,,2024-01-18T17:00:00.000-0500,4,1,2024,2024-01-18,1591.9765000000002,-30.839530000000003,0.0
2024-01-18T18:00:00.000-0500,2491.614,2576.254,,2024-01-18T18:00:00.000-0500,4,1,2024,2024-01-18,1530.1405000000004,-29.60281000000001,0.0
2024-01-18T19:00:00.000-0500,2466.242,2509.169,,2024-01-18T19:00:00.000-0500,4,1,2024,2024-01-18,1597.2255000000005,-30.94451000000001,0.0
2024-01-18T20:00:00.000-0500,2424.606,2436.116,,2024-01-18T20:00:00.000-0500,4,1,2024,2024-01-18,1670.2785000000003,-32.405570000000004,0.0
2024-01-18T21:00:00.000-0500,2344.709,2340.741,,2024-01-18T21:00:00.000-0500,4,1,2024,2024-01-18,1765.6535000000003,-34.31307000000001,0.0
2024-01-18T22:00:00.000-0500,2220.049,2220.306,,2024-01-18T22:00:00.000-0500,4,1,2024,2024-01-18,1886.0885000000003,-36.72177000000001,0.0
2024-01-18T23:00:00.000-0500,2082.916,2071.405,,2024-01-18T23:00:00.000-0500,4,1,2024,2024-01-18,2034.9895000000001,-39.69979,0.0
2024-01-19T00:00:00.000-0500,1965.81,1955.514,,2024-01-19T00:00:00.000-0500,5,1,2024,2024-01-19,2150.8805,-42.017610000000005,0.0
2024-01-19T01:00:00.000-0500,1883.071,1914.249,4338.9623,2024-01-19T01:00:00.000-0500,5,1,2024,2024-01-19,2192.1455000000005,-42.84291000000001,0.0
2024-01-19T02:00:00.000-0500,1845.596,1850.579,,2024-01-19T02:00:00.000-0500,5,1,2024,2024-01-19,2255.8155000000006,-44.11631000000001,0.0
2024-01-19T03:00:00.000-0500,1827.53,1821.767,,2024-01-19T03:00:00.000-0500,5,1,2024,2024-01-19,2284.6275000000005,-44.69255000000001,0.0
2024-01-19T04:00:00.000-0500,1831.609,1832.9,,2024-01-19T04:00:00.000-0500,5,1,2024,2024-01-19,2273.4945000000002,-44.46989000000001,0.0
2024-01-19T05:00:00.000-0500,1875.558,1887.171,,2024-01-19T05:00:00.000-0500,5,1,2024,2024-01-19,2219.2235,-43.38447,0.0
2024-01-19T06:00:00.000-0500,1995.685,1977.12,,2024-01-19T06:00:00.000-0500,5,1,2024,2024-01-19,2129.2745000000004,-41.58549000000001,0.0
2024-01-19T07:00:00.000-0500,2183.665,2160.342,,2024-01-19T07:00:00.000-0500,5,1,2024,2024-01-19,1946.0525000000002,-37.92105000000001,0.0
2024-01-19T08:00:00.000-0500,2315.883,2325.658,,2024-01-19T08:00:00.000-0500,5,1,2024,2024-01-19,1780.7365000000004,-34.61473000000001,0.0
2024-01-19T09:00:00.000-0500,2357.621,2418.182,,2024-01-19T09:00:00.000-0500,5,1,2024,2024-01-19,1688.2125000000005,-32.76425000000001,0.0
2024-01-19T10:00:00.000-0500,2379.457,2439.614,,2024-01-19T10:00:00.000-0500,5,1,2024,2024-01-19,1666.7805000000003,-32.33561000000001,0.0
2024-01-19T11:00:00.000-0500,2392.114,2495.163,,2024-01-19T11:00:00.000-0500,5,1,2024,2024-01-19,1611.2315000000003,-31.224630000000005,0.0
2024-01-19T12:00:00.000-0500,2373.109,2517.473,,2024-01-19T12:00:00.000-0500,5,1,2024,2024-01-19,1588.9215000000004,-30.778430000000007,0.0
2024-01-19T13:00:00.000-0500,2349.461,2480.523,,2024-01-19T13:00:00.000-0500,5,1,2024,2024-01-19,1625.8715000000002,-31.517430000000004,0.0
2024-01-19T14:00:00.000-0500,2342.773,2462.291,,2024-01-19T14:00:00.000-0500,5,1,2024,2024-01-19,1644.1035000000002,-31.882070000000006,0.0
2024-01-19T15:00:00.000-0500,2325.994,2437.693,,2024-01-19T15:00:00.000-0500,5,1,2024,2024-01-19,1668.7015000000001,-32.374030000000005,0.0
2024-01-19T16:00:00.000-0500,2328.463,2444.993,,2024-01-19T16:00:00.000-0500,5,1,2024,2024-01-19,1661.4015000000004,-32.22803000000001,0.0
2024-01-19T17:00:00.000-0500,2379.125,2471.98,,2024-01-19T17:00:00.000-0500,5,1,2024,2024-01-19,1634.4145000000003,-31.68829000000001,0.0
2024-01-19T18:00:00.000-0500,2438.351,2555.821,,2024-01-19T18:00:00.000-0500,5,1,2024,2024-01-19,1550.5735000000004,-30.01147000000001,0.0
2024-01-19T19:00:00.000-0500,2414.035,2486.093,,2024-01-19T19:00:00.000-0500,5,1,2024,2024-01-19,1620.3015000000005,-31.40603000000001,0.0
2024-01-19T20:00:00.000-0500,2367.37,2404.654,,2024-01-19T20:00:00.000-0500,5,1,2024,2024-01-19,1701.7405000000003,-33.03481000000001,0.0
2024-01-19T21:00:00.000-0500,2299.875,2313.099,,2024-01-19T21:00:00.000-0500,5,1,2024,2024-01-19,1793.2955000000002,-34.86591000000001,0.0
2024-01-19T22:00:00.000-0500,2213.102,2213.654,,2024-01-19T22:00:00.000-0500,5,1,2024,2024-01-19,1892.7405000000003,-36.85481000000001,0.0
2024-01-19T23:00:00.000-0500,2104.856,2082.978,,2024-01-19T23:00:00.000-0500,5,1,2024,2024-01-19,2023.4165000000003,-39.46833000000001,0.0
2024-01-20T00:00:00.000-0500,1999.742,2000.58,,2024-01-20T00:00:00.000-0500,6,1,2024,2024-01-20,2105.8145000000004,-41.116290000000006,0.0
2024-01-20T01:00:00.000-0500,1944.348,1926.083,4338.9623,2024-01-20T01:00:00.000-0500,6,1,2024,2024-01-20,2180.3115000000003,-42.606230000000004,0.0
2024-01-20T02:00:00.000-0500,1892.722,1931.481,,2024-01-20T02:00:00.000-0500,6,1,2024,2024-01-20,2174.9135000000006,-42.49827000000001,0.0
2024-01-20T03:00:00.000-0500,1871.813,1885.852,,2024-01-20T03:00:00.000-0500,6,1,2024,2024-01-20,2220.5425000000005,-43.41085000000001,0.0
2024-01-20T04:00:00.000-0500,1872.102,1877.191,,2024-01-20T04:00:00.000-0500,6,1,2024,2024-01-20,2229.2035000000005,-43.58407000000001,0.0
2024-01-20T05:00:00.000-0500,1889.44,1920.679,,2024-01-20T05:00:00.000-0500,6,1,2024,2024-01-20,2185.7155000000002,-42.714310000000005,0.0
2024-01-20T06:00:00.000-0500,1949.932,1960.4,,2024-01-20T06:00:00.000-0500,6,1,2024,2024-01-20,2145.9945000000002,-41.91989,0.0
2024-01-20T07:00:00.000-0500,2043.1,2045.1,,2024-01-20T07:00:00.000-0500,6,1,2024,2024-01-20,2061.2945000000004,-40.22589000000001,0.0
2024-01-20T08:00:00.000-0500,2139.16,2151.502,,2024-01-20T08:00:00.000-0500,6,1,2024,2024-01-20,1954.8925000000004,-38.09785000000001,0.0
2024-01-20T09:00:00.000-0500,2245.757,2255.015,,2024-01-20T09:00:00.000-0500,6,1,2024,2024-01-20,1851.3795000000005,-36.02759000000001,0.0
2024-01-20T10:00:00.000-0500,2321.45,2325.26,,2024-01-20T10:00:00.000-0500,6,1,2024,2024-01-20,1781.1345000000001,-34.622690000000006,0.0
2024-01-20T11:00:00.000-0500,2344.679,2378.543,,2024-01-20T11:00:00.000-0500,6,1,2024,2024-01-20,1727.8515000000002,-33.557030000000005,0.0
2024-01-20T12:00:00.000-0500,2344.5,2386.474,,2024-01-20T12:00:00.000-0500,6,1,2024,2024-01-20,1719.9205000000002,-33.398410000000005,0.0
2024-01-20T13:00:00.000-0500,2334.359,2355.767,,2024-01-20T13:00:00.000-0500,6,1,2024,2024-01-20,1750.6275000000005,-34.01255000000001,0.0
2024-01-20T14:00:00.000-0500,2327.271,2358.622,,2024-01-20T14:00:00.000-0500,6,1,2024,2024-01-20,1747.7725000000005,-33.95545000000001,0.0
2024-01-20T15:00:00.000-0500,2336.151,2367.153,,2024-01-20T15:00:00.000-0500,6,1,2024,2024-01-20,1739.2415000000005,-33.784830000000014,0.0
2024-01-20T16:00:00.000-0500,2365.36,2393.937,,2024-01-20T16:00:00.000-0500,6,1,2024,2024-01-20,1712.4575000000004,-33.24915000000001,0.0
2024-01-20T17:00:00.000-0500,2422.942,2442.232,,2024-01-20T17:00:00.000-0500,6,1,2024,2024-01-20,1664.1625000000004,-32.28325000000001,0.0
2024-01-20T18:00:00.000-0500,2478.038,2565.813,,2024-01-20T18:00:00.000-0500,6,1,2024,2024-01-20,1540.5815000000002,-29.811630000000005,0.0
2024-01-20T19:00:00.000-0500,2465.192,2475.848,,2024-01-20T19:00:00.000-0500,6,1,2024,2024-01-20,1630.5465000000004,-31.61093000000001,0.0
2024-01-20T20:00:00.000-0500,2415.554,2430.719,,2024-01-20T20:00:00.000-0500,6,1,2024,2024-01-20,1675.6755000000003,-32.513510000000004,0.0
2024-01-20T21:00:00.000-0500,2357.647,2338.163,,2024-01-20T21:00:00.000-0500,6,1,2024,2024-01-20,1768.2315000000003,-34.364630000000005,0.0
2024-01-20T22:00:00.000-0500,2274.168,2241.022,,2024-01-20T22:00:00.000-0500,6,1,2024,2024-01-20,1865.3725000000004,-36.30745000000001,0.0
2024-01-20T23:00:00.000-0500,2167.808,2138.336,,2024-01-20T23:00:00.000-0500,6,1,2024,2024-01-20,1968.0585000000005,-38.36117000000001,0.0
2024-01-21T00:00:00.000-0500,2069.083,2070.18,,2024-01-21T00:00:00.000-0500,7,1,2024,2024-01-21,2036.2145000000005,-39.72429000000001,0.0
2024-01-15T01:00:00.000-0500,1751.348,1719.492,4106.3945,2024-01-15T01:00:00.000-0500,1,1,2024,2024-01-15,2386.9025,-46.73805,0.0
2024-01-15T02:00:00.000-0500,1716.696,1667.657,,2024-01-15T02:00:00.000-0500,1,1,2024,2024-01-15,2438.7375,-47.774750000000004,0.0
2024-01-15T03:00:00.000-0500,1700.783,1641.406,,2024-01-15T03:00:00.000-0500,1,1,2024,2024-01-15,2464.9885000000004,-48.29977000000001,0.0
2024-01-15T04:00:00.000-0500,1703.757,1676.234,,2024-01-15T04:00:00.000-0500,1,1,2024,2024-01-15,2430.1605000000004,-47.60321000000001,0.0
2024-01-15T05:00:00.000-0500,1748.458,1797.237,,2024-01-15T05:00:00.000-0500,1,1,2024,2024-01-15,2309.1575000000003,-45.183150000000005,0.0
2024-01-15T06:00:00.000-0500,1867.646,1932.361,,2024-01-15T06:00:00.000-0500,1,1,2024,2024-01-15,2174.0335000000005,-42.48067000000001,0.0
2024-01-15T07:00:00.000-0500,2006.556,2094.722,,2024-01-15T07:00:00.000-0500,1,1,2024,2024-01-15,2011.6725000000001,-39.233450000000005,0.0
2024-01-15T08:00:00.000-0500,2126.23,2203.361,,2024-01-15T08:00:00.000-0500,1,1,2024,2024-01-15,1903.0335000000005,-37.06067000000001,0.0
2024-01-15T09:00:00.000-0500,2155.07,2178.437,,2024-01-15T09:00:00.000-0500,1,1,2024,2024-01-15,1927.9575000000004,-37.55915000000001,0.0
2024-01-15T10:00:00.000-0500,2096.294,2031.348,,2024-01-15T10:00:00.000-0500,1,1,2024,2024-01-15,2075.0465000000004,-40.50093000000001,0.0
2024-01-15T11:00:00.000-0500,2021.073,1898.476,,2024-01-15T11:00:00.000-0500,1,1,2024,2024-01-15,2207.9185,-43.158370000000005,0.0
2024-01-15T12:00:00.000-0500,1950.462,1846.1,,2024-01-15T12:00:00.000-0500,1,1,2024,2024-01-15,2260.2945000000004,-44.20589000000001,0.0
2024-01-15T13:00:00.000-0500,1911.593,1848.783,,2024-01-15T13:00:00.000-0500,1,1,2024,2024-01-15,2257.6115000000004,-44.15223000000001,0.0
2024-01-15T14:00:00.000-0500,1948.283,1919.284,,2024-01-15T14:00:00.000-0500,1,1,2024,2024-01-15,2187.1105000000002,-42.74221000000001,0.0
2024-01-15T15:00:00.000-0500,2029.539,2115.581,,2024-01-15T15:00:00.000-0500,1,1,2024,2024-01-15,1990.8135000000002,-38.81627,0.0
2024-01-15T16:00:00.000-0500,2196.654,2184.114,,2024-01-15T16:00:00.000-0500,1,1,2024,2024-01-15,1922.2805000000003,-37.44561000000001,0.0
2024-01-15T17:00:00.000-0500,2335.735,2379.684,,2024-01-15T17:00:00.000-0500,1,1,2024,2024-01-15,1726.7105000000001,-33.53421,0.0
2024-01-15T18:00:00.000-0500,2427.497,2456.494,,2024-01-15T18:00:00.000-0500,1,1,2024,2024-01-15,1649.9005000000002,-31.998010000000008,0.0
2024-01-15T19:00:00.000-0500,2399.782,2415.184,,2024-01-15T19:00:00.000-0500,1,1,2024,2024-01-15,1691.2105000000001,-32.82421,0.0
2024-01-15T20:00:00.000-0500,2341.576,2332.213,,2024-01-15T20:00:00.000-0500,1,1,2024,2024-01-15,1774.1815000000001,-34.483630000000005,0.0
2024-01-15T21:00:00.000-0500,2262.11,2226.679,,2024-01-15T21:00:00.000-0500,1,1,2024,2024-01-15,1879.7155000000002,-36.59431000000001,0.0
2024-01-15T22:00:00.000-0500,2147.643,2109.764,,2024-01-15T22:00:00.000-0500,1,1,2024,2024-01-15,1996.6305000000002,-38.932610000000004,0.0
2024-01-15T23:00:00.000-0500,1996.489,1992.618,,2024-01-15T23:00:00.000-0500,1,1,2024,2024-01-15,2113.7765000000004,-41.27553000000001,0.0
2024-01-16T00:00:00.000-0500,1865.078,1866.809,,2024-01-16T00:00:00.000-0500,2,1,2024,2024-01-16,2239.5855,-43.79171,0.0
2024-01-16T01:00:00.000-0500,1784.214,1811.211,4190.2521,2024-01-16T01:00:00.000-0500,2,1,2024,2024-01-16,2295.1835,-44.903670000000005,0.0
2024-01-16T02:00:00.000-0500,1730.317,1756.662,,2024-01-16T02:00:00.000-0500,2,1,2024,2024-01-16,2349.7325,-45.99465,0.0
2024-01-16T03:00:00.000-0500,1710.746,1753.583,,2024-01-16T03:00:00.000-0500,2,1,2024,2024-01-16,2352.8115000000003,-46.056230000000006,0.0
2024-01-16T04:00:00.000-0500,1715.696,1758.429,,2024-01-16T04:00:00.000-0500,2,1,2024,2024-01-16,2347.9655000000002,-45.95931000000001,0.0
2024-01-16T05:00:00.000-0500,1762.167,1794.696,,2024-01-16T05:00:00.000-0500,2,1,2024,2024-01-16,2311.6985000000004,-45.23397000000001,0.0
2024-01-16T06:00:00.000-0500,1875.304,1916.764,,2024-01-16T06:00:00.000-0500,2,1,2024,2024-01-16,2189.6305,-42.79261,0.0
2024-01-16T07:00:00.000-0500,2060.25,2124.751,,2024-01-16T07:00:00.000-0500,2,1,2024,2024-01-16,1981.6435000000001,-38.632870000000004,0.0
2024-01-16T08:00:00.000-0500,2194.518,2293.715,,2024-01-16T08:00:00.000-0500,2,1,2024,2024-01-16,1812.6795000000002,-35.25359,0.0
2024-01-16T09:00:00.000-0500,2276.883,2412.029,,2024-01-16T09:00:00.000-0500,2,1,2024,2024-01-16,1694.3655000000003,-32.88731000000001,0.0
2024-01-16T10:00:00.000-0500,2325.473,2442.765,,2024-01-16T10:00:00.000-0500,2,1,2024,2024-01-16,1663.6295000000005,-32.27259000000001,0.0
2024-01-16T11:00:00.000-0500,2370.473,2517.135,,2024-01-16T11:00:00.000-0500,2,1,2024,2024-01-16,1589.2595000000001,-30.785190000000004,0.0
2024-01-16T12:00:00.000-0500,2401.88,2554.481,,2024-01-16T12:00:00.000-0500,2,1,2024,2024-01-16,1551.9135,-30.038270000000004,0.0
2024-01-16T13:00:00.000-0500,2413.813,2618.302,,2024-01-16T13:00:00.000-0500,2,1,2024,2024-01-16,1488.0925000000002,-28.761850000000006,0.0
2024-01-16T14:00:00.000-0500,2400.372,2602.482,,2024-01-16T14:00:00.000-0500,2,1,2024,2024-01-16,1503.9125000000004,-29.078250000000008,0.0
2024-01-16T15:00:00.000-0500,2370.404,2543.702,,2024-01-16T15:00:00.000-0500,2,1,2024,2024-01-16,1562.6925,-30.253850000000003,0.0
2024-01-16T16:00:00.000-0500,2355.146,2549.787,,2024-01-16T16:00:00.000-0500,2,1,2024,2024-01-16,1556.6075000000005,-30.13215000000001,0.0
2024-01-16T17:00:00.000-0500,2419.296,2533.213,,2024-01-16T17:00:00.000-0500,2,1,2024,2024-01-16,1573.1815000000001,-30.463630000000002,0.0
2024-01-16T18:00:00.000-0500,2483.889,2563.061,,2024-01-16T18:00:00.000-0500,2,1,2024,2024-01-16,1543.3335000000002,-29.866670000000003,0.0
2024-01-16T19:00:00.000-0500,2447.895,2524.919,,2024-01-16T19:00:00.000-0500,2,1,2024,2024-01-16,1581.4755000000005,-30.62951000000001,0.0
2024-01-16T20:00:00.000-0500,2378.055,2430.444,,2024-01-16T20:00:00.000-0500,2,1,2024,2024-01-16,1675.9505000000004,-32.51901000000001,0.0
2024-01-16T21:00:00.000-0500,2289.198,2326.198,,2024-01-16T21:00:00.000-0500,2,1,2024,2024-01-16,1780.1965000000005,-34.60393000000001,0.0
2024-01-16T22:00:00.000-0500,2169.7,2192.619,,2024-01-16T22:00:00.000-0500,2,1,2024,2024-01-16,1913.7755000000002,-37.275510000000004,0.0
2024-01-16T23:00:00.000-0500,2035.432,2033.199,,2024-01-16T23:00:00.000-0500,2,1,2024,2024-01-16,2073.1955000000003,-40.463910000000006,0.0
2024-01-17T00:00:00.000-0500,1916.47,1930.309,,2024-01-17T00:00:00.000-0500,3,1,2024,2024-01-17,2176.0855,-42.521710000000006,0.0
2024-01-17T01:00:00.000-0500,1855.872,1871.122,4286.6033,2024-01-17T01:00:00.000-0500,3,1,2024,2024-01-17,2235.2725,-43.70545,0.0
2024-01-17T02:00:00.000-0500,1808.16,1835.596,,2024-01-17T02:00:00.000-0500,3,1,2024,2024-01-17,2270.7985000000003,-44.41597000000001,0.0
2024-01-17T03:00:00.000-0500,1795.554,1819.134,,2024-01-17T03:00:00.000-0500,3,1,2024,2024-01-17,2287.2605000000003,-44.74521000000001,0.0
2024-01-17T04:00:00.000-0500,1803.364,1841.268,,2024-01-17T04:00:00.000-0500,3,1,2024,2024-01-17,2265.1265000000003,-44.302530000000004,0.0
2024-01-17T05:00:00.000-0500,1846.283,1889.435,,2024-01-17T05:00:00.000-0500,3,1,2024,2024-01-17,2216.9595000000004,-43.33919000000001,0.0
2024-01-17T06:00:00.000-0500,1993.862,2043.964,,2024-01-17T06:00:00.000-0500,3,1,2024,2024-01-17,2062.4305000000004,-40.248610000000006,0.0
2024-01-17T07:00:00.000-0500,2195.439,2288.305,,2024-01-17T07:00:00.000-0500,3,1,2024,2024-01-17,1818.0895000000005,-35.36179000000001,0.0
2024-01-17T08:00:00.000-0500,2333.297,2419.857,,2024-01-17T08:00:00.000-0500,3,1,2024,2024-01-17,1686.5375000000004,-32.73075000000001,0.0
2024-01-17T09:00:00.000-0500,2366.337,2364.51,,2024-01-17T09:00:00.000-0500,3,1,2024,2024-01-17,1741.8845000000001,-33.83769,0.0
2024-01-17T10:00:00.000-0500,2357.612,2273.973,,2024-01-17T10:00:00.000-0500,3,1,2024,2024-01-17,1832.4215000000004,-35.64843000000001,0.0
2024-01-17T11:00:00.000-0500,2346.705,2344.435,,2024-01-17T11:00:00.000-0500,3,1,2024,2024-01-17,1761.9595000000004,-34.23919000000001,0.0
2024-01-17T12:00:00.000-0500,2318.742,2281.542,,2024-01-17T12:00:00.000-0500,3,1,2024,2024-01-17,1824.8525000000004,-35.49705000000001,0.0
2024-01-17T13:00:00.000-0500,2281.767,2293.945,,2024-01-17T13:00:00.000-0500,3,1,2024,2024-01-17,1812.4495000000002,-35.248990000000006,0.0
2024-01-17T14:00:00.000-0500,2263.339,2285.576,,2024-01-17T14:00:00.000-0500,3,1,2024,2024-01-17,1820.8185000000003,-35.41637000000001,0.0
2024-01-17T15:00:00.000-0500,2257.088,2311.49,,2024-01-17T15:00:00.000-0500,3,1,2024,2024-01-17,1794.9045000000006,-34.89809000000001,0.0
2024-01-17T16:00:00.000-0500,2293.455,2385.106,,2024-01-17T16:00:00.000-0500,3,1,2024,2024-01-17,1721.2885,-33.42577,0.0
2024-01-17T17:00:00.000-0500,2391.121,2496.013,,2024-01-17T17:00:00.000-0500,3,1,2024,2024-01-17,1610.3815000000004,-31.20763000000001,0.0
2024-01-17T18:00:00.000-0500,2507.106,2592.542,,2024-01-17T18:00:00.000-0500,3,1,2024,2024-01-17,1513.8525000000004,-29.27705000000001,0.0
2024-01-17T19:00:00.000-0500,2504.465,2555.362,,2024-01-17T19:00:00.000-0500,3,1,2024,2024-01-17,1551.0325000000003,-30.020650000000007,0.0
2024-01-17T20:00:00.000-0500,2463.396,2505.796,,2024-01-17T20:00:00.000-0500,3,1,2024,2024-01-17,1600.5985000000005,-31.011970000000012,0.0
2024-01-17T21:00:00.000-0500,2394.627,2405.742,,2024-01-17T21:00:00.000-0500,3,1,2024,2024-01-17,1700.6525000000001,-33.01305000000001,0.0
2024-01-17T22:00:00.000-0500,2289.345,2287.449,,2024-01-17T22:00:00.000-0500,3,1,2024,2024-01-17,1818.9455000000003,-35.378910000000005,0.0
2024-01-17T23:00:00.000-0500,2148.415,2146.773,,2024-01-17T23:00:00.000-0500,3,1,2024,2024-01-17,1959.6215000000002,-38.19243,0.0
2024-01-18T00:00:00.000-0500,2026.719,2024.012,,2024-01-18T00:00:00.000-0500,4,1,2024,2024-01-18,2082.3825000000006,-40.64765000000001,0.0
2024-01-18T01:00:00.000-0500,1961.057,1945.712,4338.9623,2024-01-18T01:00:00.000-0500,4,1,2024,2024-01-18,2160.6825000000003,-42.21365000000001,0.0
2024-01-18T02:00:00.000-0500,1920.753,1918.876,,2024-01-18T02:00:00.000-0500,4,1,2024,2024-01-18,2187.5185,-42.750370000000004,0.0
2024-01-18T03:00:00.000-0500,1903.77,1882.39,,2024-01-18T03:00:00.000-0500,4,1,2024,2024-01-18,2224.0045,-43.480090000000004,0.0
2024-01-18T04:00:00.000-0500,1899.365,1906.98,,2024-01-18T04:00:00.000-0500,4,1,2024,2024-01-18,2199.4145000000003,-42.988290000000006,0.0
2024-01-18T05:00:00.000-0500,1952.963,1954.874,,2024-01-18T05:00:00.000-0500,4,1,2024,2024-01-18,2151.5205000000005,-42.03041000000001,0.0
2024-01-18T06:00:00.000-0500,2078.947,2115.804,,2024-01-18T06:00:00.000-0500,4,1,2024,2024-01-18,1990.5905000000002,-38.81181000000001,0.0
2024-01-18T07:00:00.000-0500,2291.317,2322.589,,2024-01-18T07:00:00.000-0500,4,1,2024,2024-01-18,1783.8055000000004,-34.67611000000001,0.0
2024-01-18T08:00:00.000-0500,2410.725,2454.535,,2024-01-18T08:00:00.000-0500,4,1,2024,2024-01-18,1651.8595000000005,-32.03719000000001,0.0
2024-01-18T09:00:00.000-0500,2431.269,2444.224,,2024-01-18T09:00:00.000-0500,4,1,2024,2024-01-18,1662.1705000000002,-32.243410000000004,0.0
2024-01-18T10:00:00.000-0500,2433.815,2397.829,,2024-01-18T10:00:00.000-0500,4,1,2024,2024-01-18,1708.5655000000002,-33.171310000000005,0.0
2024-01-18T11:00:00.000-0500,2435.435,2391.89,,2024-01-18T11:00:00.000-0500,4,1,2024,2024-01-18,1714.5045000000005,-33.29009000000001,0.0
2024-01-18T12:00:00.000-0500,2423.966,2474.42,,2024-01-18T12:00:00.000-0500,4,1,2024,2024-01-18,1631.9745000000003,-31.63949000000001,0.0
2024-01-18T13:00:00.000-0500,2394.187,2459.009,,2024-01-18T13:00:00.000-0500,4,1,2024,2024-01-18,1647.3855000000003,-31.947710000000008,0.0
2024-01-18T14:00:00.000-0500,2367.296,2456.86,,2024-01-18T14:00:00.000-0500,4,1,2024,2024-01-18,1649.5345000000002,-31.990690000000008,0.0
2024-01-18T15:00:00.000-0500,2350.426,2454.929,,2024-01-18T15:00:00.000-0500,4,1,2024,2024-01-18,1651.4655000000002,-32.02931,0.0
2024-01-18T16:00:00.000-0500,2349.752,2491.479,,2024-01-18T16:00:00.000-0500,4,1,2024,2024-01-18,1614.9155000000005,-31.298310000000008,0.0
2024-01-18T17:00:00.000-0500,2418.523,2514.418,,2024-01-18T17:00:00.000-0500,4,1,2024,2024-01-18,1591.9765000000002,-30.839530000000003,0.0
2024-01-18T18:00:00.000-0500,2491.614,2576.254,,2024-01-18T18:00:00.000-0500,4,1,2024,2024-01-18,1530.1405000000004,-29.60281000000001,0.0
2024-01-18T19:00:00.000-0500,2466.242,2509.169,,2024-01-18T19:00:00.000-0500,4,1,2024,2024-01-18,1597.2255000000005,-30.94451000000001,0.0
2024-01-18T20:00:00.000-0500,2424.606,2436.116,,2024-01-18T20:00:00.000-0500,4,1,2024,2024-01-18,1670.2785000000003,-32.405570000000004,0.0
2024-01-18T21:00:00.000-0500,2344.709,2340.741,,2024-01-18T21:00:00.000-0500,4,1,2024,2024-01-18,1765.6535000000003,-34.31307000000001,0.0
2024-01-18T22:00:00.000-0500,2220.049,2220.306,,2024-01-18T22:00:00.000-0500,4,1,2024,2024-01-18,1886.0885000000003,-36.72177000000001,0.0
2024-01-18T23:00:00.000-0500,2082.916,2071.405,,2024-01-18T23:00:00.000-0500,4,1,2024,2024-01-18,2034.9895000000001,-39.69979,0.0
2024-01-19T00:00:00.000-0500,1965.81,1955.514,,2024-01-19T00:00:00.000-0500,5,1,2024,2024-01-19,2150.8805,-42.017610000000005,0.0
2024-01-19T01:00:00.000-0500,1883.071,1914.249,4338.9623,2024-01-19T01:00:00.000-0500,5,1,2024,2024-01-19,2192.1455000000005,-42.84291000000001,0.0
2024-01-19T02:00:00.000-0500,1845.596,1850.579,,2024-01-19T02:00:00.000-0500,5,1,2024,2024-01-19,2255.8155000000006,-44.11631000000001,0.0
2024-01-19T03:00:00.000-0500,1827.53,1821.767,,2024-01-19T03:00:00.000-0500,5,1,2024,2024-01-19,2284.6275000000005,-44.69255000000001,0.0
2024-01-19T04:00:00.000-0500,1831.609,1832.9,,2024-01-19T04:00:00.000-0500,5,1,2024,2024-01-19,2273.4945000000002,-44.46989000000001,0.0
2024-01-19T05:00:00.000-0500,1875.558,1887.171,,2024-01-19T05:00:00.000-0500,5,1,2024,2024-01-19,2219.2235,-43.38447,0.0
2024-01-19T06:00:00.000-0500,1995.685,1977.12,,2024-01-19T06:00:00.000-0500,5,1,2024,2024-01-19,2129.2745000000004,-41.58549000000001,0.0
2024-01-19T07:00:00.000-0500,2183.665,2160.342,,2024-01-19T07:00:00.000-0500,5,1,2024,2024-01-19,1946.0525000000002,-37.92105000000001,0.0
2024-01-19T08:00:00.000-0500,2315.883,2325.658,,2024-01-19T08:00:00.000-0500,5,1,2024,2024-01-19,1780.7365000000004,-34.61473000000001,0.0
2024-01-19T09:00:00.000-0500,2357.621,2418.182,,2024-01-19T09:00:00.000-0500,5,1,2024,2024-01-19,1688.2125000000005,-32.76425000000001,0.0
2024-01-19T10:00:00.000-0500,2379.457,2439.614,,2024-01-19T10:00:00.000-0500,5,1,2024,2024-01-19,1666.7805000000003,-32.33561000000001,0.0
2024-01-19T11:00:00.000-0500,2392.114,2495.163,,2024-01-19T11:00:00.000-0500,5,1,2024,2024-01-19,1611.2315000000003,-31.224630000000005,0.0
2024-01-19T12:00:00.000-0500,2373.109,2517.473,,2024-01-19T12:00:00.000-0500,5,1,2024,2024-01-19,1588.9215000000004,-30.778430000000007,0.0
2024-01-19T13:00:00.000-0500,2349.461,2480.523,,2024-01-19T13:00:00.000-0500,5,1,2024,2024-01-19,1625.8715000000002,-31.517430000000004,0.0
2024-01-19T14:00:00.000-0500,2342.773,2462.291,,2024-01-19T14:00:00.000-0500,5,1,2024,2024-01-19,1644.1035000000002,-31.882070000000006,0.0
2024-01-19T15:00:00.000-0500,2325.994,2437.693,,2024-01-19T15:00:00.000-0500,5,1,2024,2024-01-19,1668.7015000000001,-32.374030000000005,0.0
2024-01-19T16:00:00.000-0500,2328.463,2444.993,,2024-01-19T16:00:00.000-0500,5,1,2024,2024-01-19,1661.4015000000004,-32.22803000000001,0.0
2024-01-19T17:00:00.000-0500,2379.125,2471.98,,2024-01-19T17:00:00.000-0500,5,1,2024,2024-01-19,1634.4145000000003,-31.68829000000001,0.0
2024-01-19T18:00:00.000-0500,2438.351,2555.821,,2024-01-19T18:00:00.000-0500,5,1,2024,2024-01-19,1550.5735000000004,-30.01147000000001,0.0
2024-01-19T19:00:00.000-0500,2414.035,2486.093,,2024-01-19T19:00:00.000-0500,5,1,2024,2024-01-19,1620.3015000000005,-31.40603000000001,0.0
2024-01-19T20:00:00.000-0500,2367.37,2404.654,,2024-01-19T20:00:00.000-0500,5,1,2024,2024-01-19,1701.7405000000003,-33.03481000000001,0.0
2024-01-19T21:00:00.000-0500,2299.875,2313.099,,2024-01-19T21:00:00.000-0500,5,1,2024,2024-01-19,1793.2955000000002,-34.86591000000001,0.0
2024-01-19T22:00:00.000-0500,2213.102,2213.654,,2024-01-19T22:00:00.000-0500,5,1,2024,2024-01-19,1892.7405000000003,-36.85481000000001,0.0
2024-01-19T23:00:00.000-0500,2104.856,2082.978,,2024-01-19T23:00:00.000-0500,5,1,2024,2024-01-19,2023.4165000000003,-39.46833000000001,0.0
2024-01-20T00:00:00.000-0500,1999.742,2000.58,,2024-01-20T00:00:00.000-0500,6,1,2024,2024-01-20,2105.8145000000004,-41.116290000000006,0.0
2024-01-20T01:00:00.000-0500,1944.348,1926.083,4338.9623,2024-01-20T01:00:00.000-0500,6,1,2024,2024-01-20,2180.3115000000003,-42.606230000000004,0.0
2024-01-20T02:00:00.000-0500,1892.722,1931.481,,2024-01-20T02:00:00.000-0500,6,1,2024,2024-01-20,2174.9135000000006,-42.49827000000001,0.0
2024-01-20T03:00:00.000-0500,1871.813,1885.852,,2024-01-20T03:00:00.000-0500,6,1,2024,2024-01-20,2220.5425000000005,-43.41085000000001,0.0
2024-01-20T04:00:00.000-0500,1872.102,1877.191,,2024-01-20T04:00:00.000-0500,6,1,2024,2024-01-20,2229.2035000000005,-43.58407000000001,0.0
2024-01-20T05:00:00.000-0500,1889.44,1920.679,,2024-01-20T05:00:00.000-0500,6,1,2024,2024-01-20,2185.7155000000002,-42.714310000000005,0.0
2024-01-20T06:00:00.000-0500,1949.932,1960.4,,2024-01-20T06:00:00.000-0500,6,1,2024,2024-01-20,2145.9945000000002,-41.91989,0.0
2024-01-20T07:00:00.000-0500,2043.1,2045.1,,2024-01-20T07:00:00.000-0500,6,1,2024,2024-01-20,2061.2945000000004,-40.22589000000001,0.0
2024-01-20T08:00:00.000-0500,2139.16,2151.502,,2024-01-20T08:00:00.000-0500,6,1,2024,2024-01-20,1954.8925000000004,-38.09785000000001,0.0
2024-01-20T09:00:00.000-0500,2245.757,2255.015,,2024-01-20T09:00:00.000-0500,6,1,2024,2024-01-20,1851.3795000000005,-36.02759000000001,0.0
2024-01-20T10:00:00.000-0500,2321.45,2325.26,,2024-01-20T10:00:00.000-0500,6,1,2024,2024-01-20,1781.1345000000001,-34.622690000000006,0.0
2024-01-20T11:00:00.000-0500,2344.679,2378.543,,2024-01-20T11:00:00.000-0500,6,1,2024,2024-01-20,1727.8515000000002,-33.557030000000005,0.0
2024-01-20T12:00:00.000-0500,2344.5,2386.474,,2024-01-20T12:00:00.000-0500,6,1,2024,2024-01-20,1719.9205000000002,-33.398410000000005,0.0
2024-01-20T13:00:00.000-0500,2334.359,2355.767,,2024-01-20T13:00:00.000-0500,6,1,2024,2024-01-20,1750.6275000000005,-34.01255000000001,0.0
2024-01-20T14:00:00.000-0500,2327.271,2358.622,,2024-01-20T14:00:00.000-0500,6,1,2024,2024-01-20,1747.7725000000005,-33.95545000000001,0.0
2024-01-20T15:00:00.000-0500,2336.151,2367.153,,2024-01-20T15:00:00.000-0500,6,1,2024,2024-01-20,1739.2415000000005,-33.784830000000014,0.0
2024-01-20T16:00:00.000-0500,2365.36,2393.937,,2024-01-20T16:00:00.000-0500,6,1,2024,2024-01-20,1712.4575000000004,-33.24915000000001,0.0
2024-01-20T17:00:00.000-0500,2422.942,2442.232,,2024-01-20T17:00:00.000-0500,6,1,2024,2024-01-20,1664.1625000000004,-32.28325000000001,0.0
2024-01-20T18:00:00.000-0500,2478.038,2565.813,,2024-01-20T18:00:00.000-0500,6,1,2024,2024-01-20,1540.5815000000002,-29.811630000000005,0.0
2024-01-20T19:00:00.000-0500,2465.192,2475.848,,2024-01-20T19:00:00.000-0500,6,1,2024,2024-01-20,1630.5465000000004,-31.61093000000001,0.0
2024-01-20T20:00:00.000-0500,2415.554,2430.719,,2024-01-20T20:00:00.000-0500,6,1,2024,2024-01-20,1675.6755000000003,-32.513510000000004,0.0
2024-01-20T21:00:00.000-0500,2357.647,2338.163,,2024-01-20T21:00:00.000-0500,6,1,2024,2024-01-20,1768.2315000000003,-34.364630000000005,0.0
2024-01-20T22:00:00.000-0500,2274.168,2241.022,,2024-01-20T22:00:00.000-0500,6,1,2024,2024-01-20,1865.3725000000004,-36.30745000000001,0.0
2024-01-20T23:00:00.000-0500,2167.808,2138.336,,2024-01-20T23:00:00.000-0500,6,1,2024,2024-01-20,1968.0585000000005,-38.36117000000001,0.0
2024-01-21T00:00:00.000-0500,2069.083,2070.18,,2024-01-21T00:00:00.000-0500,7,1,2024,2024-01-21,2036.2145000000005,-39.72429000000001,0.0
2024-01-21T01:00:00.000-0500,1992.618,1987.552,4338.9623,2024-01-21T01:00:00.000-0500,7,1,2024,2024-01-21,2118.8425000000007,-41.37685000000001,0.0
2024-01-21T02:00:00.000-0500,1943.099,1936.717,,2024-01-21T02:00:00.000-0500,7,1,2024,2024-01-21,2169.6775000000002,-42.393550000000005,0.0
2024-01-21T03:00:00.000-0500,1921.282,1930.976,,2024-01-21T03:00:00.000-0500,7,1,2024,2024-01-21,2175.4185,-42.508370000000006,0.0
2024-01-21T04:00:00.000-0500,1912.613,1915.035,,2024-01-21T04:00:00.000-0500,7,1,2024,2024-01-21,2191.3595000000005,-42.82719000000001,0.0
2024-01-21T05:00:00.000-0500,1917.676,1933.792,,2024-01-21T05:00:00.000-0500,7,1,2024,2024-01-21,2172.6025000000004,-42.45205000000001,0.0
2024-01-21T06:00:00.000-0500,1958.814,1996.408,,2024-01-21T06:00:00.000-0500,7,1,2024,2024-01-21,2109.9865000000004,-41.19973000000001,0.0
2024-01-21T07:00:00.000-0500,2025.64,2091.476,,2024-01-21T07:00:00.000-0500,7,1,2024,2024-01-21,2014.9185000000002,-39.298370000000006,0.0
2024-01-21T08:00:00.000-0500,2105.991,2167.451,,2024-01-21T08:00:00.000-0500,7,1,2024,2024-01-21,1938.9435000000003,-37.778870000000005,0.0
2024-01-21T09:00:00.000-0500,2188.649,2223.935,,2024-01-21T09:00:00.000-0500,7,1,2024,2024-01-21,1882.4595000000004,-36.64919000000001,0.0
2024-01-21T10:00:00.000-0500,2228.867,2338.332,,2024-01-21T10:00:00.000-0500,7,1,2024,2024-01-21,1768.0625000000005,-34.36125000000001,0.0
2024-01-21T11:00:00.000-0500,2234.374,2234.481,,2024-01-21T11:00:00.000-0500,7,1,2024,2024-01-21,1871.9135,-36.43827,0.0
2024-01-21T12:00:00.000-0500,2228.293,2217.434,,2024-01-21T12:00:00.000-0500,7,1,2024,2024-01-21,1888.9605000000001,-36.779210000000006,0.0
2024-01-21T13:00:00.000-0500,2203.546,2192.316,,2024-01-21T13:00:00.000-0500,7,1,2024,2024-01-21,1914.0785000000005,-37.28157000000001,0.0
2024-01-21T14:00:00.000-0500,2173.93,2132.016,,2024-01-21T14:00:00.000-0500,7,1,2024,2024-01-21,1974.3785000000003,-38.487570000000005,0.0
2024-01-21T15:00:00.000-0500,2179.381,2160.565,,2024-01-21T15:00:00.000-0500,7,1,2024,2024-01-21,1945.8295000000003,-37.91659000000001,0.0
2024-01-21T16:00:00.000-0500,2226.869,2263.417,,2024-01-21T16:00:00.000-0500,7,1,2024,2024-01-21,1842.9775000000004,-35.859550000000006,0.0
2024-01-21T17:00:00.000-0500,2343.749,2379.2,,2024-01-21T17:00:00.000-0500,7,1,2024,2024-01-21,1727.1945000000005,-33.54389000000001,0.0
2024-01-21T18:00:00.000-0500,2462.042,2527.259,,2024-01-21T18:00:00.000-0500,7,1,2024,2024-01-21,1579.1355000000003,-30.582710000000006,0.0
2024-01-21T19:00:00.000-0500,2454.71,2510.626,,2024-01-21T19:00:00.000-0500,7,1,2024,2024-01-21,1595.7685000000001,-30.915370000000003,0.0
2024-01-21T20:00:00.000-0500,2399.565,2433.005,,2024-01-21T20:00:00.000-0500,7,1,2024,2024-01-21,1673.3895000000002,-32.46779000000001,0.0
2024-01-21T21:00:00.000-0500,2332.456,2322.833,,2024-01-21T21:00:00.000-0500,7,1,2024,2024-01-21,1783.5615000000003,-34.67123000000001,0.0
2024-01-21T22:00:00.000-0500,2221.301,2240.012,,2024-01-21T22:00:00.000-0500,7,1,2024,2024-01-21,1866.3825000000002,-36.327650000000006,0.0
2024-01-21T23:00:00.000-0500,2093.644,2129.693,,2024-01-21T23:00:00.000-0500,7,1,2024,2024-01-21,1976.7015000000001,-38.53403,0.0
2024-01-22T00:00:00.000-0500,1978.502,2002.634,,2024-01-22T00:00:00.000-0500,1,1,2024,2024-01-22,2103.7605000000003,-41.075210000000006,0.0
2024-01-16T01:00:00.000-0500,1784.214,1811.211,4190.2521,2024-01-16T01:00:00.000-0500,2,1,2024,2024-01-16,2295.1835,-44.903670000000005,0.0
2024-01-16T02:00:00.000-0500,1730.317,1756.662,,2024-01-16T02:00:00.000-0500,2,1,2024,2024-01-16,2349.7325,-45.99465,0.0
2024-01-16T03:00:00.000-0500,1710.746,1753.583,,2024-01-16T03:00:00.000-0500,2,1,2024,2024-01-16,2352.8115000000003,-46.056230000000006,0.0
2024-01-16T04:00:00.000-0500,1715.696,1758.429,,2024-01-16T04:00:00.000-0500,2,1,2024,2024-01-16,2347.9655000000002,-45.95931000000001,0.0
2024-01-16T05:00:00.000-0500,1762.167,1794.696,,2024-01-16T05:00:00.000-0500,2,1,2024,2024-01-16,2311.6985000000004,-45.23397000000001,0.0
2024-01-16T06:00:00.000-0500,1875.304,1916.764,,2024-01-16T06:00:00.000-0500,2,1,2024,2024-01-16,2189.6305,-42.79261,0.0
2024-01-16T07:00:00.000-0500,2060.25,2124.751,,2024-01-16T07:00:00.000-0500,2,1,2024,2024-01-16,1981.6435000000001,-38.632870000000004,0.0
2024-01-16T08:00:00.000-0500,2194.518,2293.715,,2024-01-16T08:00:00.000-0500,2,1,2024,2024-01-16,1812.6795000000002,-35.25359,0.0
2024-01-16T09:00:00.000-0500,2276.883,2412.029,,2024-01-16T09:00:00.000-0500,2,1,2024,2024-01-16,1694.3655000000003,-32.88731000000001,0.0
2024-01-16T10:00:00.000-0500,2325.473,2442.765,,2024-01-16T10:00:00.000-0500,2,1,2024,2024-01-16,1663.6295000000005,-32.27259000000001,0.0
2024-01-16T11:00:00.000-0500,2370.473,2517.135,,2024-01-16T11:00:00.000-0500,2,1,2024,2024-01-16,1589.2595000000001,-30.785190000000004,0.0
2024-01-16T12:00:00.000-0500,2401.88,2554.481,,2024-01-16T12:00:00.000-0500,2,1,2024,2024-01-16,1551.9135,-30.038270000000004,0.0
2024-01-16T13:00:00.000-0500,2413.813,2618.302,,2024-01-16T13:00:00.000-0500,2,1,2024,2024-01-16,1488.0925000000002,-28.761850000000006,0.0
2024-01-16T14:00:00.000-0500,2400.372,2602.482,,2024-01-16T14:00:00.000-0500,2,1,2024,2024-01-16,1503.9125000000004,-29.078250000000008,0.0
2024-01-16T15:00:00.000-0500,2370.404,2543.702,,2024-01-16T15:00:00.000-0500,2,1,2024,2024-01-16,1562.6925,-30.253850000000003,0.0
2024-01-16T16:00:00.000-0500,2355.146,2549.787,,2024-01-16T16:00:00.000-0500,2,1,2024,2024-01-16,1556.6075000000005,-30.13215000000001,0.0
2024-01-16T17:00:00.000-0500,2419.296,2533.213,,2024-01-16T17:00:00.000-0500,2,1,2024,2024-01-16,1573.1815000000001,-30.463630000000002,0.0
2024-01-16T18:00:00.000-0500,2483.889,2563.061,,2024-01-16T18:00:00.000-0500,2,1,2024,2024-01-16,1543.3335000000002,-29.866670000000003,0.0
2024-01-16T19:00:00.000-0500,2447.895,2524.919,,2024-01-16T19:00:00.000-0500,2,1,2024,2024-01-16,1581.4755000000005,-30.62951000000001,0.0
2024-01-16T20:00:00.000-0500,2378.055,2430.444,,2024-01-16T20:00:00.000-0500,2,1,2024,2024-01-16,1675.9505000000004,-32.51901000000001,0.0
2024-01-16T21:00:00.000-0500,2289.198,2326.198,,2024-01-16T21:00:00.000-0500,2,1,2024,2024-01-16,1780.1965000000005,-34.60393000000001,0.0
2024-01-16T22:00:00.000-0500,2169.7,2192.619,,2024-01-16T22:00:00.000-0500,2,1,2024,2024-01-16,1913.7755000000002,-37.275510000000004,0.0
2024-01-16T23:00:00.000-0500,2035.432,2033.199,,2024-01-16T23:00:00.000-0500,2,1,2024,2024-01-16,2073.1955000000003,-40.463910000000006,0.0
2024-01-17T00:00:00.000-0500,1916.47,1930.309,,2024-01-17T00:00:00.000-0500,3,1,2024,2024-01-17,2176.0855,-42.521710000000006,0.0
2024-01-17T01:00:00.000-0500,1855.872,1871.122,4286.6033,2024-01-17T01:00:00.000-0500,3,1,2024,2024-01-17,2235.2725,-43.70545,0.0
2024-01-17T02:00:00.000-0500,1808.16,1835.596,,2024-01-17T02:00:00.000-0500,3,1,2024,2024-01-17,2270.7985000000003,-44.41597000000001,0.0
2024-01-17T03:00:00.000-0500,1795.554,1819.134,,2024-01-17T03:00:00.000-0500,3,1,2024,2024-01-17,2287.2605000000003,-44.74521000000001,0.0
2024-01-17T04:00:00.000-0500,1803.364,1841.268,,2024-01-17T04:00:00.000-0500,3,1,2024,2024-01-17,2265.1265000000003,-44.302530000000004,0.0
2024-01-17T05:00:00.000-0500,1846.283,1889.435,,2024-01-17T05:00:00.000-0500,3,1,2024,2024-01-17,2216.9595000000004,-43.33919000000001,0.0
2024-01-17T06:00:00.000-0500,1993.862,2043.964,,2024-01-17T06:00:00.000-0500,3,1,2024,2024-01-17,2062.4305000000004,-40.248610000000006,0.0
2024-01-17T07:00:00.000-0500,2195.439,2288.305,,2024-01-17T07:00:00.000-0500,3,1,2024,2024-01-17,1818.0895000000005,-35.36179000000001,0.0
2024-01-17T08:00:00.000-0500,2333.297,2419.857,,2024-01-17T08:00:00.000-0500,3,1,2024,2024-01-17,1686.5375000000004,-32.73075000000001,0.0
2024-01-17T09:00:00.000-0500,2366.337,2364.51,,2024-01-17T09:00:00.000-0500,3,1,2024,2024-01-17,1741.8845000000001,-33.83769,0.0
2024-01-17T10:00:00.000-0500,2357.612,2273.973,,2024-01-17T10:00:00.000-0500,3,1,2024,2024-01-17,1832.4215000000004,-35.64843000000001,0.0
2024-01-17T11:00:00.000-0500,2346.705,2344.435,,2024-01-17T11:00:00.000-0500,3,1,2024,2024-01-17,1761.9595000000004,-34.23919000000001,0.0
2024-01-17T12:00:00.000-0500,2318.742,2281.542,,2024-01-17T12:00:00.000-0500,3,1,2024,2024-01-17,1824.8525000000004,-35.49705000000001,0.0
2024-01-17T13:00:00.000-0500,2281.767,2293.945,,2024-01-17T13:00:00.000-0500,3,1,2024,2024-01-17,1812.4495000000002,-35.248990000000006,0.0
2024-01-17T14:00:00.000-0500,2263.339,2285.576,,2024-01-17T14:00:00.000-0500,3,1,2024,2024-01-17,1820.8185000000003,-35.41637000000001,0.0
2024-01-17T15:00:00.000-0500,2257.088,2311.49,,2024-01-17T15:00:00.000-0500,3,1,2024,2024-01-17,1794.9045000000006,-34.89809000000001,0.0
2024-01-17T16:00:00.000-0500,2293.455,2385.106,,2024-01-17T16:00:00.000-0500,3,1,2024,2024-01-17,1721.2885,-33.42577,0.0
2024-01-17T17:00:00.000-0500,2391.121,2496.013,,2024-01-17T17:00:00.000-0500,3,1,2024,2024-01-17,1610.3815000000004,-31.20763000000001,0.0
2024-01-17T18:00:00.000-0500,2507.106,2592.542,,2024-01-17T18:00:00.000-0500,3,1,2024,2024-01-17,1513.8525000000004,-29.27705000000001,0.0
2024-01-17T19:00:00.000-0500,2504.465,2555.362,,2024-01-17T19:00:00.000-0500,3,1,2024,2024-01-17,1551.0325000000003,-30.020650000000007,0.0
2024-01-17T20:00:00.000-0500,2463.396,2505.796,,2024-01-17T20:00:00.000-0500,3,1,2024,2024-01-17,1600.5985000000005,-31.011970000000012,0.0
2024-01-17T21:00:00.000-0500,2394.627,2405.742,,2024-01-17T21:00:00.000-0500,3,1,2024,2024-01-17,1700.6525000000001,-33.01305000000001,0.0
2024-01-17T22:00:00.000-0500,2289.345,2287.449,,2024-01-17T22:00:00.000-0500,3,1,2024,2024-01-17,1818.9455000000003,-35.378910000000005,0.0
2024-01-17T23:00:00.000-0500,2148.415,2146.773,,2024-01-17T23:00:00.000-0500,3,1,2024,2024-01-17,1959.6215000000002,-38.19243,0.0
2024-01-18T00:00:00.000-0500,2026.719,2024.012,,2024-01-18T00:00:00.000-0500,4,1,2024,2024-01-18,2082.3825000000006,-40.64765000000001,0.0
2024-01-18T01:00:00.000-0500,1961.057,1945.712,4338.9623,2024-01-18T01:00:00.000-0500,4,1,2024,2024-01-18,2160.6825000000003,-42.21365000000001,0.0
2024-01-18T02:00:00.000-0500,1920.753,1918.876,,2024-01-18T02:00:00.000-0500,4,1,2024,2024-01-18,2187.5185,-42.750370000000004,0.0
2024-01-18T03:00:00.000-0500,1903.77,1882.39,,2024-01-18T03:00:00.000-0500,4,1,2024,2024-01-18,2224.0045,-43.480090000000004,0.0
2024-01-18T04:00:00.000-0500,1899.365,1906.98,,2024-01-18T04:00:00.000-0500,4,1,2024,2024-01-18,2199.4145000000003,-42.988290000000006,0.0
2024-01-18T05:00:00.000-0500,1952.963,1954.874,,2024-01-18T05:00:00.000-0500,4,1,2024,2024-01-18,2151.5205000000005,-42.03041000000001,0.0
2024-01-18T06:00:00.000-0500,2078.947,2115.804,,2024-01-18T06:00:00.000-0500,4,1,2024,2024-01-18,1990.5905000000002,-38.81181000000001,0.0
2024-01-18T07:00:00.000-0500,2291.317,2322.589,,2024-01-18T07:00:00.000-0500,4,1,2024,2024-01-18,1783.8055000000004,-34.67611000000001,0.0
2024-01-18T08:00:00.000-0500,2410.725,2454.535,,2024-01-18T08:00:00.000-0500,4,1,2024,2024-01-18,1651.8595000000005,-32.03719000000001,0.0
2024-01-18T09:00:00.000-0500,2431.269,2444.224,,2024-01-18T09:00:00.000-0500,4,1,2024,2024-01-18,1662.1705000000002,-32.243410000000004,0.0
2024-01-18T10:00:00.000-0500,2433.815,2397.829,,2024-01-18T10:00:00.000-0500,4,1,2024,2024-01-18,1708.5655000000002,-33.171310000000005,0.0
2024-01-18T11:00:00.000-0500,2435.435,2391.89,,2024-01-18T11:00:00.000-0500,4,1,2024,2024-01-18,1714.5045000000005,-33.29009000000001,0.0
2024-01-18T12:00:00.000-0500,2423.966,2474.42,,2024-01-18T12:00:00.000-0500,4,1,2024,2024-01-18,1631.9745000000003,-31.63949000000001,0.0
2024-01-18T13:00:00.000-0500,2394.187,2459.009,,2024-01-18T13:00:00.000-0500,4,1,2024,2024-01-18,1647.3855000000003,-31.947710000000008,0.0
2024-01-18T14:00:00.000-0500,2367.296,2456.86,,2024-01-18T14:00:00.000-0500,4,1,2024,2024-01-18,1649.5345000000002,-31.990690000000008,0.0
2024-01-18T15:00:00.000-0500,2350.426,2454.929,,2024-01-18T15:00:00.000-0500,4,1,2024,2024-01-18,1651.4655000000002,-32.02931,0.0
2024-01-18T16:00:00.000-0500,2349.752,2491.479,,2024-01-18T16:00:00.000-0500,4,1,2024,2024-01-18,1614.9155000000005,-31.298310000000008,0.0
2024-01-18T17:00:00.000-0500,2418.523,2514.418,,2024-01-18T17:00:00.000-0500,4,1,2024,2024-01-18,1591.9765000000002,-30.839530000000003,0.0
2024-01-18T18:00:00.000-0500,2491.614,2576.254,,2024-01-18T18:00:00.000-0500,4,1,2024,2024-01-18,1530.1405000000004,-29.60281000000001,0.0
2024-01-18T19:00:00.000-0500,2466.242,2509.169,,2024-01-18T19:00:00.000-0500,4,1,2024,2024-01-18,1597.2255000000005,-30.94451000000001,0.0
2024-01-18T20:00:00.000-0500,2424.606,2436.116,,2024-01-18T20:00:00.000-0500,4,1,2024,2024-01-18,1670.2785000000003,-32.405570000000004,0.0
2024-01-18T21:00:00.000-0500,2344.709,2340.741,,2024-01-18T21:00:00.000-0500,4,1,2024,2024-01-18,1765.6535000000003,-34.31307000000001,0.0
2024-01-18T22:00:00.000-0500,2220.049,2220.306,,2024-01-18T22:00:00.000-0500,4,1,2024,2024-01-18,1886.0885000000003,-36.72177000000001,0.0
2024-01-18T23:00:00.000-0500,2082.916,2071.405,,2024-01-18T23:00:00.000-0500,4,1,2024,2024-01-18,2034.9895000000001,-39.69979,0.0
2024-01-19T00:00:00.000-0500,1965.81,1955.514,,2024-01-19T00:00:00.000-0500,5,1,2024,2024-01-19,2150.8805,-42.017610000000005,0.0
2024-01-19T01:00:00.000-0500,1883.071,1914.249,4338.9623,2024-01-19T01:00:00.000-0500,5,1,2024,2024-01-19,2192.1455000000005,-42.84291000000001,0.0
2024-01-19T02:00:00.000-0500,1845.596,1850.579,,2024-01-19T02:00:00.000-0500,5,1,2024,2024-01-19,2255.8155000000006,-44.11631000000001,0.0
2024-01-19T03:00:00.000-0500,1827.53,1821.767,,2024-01-19T03:00:00.000-0500,5,1,2024,2024-01-19,2284.6275000000005,-44.69255000000001,0.0
2024-01-19T04:00:00.000-0500,1831.609,1832.9,,2024-01-19T04:00:00.000-0500,5,1,2024,2024-01-19,2273.4945000000002,-44.46989000000001,0.0
2024-01-19T05:00:00.000-0500,1875.558,1887.171,,2024-01-19T05:00:00.000-0500,5,1,2024,2024-01-19,2219.2235,-43.38447,0.0
2024-01-19T06:00:00.000-0500,1995.685,1977.12,,2024-01-19T06:00:00.000-0500,5,1,2024,2024-01-19,2129.2745000000004,-41.58549000000001,0.0
2024-01-19T07:00:00.000-0500,2183.665,2160.342,,2024-01-19T07:00:00.000-0500,5,1,2024,2024-01-19,1946.0525000000002,-37.92105000000001,0.0
2024-01-19T08:00:00.000-0500,2315.883,2325.658,,2024-01-19T08:00:00.000-0500,5,1,2024,2024-01-19,1780.7365000000004,-34.61473000000001,0.0
2024-01-19T09:00:00.000-0500,2357.621,2418.182,,2024-01-19T09:00:00.000-0500,5,1,2024,2024-01-19,1688.2125000000005,-32.76425000000001,0.0
2024-01-19T10:00:00.000-0500,2379.457,2439.614,,2024-01-19T10:00:00.000-0500,5,1,2024,2024-01-19,1666.7805000000003,-32.33561000000001,0.0
2024-01-19T11:00:00.000-0500,2392.114,2495.163,,2024-01-19T11:00:00.000-0500,5,1,2024,2024-01-19,1611.2315000000003,-31.224630000000005,0.0
2024-01-19T12:00:00.000-0500,2373.109,2517.473,,2024-01-19T12:00:00.000-0500,5,1,2024,2024-01-19,1588.9215000000004,-30.778430000000007,0.0
2024-01-19T13:00:00.000-0500,2349.461,2480.523,,2024-01-19T13:00:00.000-0500,5,1,2024,2024-01-19,1625.8715000000002,-31.517430000000004,0.0
2024-01-19T14:00:00.000-0500,2342.773,2462.291,,2024-01-19T14:00:00.000-0500,5,1,2024,2024-01-19,1644.1035000000002,-31.882070000000006,0.0
2024-01-19T15:00:00.000-0500,2325.994,2437.693,,2024-01-19T15:00:00.000-0500,5,1,2024,2024-01-19,1668.7015000000001,-32.374030000000005,0.0
2024-01-19T16:00:00.000-0500,2328.463,2444.993,,2024-01-19T16:00:00.000-0500,5,1,2024,2024-01-19,1661.4015000000004,-32.22803000000001,0.0
2024-01-19T17:00:00.000-0500,2379.125,2471.98,,2024-01-19T17:00:00.000-0500,5,1,2024,2024-01-19,1634.4145000000003,-31.68829000000001,0.0
2024-01-19T18:00:00.000-0500,2438.351,2555.821,,2024-01-19T18:00:00.000-0500,5,1,2024,2024-01-19,1550.5735000000004,-30.01147000000001,0.0
2024-01-19T19:00:00.000-0500,2414.035,2486.093,,2024-01-19T19:00:00.000-0500,5,1,2024,2024-01-19,1620.3015000000005,-31.40603000000001,0.0
2024-01-19T20:00:00.000-0500,2367.37,2404.654,,2024-01-19T20:00:00.000-0500,5,1,2024,2024-01-19,1701.7405000000003,-33.03481000000001,0.0
2024-01-19T21:00:00.000-0500,2299.875,2313.099,,2024-01-19T21:00:00.000-0500,5,1,2024,2024-01-19,1793.2955000000002,-34.86591000000001,0.0
2024-01-19T22:00:00.000-0500,2213.102,2213.654,,2024-01-19T22:00:00.000-0500,5,1,2024,2024-01-19,1892.7405000000003,-36.85481000000001,0.0
2024-01-19T23:00:00.000-0500,2104.856,2082.978,,2024-01-19T23:00:00.000-0500,5,1,2024,2024-01-19,2023.4165000000003,-39.46833000000001,0.0
2024-01-20T00:00:00.000-0500,1999.742,2000.58,,2024-01-20T00:00:00.000-0500,6,1,2024,2024-01-20,2105.8145000000004,-41.116290000000006,0.0
2024-01-20T01:00:00.000-0500,1944.348,1926.083,4338.9623,2024-01-20T01:00:00.000-0500,6,1,2024,2024-01-20,2180.3115000000003,-42.606230000000004,0.0
2024-01-20T02:00:00.000-0500,1892.722,1931.481,,2024-01-20T02:00:00.000-0500,6,1,2024,2024-01-20,2174.9135000000006,-42.49827000000001,0.0
2024-01-20T03:00:00.000-0500,1871.813,1885.852,,2024-01-20T03:00:00.000-0500,6,1,2024,2024-01-20,2220.5425000000005,-43.41085000000001,0.0
2024-01-20T04:00:00.000-0500,1872.102,1877.191,,2024-01-20T04:00:00.000-0500,6,1,2024,2024-01-20,2229.2035000000005,-43.58407000000001,0.0
2024-01-20T05:00:00.000-0500,1889.44,1920.679,,2024-01-20T05:00:00.000-0500,6,1,2024,2024-01-20,2185.7155000000002,-42.714310000000005,0.0
2024-01-20T06:00:00.000-0500,1949.932,1960.4,,2024-01-20T06:00:00.000-0500,6,1,2024,2024-01-20,2145.9945000000002,-41.91989,0.0
2024-01-20T07:00:00.000-0500,2043.1,2045.1,,2024-01-20T07:00:00.000-0500,6,1,2024,2024-01-20,2061.2945000000004,-40.22589000000001,0.0
2024-01-20T08:00:00.000-0500,2139.16,2151.502,,2024-01-20T08:00:00.000-0500,6,1,2024,2024-01-20,1954.8925000000004,-38.09785000000001,0.0
2024-01-20T09:00:00.000-0500,2245.757,2255.015,,2024-01-20T09:00:00.000-0500,6,1,2024,2024-01-20,1851.3795000000005,-36.02759000000001,0.0
2024-01-20T10:00:00.000-0500,2321.45,2325.26,,2024-01-20T10:00:00.000-0500,6,1,2024,2024-01-20,1781.1345000000001,-34.622690000000006,0.0
2024-01-20T11:00:00.000-0500,2344.679,2378.543,,2024-01-20T11:00:00.000-0500,6,1,2024,2024-01-20,1727.8515000000002,-33.557030000000005,0.0
2024-01-20T12:00:00.000-0500,2344.5,2386.474,,2024-01-20T12:00:00.000-0500,6,1,2024,2024-01-20,1719.9205000000002,-33.398410000000005,0.0
2024-01-20T13:00:00.000-0500,2334.359,2355.767,,2024-01-20T13:00:00.000-0500,6,1,2024,2024-01-20,1750.6275000000005,-34.01255000000001,0.0
2024-01-20T14:00:00.000-0500,2327.271,2358.622,,2024-01-20T14:00:00.000-0500,6,1,2024,2024-01-20,1747.7725000000005,-33.95545000000001,0.0
2024-01-20T15:00:00.000-0500,2336.151,2367.153,,2024-01-20T15:00:00.000-0500,6,1,2024,2024-01-20,1739.2415000000005,-33.784830000000014,0.0
2024-01-20T16:00:00.000-0500,2365.36,2393.937,,2024-01-20T16:00:00.000-0500,6,1,2024,2024-01-20,1712.4575000000004,-33.24915000000001,0.0
2024-01-20T17:00:00.000-0500,2422.942,2442.232,,2024-01-20T17:00:00.000-0500,6,1,2024,2024-01-20,1664.1625000000004,-32.28325000000001,0.0
2024-01-20T18:00:00.000-0500,2478.038,2565.813,,2024-01-20T18:00:00.000-0500,6,1,2024,2024-01-20,1540.5815000000002,-29.811630000000005,0.0
2024-01-20T19:00:00.000-0500,2465.192,2475.848,,2024-01-20T19:00:00.000-0500,6,1,2024,2024-01-20,1630.5465000000004,-31.61093000000001,0.0
2024-01-20T20:00:00.000-0500,2415.554,2430.719,,2024-01-20T20:00:00.000-0500,6,1,2024,2024-01-20,1675.6755000000003,-32.513510000000004,0.0
2024-01-20T21:00:00.000-0500,2357.647,2338.163,,2024-01-20T21:00:00.000-0500,6,1,2024,2024-01-20,1768.2315000000003,-34.364630000000005,0.0
2024-01-20T22:00:00.000-0500,2274.168,2241.022,,2024-01-20T22:00:00.000-0500,6,1,2024,2024-01-20,1865.3725000000004,-36.30745000000001,0.0
2024-01-20T23:00:00.000-0500,2167.808,2138.336,,2024-01-20T23:00:00.000-0500,6,1,2024,2024-01-20,1968.0585000000005,-38.36117000000001,0.0
2024-01-21T00:00:00.000-0500,2069.083,2070.18,,2024-01-21T00:00:00.000-0500,7,1,2024,2024-01-21,2036.2145000000005,-39.72429000000001,0.0
2024-01-21T01:00:00.000-0500,1992.618,1987.552,4338.9623,2024-01-21T01:00:00.000-0500,7,1,2024,2024-01-21,2118.8425000000007,-41.37685000000001,0.0
2024-01-21T02:00:00.000-0500,1943.099,1936.717,,2024-01-21T02:00:00.000-0500,7,1,2024,2024-01-21,2169.6775000000002,-42.393550000000005,0.0
2024-01-21T03:00:00.000-0500,1921.282,1930.976,,2024-01-21T03:00:00.000-0500,7,1,2024,2024-01-21,2175.4185,-42.508370000000006,0.0
2024-01-21T04:00:00.000-0500,1912.613,1915.035,,2024-01-21T04:00:00.000-0500,7,1,2024,2024-01-21,2191.3595000000005,-42.82719000000001,0.0
2024-01-21T05:00:00.000-0500,1917.676,1933.792,,2024-01-21T05:00:00.000-0500,7,1,2024,2024-01-21,2172.6025000000004,-42.45205000000001,0.0
2024-01-21T06:00:00.000-0500,1958.814,1996.408,,2024-01-21T06:00:00.000-0500,7,1,2024,2024-01-21,2109.9865000000004,-41.19973000000001,0.0
2024-01-21T07:00:00.000-0500,2025.64,2091.476,,2024-01-21T07:00:00.000-0500,7,1,2024,2024-01-21,2014.9185000000002,-39.298370000000006,0.0
2024-01-21T08:00:00.000-0500,2105.991,2167.451,,2024-01-21T08:00:00.000-0500,7,1,2024,2024-01-21,1938.9435000000003,-37.778870000000005,0.0
2024-01-21T09:00:00.000-0500,2188.649,2223.935,,2024-01-21T09:00:00.000-0500,7,1,2024,2024-01-21,1882.4595000000004,-36.64919000000001,0.0
2024-01-21T10:00:00.000-0500,2228.867,2338.332,,2024-01-21T10:00:00.000-0500,7,1,2024,2024-01-21,1768.0625000000005,-34.36125000000001,0.0
2024-01-21T11:00:00.000-0500,2234.374,2234.481,,2024-01-21T11:00:00.000-0500,7,1,2024,2024-01-21,1871.9135,-36.43827,0.0
2024-01-21T12:00:00.000-0500,2228.293,2217.434,,2024-01-21T12:00:00.000-0500,7,1,2024,2024-01-21,1888.9605000000001,-36.779210000000006,0.0
2024-01-21T13:00:00.000-0500,2203.546,2192.316,,2024-01-21T13:00:00.000-0500,7,1,2024,2024-01-21,1914.0785000000005,-37.28157000000001,0.0
2024-01-21T14:00:00.000-0500,2173.93,2132.016,,2024-01-21T14:00:00.000-0500,7,1,2024,2024-01-21,1974.3785000000003,-38.487570000000005,0.0
2024-01-21T15:00:00.000-0500,2179.381,2160.565,,2024-01-21T15:00:00.000-0500,7,1,2024,2024-01-21,1945.8295000000003,-37.91659000000001,0.0
2024-01-21T16:00:00.000-0500,2226.869,2263.417,,2024-01-21T16:00:00.000-0500,7,1,2024,2024-01-21,1842.9775000000004,-35.859550000000006,0.0
2024-01-21T17:00:00.000-0500,2343.749,2379.2,,2024-01-21T17:00:00.000-0500,7,1,2024,2024-01-21,1727.1945000000005,-33.54389000000001,0.0
2024-01-21T18:00:00.000-0500,2462.042,2527.259,,2024-01-21T18:00:00.000-0500,7,1,2024,2024-01-21,1579.1355000000003,-30.582710000000006,0.0
2024-01-21T19:00:00.000-0500,2454.71,2510.626,,2024-01-21T19:00:00.000-0500,7,1,2024,2024-01-21,1595.7685000000001,-30.915370000000003,0.0
2024-01-21T20:00:00.000-0500,2399.565,2433.005,,2024-01-21T20:00:00.000-0500,7,1,2024,2024-01-21,1673.3895000000002,-32.46779000000001,0.0
2024-01-21T21:00:00.000-0500,2332.456,2322.833,,2024-01-21T21:00:00.000-0500,7,1,2024,2024-01-21,1783.5615000000003,-34.67123000000001,0.0
2024-01-21T22:00:00.000-0500,2221.301,2240.012,,2024-01-21T22:00:00.000-0500,7,1,2024,2024-01-21,1866.3825000000002,-36.327650000000006,0.0
2024-01-21T23:00:00.000-0500,2093.644,2129.693,,2024-01-21T23:00:00.000-0500,7,1,2024,2024-01-21,1976.7015000000001,-38.53403,0.0
2024-01-22T00:00:00.000-0500,1978.502,2002.634,,2024-01-22T00:00:00.000-0500,1,1,2024,2024-01-22,2103.7605000000003,-41.075210000000006,0.0
2024-01-22T01:00:00.000-0500,1918.45,1902.074,4338.9623,2024-01-22T01:00:00.000-0500,1,1,2024,2024-01-22,2204.3205000000003,-43.08641000000001,0.0
2024-01-22T02:00:00.000-0500,1873.764,1868.203,,2024-01-22T02:00:00.000-0500,1,1,2024,2024-01-22,2238.1915000000004,-43.763830000000006,0.0
2024-01-22T03:00:00.000-0500,1867.329,1847.06,,2024-01-22T03:00:00.000-0500,1,1,2024,2024-01-22,2259.3345000000004,-44.186690000000006,0.0
2024-01-22T04:00:00.000-0500,1878.769,1852.695,,2024-01-22T04:00:00.000-0500,1,1,2024,2024-01-22,2253.6995000000006,-44.073990000000016,0.0
2024-01-22T05:00:00.000-0500,1923.427,1920.981,,2024-01-22T05:00:00.000-0500,1,1,2024,2024-01-22,2185.4135000000006,-42.70827000000001,0.0
2024-01-22T06:00:00.000-0500,2065.54,2098.247,,2024-01-22T06:00:00.000-0500,1,1,2024,2024-01-22,2008.1475000000005,-39.16295000000001,0.0
2024-01-22T07:00:00.000-0500,2280.188,2311.094,,2024-01-22T07:00:00.000-0500,1,1,2024,2024-01-22,1795.3005000000003,-34.90601000000001,0.0
2024-01-22T08:00:00.000-0500,2413.453,2433.876,,2024-01-22T08:00:00.000-0500,1,1,2024,2024-01-22,1672.5185000000001,-32.45037000000001,0.0
2024-01-22T09:00:00.000-0500,2410.758,2407.035,,2024-01-22T09:00:00.000-0500,1,1,2024,2024-01-22,1699.3595000000005,-32.98719000000001,0.0
2024-01-22T10:00:00.000-0500,2370.106,2334.218,,2024-01-22T10:00:00.000-0500,1,1,2024,2024-01-22,1772.1765000000005,-34.44353000000001,0.0
2024-01-22T11:00:00.000-0500,2292.398,2257.924,,2024-01-22T11:00:00.000-0500,1,1,2024,2024-01-22,1848.4705000000004,-35.96941000000001,0.0
2024-01-22T12:00:00.000-0500,2221.436,2190.333,,2024-01-22T12:00:00.000-0500,1,1,2024,2024-01-22,1916.0615000000003,-37.32123000000001,0.0
2024-01-22T13:00:00.000-0500,2160.498,2124.973,,2024-01-22T13:00:00.000-0500,1,1,2024,2024-01-22,1981.4215000000004,-38.62843000000001,0.0
2024-01-22T14:00:00.000-0500,2133.387,2130.748,,2024-01-22T14:00:00.000-0500,1,1,2024,2024-01-22,1975.6465000000003,-38.512930000000004,0.0
2024-01-22T15:00:00.000-0500,2180.924,2187.582,,2024-01-22T15:00:00.000-0500,1,1,2024,2024-01-22,1918.8125000000005,-37.37625000000001,0.0
2024-01-22T16:00:00.000-0500,2260.093,2277.182,,2024-01-22T16:00:00.000-0500,1,1,2024,2024-01-22,1829.2125000000005,-35.58425000000001,0.0
2024-01-22T17:00:00.000-0500,2346.229,2411.06,,2024-01-22T17:00:00.000-0500,1,1,2024,2024-01-22,1695.3345000000004,-32.90669000000001,0.0
2024-01-22T18:00:00.000-0500,2452.003,2505.429,,2024-01-22T18:00:00.000-0500,1,1,2024,2024-01-22,1600.9655000000002,-31.019310000000004,0.0
2024-01-22T19:00:00.000-0500,2417.402,2452.389,,2024-01-22T19:00:00.000-0500,1,1,2024,2024-01-22,1654.0055000000002,-32.080110000000005,0.0
2024-01-22T20:00:00.000-0500,2331.971,2380.945,,2024-01-22T20:00:00.000-0500,1,1,2024,2024-01-22,1725.4495000000002,-33.508990000000004,0.0
2024-01-22T21:00:00.000-0500,2247.428,2244.451,,2024-01-22T21:00:00.000-0500,1,1,2024,2024-01-22,1861.9435000000003,-36.238870000000006,0.0
2024-01-22T22:00:00.000-0500,2120.122,2144.243,,2024-01-22T22:00:00.000-0500,1,1,2024,2024-01-22,1962.1515000000004,-38.24303000000001,0.0
2024-01-22T23:00:00.000-0500,1959.194,1981.088,,2024-01-22T23:00:00.000-0500,1,1,2024,2024-01-22,2125.3065000000006,-41.50613000000001,0.0
2024-01-23T00:00:00.000-0500,1834.054,1868.28,,2024-01-23T00:00:00.000-0500,2,1,2024,2024-01-23,2238.1145000000006,-43.762290000000014,0.0
2024-01-17T01:00:00.000-0500,1855.872,1871.122,4286.6033,2024-01-17T01:00:00.000-0500,3,1,2024,2024-01-17,2319.1300999999994,-45.38260199999999,0.0
2024-01-17T02:00:00.000-0500,1808.16,1835.596,,2024-01-17T02:00:00.000-0500,3,1,2024,2024-01-17,2354.6560999999997,-46.093121999999994,0.0
2024-01-17T03:00:00.000-0500,1795.554,1819.134,,2024-01-17T03:00:00.000-0500,3,1,2024,2024-01-17,2371.1180999999997,-46.42236199999999,0.0
2024-01-17T04:00:00.000-0500,1803.364,1841.268,,2024-01-17T04:00:00.000-0500,3,1,2024,2024-01-17,2348.9840999999997,-45.979682,0.0
2024-01-17T05:00:00.000-0500,1846.283,1889.435,,2024-01-17T05:00:00.000-0500,3,1,2024,2024-01-17,2300.8170999999998,-45.016341999999995,0.0
2024-01-17T06:00:00.000-0500,1993.862,2043.964,,2024-01-17T06:00:00.000-0500,3,1,2024,2024-01-17,2146.2880999999998,-41.925762,0.0
2024-01-17T07:00:00.000-0500,2195.439,2288.305,,2024-01-17T07:00:00.000-0500,3,1,2024,2024-01-17,1901.9470999999999,-37.038942,0.0
2024-01-17T08:00:00.000-0500,2333.297,2419.857,,2024-01-17T08:00:00.000-0500,3,1,2024,2024-01-17,1770.3950999999997,-34.40790199999999,0.0
2024-01-17T09:00:00.000-0500,2366.337,2364.51,,2024-01-17T09:00:00.000-0500,3,1,2024,2024-01-17,1825.7420999999995,-35.51484199999999,0.0
2024-01-17T10:00:00.000-0500,2357.612,2273.973,,2024-01-17T10:00:00.000-0500,3,1,2024,2024-01-17,1916.2790999999997,-37.325582,0.0
2024-01-17T11:00:00.000-0500,2346.705,2344.435,,2024-01-17T11:00:00.000-0500,3,1,2024,2024-01-17,1845.8170999999998,-35.91634199999999,0.0
2024-01-17T12:00:00.000-0500,2318.742,2281.542,,2024-01-17T12:00:00.000-0500,3,1,2024,2024-01-17,1908.7100999999998,-37.174201999999994,0.0
2024-01-17T13:00:00.000-0500,2281.767,2293.945,,2024-01-17T13:00:00.000-0500,3,1,2024,2024-01-17,1896.3070999999995,-36.92614199999999,0.0
2024-01-17T14:00:00.000-0500,2263.339,2285.576,,2024-01-17T14:00:00.000-0500,3,1,2024,2024-01-17,1904.6760999999997,-37.09352199999999,0.0
2024-01-17T15:00:00.000-0500,2257.088,2311.49,,2024-01-17T15:00:00.000-0500,3,1,2024,2024-01-17,1878.7621,-36.575241999999996,0.0
2024-01-17T16:00:00.000-0500,2293.455,2385.106,,2024-01-17T16:00:00.000-0500,3,1,2024,2024-01-17,1805.1460999999995,-35.10292199999999,0.0
2024-01-17T17:00:00.000-0500,2391.121,2496.013,,2024-01-17T17:00:00.000-0500,3,1,2024,2024-01-17,1694.2390999999998,-32.884781999999994,0.0
2024-01-17T18:00:00.000-0500,2507.106,2592.542,,2024-01-17T18:00:00.000-0500,3,1,2024,2024-01-17,1597.7100999999998,-30.954201999999995,0.0
2024-01-17T19:00:00.000-0500,2504.465,2555.362,,2024-01-17T19:00:00.000-0500,3,1,2024,2024-01-17,1634.8900999999996,-31.697801999999996,0.0
2024-01-17T20:00:00.000-0500,2463.396,2505.796,,2024-01-17T20:00:00.000-0500,3,1,2024,2024-01-17,1684.4560999999999,-32.689122,0.0
2024-01-17T21:00:00.000-0500,2394.627,2405.742,,2024-01-17T21:00:00.000-0500,3,1,2024,2024-01-17,1784.5100999999995,-34.69020199999999,0.0
2024-01-17T22:00:00.000-0500,2289.345,2287.449,,2024-01-17T22:00:00.000-0500,3,1,2024,2024-01-17,1902.8030999999996,-37.05606199999999,0.0
2024-01-17T23:00:00.000-0500,2148.415,2146.773,,2024-01-17T23:00:00.000-0500,3,1,2024,2024-01-17,2043.4790999999996,-39.869581999999994,0.0
2024-01-18T00:00:00.000-0500,2026.719,2024.012,,2024-01-18T00:00:00.000-0500,4,1,2024,2024-01-18,2166.2401,-42.324802,0.0
2024-01-18T01:00:00.000-0500,1961.057,1945.712,4338.9623,2024-01-18T01:00:00.000-0500,4,1,2024,2024-01-18,2244.5400999999997,-43.890801999999994,0.0
2024-01-18T02:00:00.000-0500,1920.753,1918.876,,2024-01-18T02:00:00.000-0500,4,1,2024,2024-01-18,2271.3760999999995,-44.42752199999999,0.0
2024-01-18T03:00:00.000-0500,1903.77,1882.39,,2024-01-18T03:00:00.000-0500,4,1,2024,2024-01-18,2307.8620999999994,-45.15724199999999,0.0
2024-01-18T04:00:00.000-0500,1899.365,1906.98,,2024-01-18T04:00:00.000-0500,4,1,2024,2024-01-18,2283.2720999999997,-44.66544199999999,0.0
2024-01-18T05:00:00.000-0500,1952.963,1954.874,,2024-01-18T05:00:00.000-0500,4,1,2024,2024-01-18,2235.3781,-43.707561999999996,0.0
2024-01-18T06:00:00.000-0500,2078.947,2115.804,,2024-01-18T06:00:00.000-0500,4,1,2024,2024-01-18,2074.4480999999996,-40.488961999999994,0.0
2024-01-18T07:00:00.000-0500,2291.317,2322.589,,2024-01-18T07:00:00.000-0500,4,1,2024,2024-01-18,1867.6630999999998,-36.353261999999994,0.0
2024-01-18T08:00:00.000-0500,2410.725,2454.535,,2024-01-18T08:00:00.000-0500,4,1,2024,2024-01-18,1735.7170999999998,-33.714341999999995,0.0
2024-01-18T09:00:00.000-0500,2431.269,2444.224,,2024-01-18T09:00:00.000-0500,4,1,2024,2024-01-18,1746.0280999999995,-33.92056199999999,0.0
2024-01-18T10:00:00.000-0500,2433.815,2397.829,,2024-01-18T10:00:00.000-0500,4,1,2024,2024-01-18,1792.4230999999995,-34.84846199999999,0.0
2024-01-18T11:00:00.000-0500,2435.435,2391.89,,2024-01-18T11:00:00.000-0500,4,1,2024,2024-01-18,1798.3620999999998,-34.967242,0.0
2024-01-18T12:00:00.000-0500,2423.966,2474.42,,2024-01-18T12:00:00.000-0500,4,1,2024,2024-01-18,1715.8320999999996,-33.316641999999995,0.0
2024-01-18T13:00:00.000-0500,2394.187,2459.009,,2024-01-18T13:00:00.000-0500,4,1,2024,2024-01-18,1731.2430999999997,-33.62486199999999,0.0
2024-01-18T14:00:00.000-0500,2367.296,2456.86,,2024-01-18T14:00:00.000-0500,4,1,2024,2024-01-18,1733.3920999999996,-33.66784199999999,0.0
2024-01-18T15:00:00.000-0500,2350.426,2454.929,,2024-01-18T15:00:00.000-0500,4,1,2024,2024-01-18,1735.3230999999996,-33.706461999999995,0.0
2024-01-18T16:00:00.000-0500,2349.752,2491.479,,2024-01-18T16:00:00.000-0500,4,1,2024,2024-01-18,1698.7730999999999,-32.975462,0.0
2024-01-18T17:00:00.000-0500,2418.523,2514.418,,2024-01-18T17:00:00.000-0500,4,1,2024,2024-01-18,1675.8340999999996,-32.51668199999999,0.0
2024-01-18T18:00:00.000-0500,2491.614,2576.254,,2024-01-18T18:00:00.000-0500,4,1,2024,2024-01-18,1613.9980999999998,-31.279961999999998,0.0
2024-01-18T19:00:00.000-0500,2466.242,2509.169,,2024-01-18T19:00:00.000-0500,4,1,2024,2024-01-18,1681.0830999999998,-32.621662,0.0
2024-01-18T20:00:00.000-0500,2424.606,2436.116,,2024-01-18T20:00:00.000-0500,4,1,2024,2024-01-18,1754.1360999999997,-34.082722,0.0
2024-01-18T21:00:00.000-0500,2344.709,2340.741,,2024-01-18T21:00:00.000-0500,4,1,2024,2024-01-18,1849.5110999999997,-35.990221999999996,0.0
2024-01-18T22:00:00.000-0500,2220.049,2220.306,,2024-01-18T22:00:00.000-0500,4,1,2024,2024-01-18,1969.9460999999997,-38.39892199999999,0.0
2024-01-18T23:00:00.000-0500,2082.916,2071.405,,2024-01-18T23:00:00.000-0500,4,1,2024,2024-01-18,2118.8470999999995,-41.37694199999999,0.0
2024-01-19T00:00:00.000-0500,1965.81,1955.514,,2024-01-19T00:00:00.000-0500,5,1,2024,2024-01-19,2234.7380999999996,-43.69476199999999,0.0
2024-01-19T01:00:00.000-0500,1883.071,1914.249,4338.9623,2024-01-19T01:00:00.000-0500,5,1,2024,2024-01-19,2276.0031,-44.520061999999996,0.0
2024-01-19T02:00:00.000-0500,1845.596,1850.579,,2024-01-19T02:00:00.000-0500,5,1,2024,2024-01-19,2339.6731,-45.793462,0.0
2024-01-19T03:00:00.000-0500,1827.53,1821.767,,2024-01-19T03:00:00.000-0500,5,1,2024,2024-01-19,2368.4851,-46.369702,0.0
2024-01-19T04:00:00.000-0500,1831.609,1832.9,,2024-01-19T04:00:00.000-0500,5,1,2024,2024-01-19,2357.3520999999996,-46.14704199999999,0.0
2024-01-19T05:00:00.000-0500,1875.558,1887.171,,2024-01-19T05:00:00.000-0500,5,1,2024,2024-01-19,2303.0810999999994,-45.06162199999999,0.0
2024-01-19T06:00:00.000-0500,1995.685,1977.12,,2024-01-19T06:00:00.000-0500,5,1,2024,2024-01-19,2213.1321,-43.262642,0.0
2024-01-19T07:00:00.000-0500,2183.665,2160.342,,2024-01-19T07:00:00.000-0500,5,1,2024,2024-01-19,2029.9100999999996,-39.59820199999999,0.0
2024-01-19T08:00:00.000-0500,2315.883,2325.658,,2024-01-19T08:00:00.000-0500,5,1,2024,2024-01-19,1864.5940999999998,-36.291881999999994,0.0
2024-01-19T09:00:00.000-0500,2357.621,2418.182,,2024-01-19T09:00:00.000-0500,5,1,2024,2024-01-19,1772.0701,-34.441402,0.0
2024-01-19T10:00:00.000-0500,2379.457,2439.614,,2024-01-19T10:00:00.000-0500,5,1,2024,2024-01-19,1750.6380999999997,-34.012761999999995,0.0
2024-01-19T11:00:00.000-0500,2392.114,2495.163,,2024-01-19T11:00:00.000-0500,5,1,2024,2024-01-19,1695.0890999999997,-32.901782,0.0
2024-01-19T12:00:00.000-0500,2373.109,2517.473,,2024-01-19T12:00:00.000-0500,5,1,2024,2024-01-19,1672.7790999999997,-32.45558199999999,0.0
2024-01-19T13:00:00.000-0500,2349.461,2480.523,,2024-01-19T13:00:00.000-0500,5,1,2024,2024-01-19,1709.7290999999996,-33.19458199999999,0.0
2024-01-19T14:00:00.000-0500,2342.773,2462.291,,2024-01-19T14:00:00.000-0500,5,1,2024,2024-01-19,1727.9610999999995,-33.55922199999999,0.0
2024-01-19T15:00:00.000-0500,2325.994,2437.693,,2024-01-19T15:00:00.000-0500,5,1,2024,2024-01-19,1752.5590999999995,-34.05118199999999,0.0
2024-01-19T16:00:00.000-0500,2328.463,2444.993,,2024-01-19T16:00:00.000-0500,5,1,2024,2024-01-19,1745.2590999999998,-33.905181999999996,0.0
2024-01-19T17:00:00.000-0500,2379.125,2471.98,,2024-01-19T17:00:00.000-0500,5,1,2024,2024-01-19,1718.2720999999997,-33.365441999999994,0.0
2024-01-19T18:00:00.000-0500,2438.351,2555.821,,2024-01-19T18:00:00.000-0500,5,1,2024,2024-01-19,1634.4310999999998,-31.688621999999995,0.0
2024-01-19T19:00:00.000-0500,2414.035,2486.093,,2024-01-19T19:00:00.000-0500,5,1,2024,2024-01-19,1704.1590999999999,-33.083182,0.0
2024-01-19T20:00:00.000-0500,2367.37,2404.654,,2024-01-19T20:00:00.000-0500,5,1,2024,2024-01-19,1785.5980999999997,-34.71196199999999,0.0
2024-01-19T21:00:00.000-0500,2299.875,2313.099,,2024-01-19T21:00:00.000-0500,5,1,2024,2024-01-19,1877.1530999999995,-36.54306199999999,0.0
2024-01-19T22:00:00.000-0500,2213.102,2213.654,,2024-01-19T22:00:00.000-0500,5,1,2024,2024-01-19,1976.5980999999997,-38.53196199999999,0.0
2024-01-19T23:00:00.000-0500,2104.856,2082.978,,2024-01-19T23:00:00.000-0500,5,1,2024,2024-01-19,2107.2740999999996,-41.145481999999994,0.0
2024-01-20T00:00:00.000-0500,1999.742,2000.58,,2024-01-20T00:00:00.000-0500,6,1,2024,2024-01-20,2189.6721,-42.793442,0.0
2024-01-20T01:00:00.000-0500,1944.348,1926.083,4338.9623,2024-01-20T01:00:00.000-0500,6,1,2024,2024-01-20,2264.1690999999996,-44.283381999999996,0.0
2024-01-20T02:00:00.000-0500,1892.722,1931.481,,2024-01-20T02:00:00.000-0500,6,1,2024,2024-01-20,2258.7711,-44.175422,0.0
2024-01-20T03:00:00.000-0500,1871.813,1885.852,,2024-01-20T03:00:00.000-0500,6,1,2024,2024-01-20,2304.4001,-45.088001999999996,0.0
2024-01-20T04:00:00.000-0500,1872.102,1877.191,,2024-01-20T04:00:00.000-0500,6,1,2024,2024-01-20,2313.0611,-45.261222,0.0
2024-01-20T05:00:00.000-0500,1889.44,1920.679,,2024-01-20T05:00:00.000-0500,6,1,2024,2024-01-20,2269.5730999999996,-44.39146199999999,0.0
2024-01-20T06:00:00.000-0500,1949.932,1960.4,,2024-01-20T06:00:00.000-0500,6,1,2024,2024-01-20,2229.8520999999996,-43.597041999999995,0.0
2024-01-20T07:00:00.000-0500,2043.1,2045.1,,2024-01-20T07:00:00.000-0500,6,1,2024,2024-01-20,2145.1521,-41.903042,0.0
2024-01-20T08:00:00.000-0500,2139.16,2151.502,,2024-01-20T08:00:00.000-0500,6,1,2024,2024-01-20,2038.7500999999997,-39.77500199999999,0.0
2024-01-20T09:00:00.000-0500,2245.757,2255.015,,2024-01-20T09:00:00.000-0500,6,1,2024,2024-01-20,1935.2370999999998,-37.704741999999996,0.0
2024-01-20T10:00:00.000-0500,2321.45,2325.26,,2024-01-20T10:00:00.000-0500,6,1,2024,2024-01-20,1864.9920999999995,-36.29984199999999,0.0
2024-01-20T11:00:00.000-0500,2344.679,2378.543,,2024-01-20T11:00:00.000-0500,6,1,2024,2024-01-20,1811.7090999999996,-35.23418199999999,0.0
2024-01-20T12:00:00.000-0500,2344.5,2386.474,,2024-01-20T12:00:00.000-0500,6,1,2024,2024-01-20,1803.7780999999995,-35.07556199999999,0.0
2024-01-20T13:00:00.000-0500,2334.359,2355.767,,2024-01-20T13:00:00.000-0500,6,1,2024,2024-01-20,1834.4850999999999,-35.689702,0.0
2024-01-20T14:00:00.000-0500,2327.271,2358.622,,2024-01-20T14:00:00.000-0500,6,1,2024,2024-01-20,1831.6300999999999,-35.632602,0.0
2024-01-20T15:00:00.000-0500,2336.151,2367.153,,2024-01-20T15:00:00.000-0500,6,1,2024,2024-01-20,1823.0991,-35.461982,0.0
2024-01-20T16:00:00.000-0500,2365.36,2393.937,,2024-01-20T16:00:00.000-0500,6,1,2024,2024-01-20,1796.3150999999998,-34.926302,0.0
2024-01-20T17:00:00.000-0500,2422.942,2442.232,,2024-01-20T17:00:00.000-0500,6,1,2024,2024-01-20,1748.0200999999997,-33.960401999999995,0.0
2024-01-20T18:00:00.000-0500,2478.038,2565.813,,2024-01-20T18:00:00.000-0500,6,1,2024,2024-01-20,1624.4390999999996,-31.488781999999993,0.0
2024-01-20T19:00:00.000-0500,2465.192,2475.848,,2024-01-20T19:00:00.000-0500,6,1,2024,2024-01-20,1714.4040999999997,-33.288081999999996,0.0
2024-01-20T20:00:00.000-0500,2415.554,2430.719,,2024-01-20T20:00:00.000-0500,6,1,2024,2024-01-20,1759.5330999999996,-34.190661999999996,0.0
2024-01-20T21:00:00.000-0500,2357.647,2338.163,,2024-01-20T21:00:00.000-0500,6,1,2024,2024-01-20,1852.0890999999997,-36.041782,0.0
2024-01-20T22:00:00.000-0500,2274.168,2241.022,,2024-01-20T22:00:00.000-0500,6,1,2024,2024-01-20,1949.2300999999998,-37.984601999999995,0.0
2024-01-20T23:00:00.000-0500,2167.808,2138.336,,2024-01-20T23:00:00.000-0500,6,1,2024,2024-01-20,2051.9161,-40.038322,0.0
2024-01-21T00:00:00.000-0500,2069.083,2070.18,,2024-01-21T00:00:00.000-0500,7,1,2024,2024-01-21,2120.0721,-41.401441999999996,0.0
2024-01-21T01:00:00.000-0500,1992.618,1987.552,4338.9623,2024-01-21T01:00:00.000-0500,7,1,2024,2024-01-21,2202.7001,-43.054002000000004,0.0
2024-01-21T02:00:00.000-0500,1943.099,1936.717,,2024-01-21T02:00:00.000-0500,7,1,2024,2024-01-21,2253.5350999999996,-44.07070199999999,0.0
2024-01-21T03:00:00.000-0500,1921.282,1930.976,,2024-01-21T03:00:00.000-0500,7,1,2024,2024-01-21,2259.2760999999996,-44.18552199999999,0.0
2024-01-21T04:00:00.000-0500,1912.613,1915.035,,2024-01-21T04:00:00.000-0500,7,1,2024,2024-01-21,2275.2171,-44.504342,0.0
2024-01-21T05:00:00.000-0500,1917.676,1933.792,,2024-01-21T05:00:00.000-0500,7,1,2024,2024-01-21,2256.4601,-44.129202,0.0
2024-01-21T06:00:00.000-0500,1958.814,1996.408,,2024-01-21T06:00:00.000-0500,7,1,2024,2024-01-21,2193.8441,-42.876881999999995,0.0
2024-01-21T07:00:00.000-0500,2025.64,2091.476,,2024-01-21T07:00:00.000-0500,7,1,2024,2024-01-21,2098.7760999999996,-40.97552199999999,0.0
2024-01-21T08:00:00.000-0500,2105.991,2167.451,,2024-01-21T08:00:00.000-0500,7,1,2024,2024-01-21,2022.8010999999997,-39.456022,0.0
2024-01-21T09:00:00.000-0500,2188.649,2223.935,,2024-01-21T09:00:00.000-0500,7,1,2024,2024-01-21,1966.3170999999998,-38.326342,0.0
2024-01-21T10:00:00.000-0500,2228.867,2338.332,,2024-01-21T10:00:00.000-0500,7,1,2024,2024-01-21,1851.9200999999998,-36.038402,0.0
2024-01-21T11:00:00.000-0500,2234.374,2234.481,,2024-01-21T11:00:00.000-0500,7,1,2024,2024-01-21,1955.7710999999995,-38.11542199999999,0.0
2024-01-21T12:00:00.000-0500,2228.293,2217.434,,2024-01-21T12:00:00.000-0500,7,1,2024,2024-01-21,1972.8180999999995,-38.45636199999999,0.0
2024-01-21T13:00:00.000-0500,2203.546,2192.316,,2024-01-21T13:00:00.000-0500,7,1,2024,2024-01-21,1997.9361,-38.958722,0.0
2024-01-21T14:00:00.000-0500,2173.93,2132.016,,2024-01-21T14:00:00.000-0500,7,1,2024,2024-01-21,2058.2360999999996,-40.16472199999999,0.0
2024-01-21T15:00:00.000-0500,2179.381,2160.565,,2024-01-21T15:00:00.000-0500,7,1,2024,2024-01-21,2029.6870999999996,-39.59374199999999,0.0
2024-01-21T16:00:00.000-0500,2226.869,2263.417,,2024-01-21T16:00:00.000-0500,7,1,2024,2024-01-21,1926.8350999999998,-37.536702,0.0
2024-01-21T17:00:00.000-0500,2343.749,2379.2,,2024-01-21T17:00:00.000-0500,7,1,2024,2024-01-21,1811.0520999999999,-35.221042,0.0
2024-01-21T18:00:00.000-0500,2462.042,2527.259,,2024-01-21T18:00:00.000-0500,7,1,2024,2024-01-21,1662.9930999999997,-32.25986199999999,0.0
2024-01-21T19:00:00.000-0500,2454.71,2510.626,,2024-01-21T19:00:00.000-0500,7,1,2024,2024-01-21,1679.6260999999995,-32.59252199999999,0.0
2024-01-21T20:00:00.000-0500,2399.565,2433.005,,2024-01-21T20:00:00.000-0500,7,1,2024,2024-01-21,1757.2470999999996,-34.14494199999999,0.0
2024-01-21T21:00:00.000-0500,2332.456,2322.833,,2024-01-21T21:00:00.000-0500,7,1,2024,2024-01-21,1867.4190999999996,-36.348381999999994,0.0
2024-01-21T22:00:00.000-0500,2221.301,2240.012,,2024-01-21T22:00:00.000-0500,7,1,2024,2024-01-21,1950.2400999999995,-38.00480199999999,0.0
2024-01-21T23:00:00.000-0500,2093.644,2129.693,,2024-01-21T23:00:00.000-0500,7,1,2024,2024-01-21,2060.5590999999995,-40.211181999999994,0.0
2024-01-22T00:00:00.000-0500,1978.502,2002.634,,2024-01-22T00:00:00.000-0500,1,1,2024,2024-01-22,2187.6180999999997,-42.752362,0.0
2024-01-22T01:00:00.000-0500,1918.45,1902.074,4338.9623,2024-01-22T01:00:00.000-0500,1,1,2024,2024-01-22,2288.1780999999996,-44.76356199999999,0.0
2024-01-22T02:00:00.000-0500,1873.764,1868.203,,2024-01-22T02:00:00.000-0500,1,1,2024,2024-01-22,2322.0490999999997,-45.440982,0.0
2024-01-22T03:00:00.000-0500,1867.329,1847.06,,2024-01-22T03:00:00.000-0500,1,1,2024,2024-01-22,2343.1920999999998,-45.863842,0.0
2024-01-22T04:00:00.000-0500,1878.769,1852.695,,2024-01-22T04:00:00.000-0500,1,1,2024,2024-01-22,2337.5571,-45.751142,0.0
2024-01-22T05:00:00.000-0500,1923.427,1920.981,,2024-01-22T05:00:00.000-0500,1,1,2024,2024-01-22,2269.2711,-44.385422,0.0
2024-01-22T06:00:00.000-0500,2065.54,2098.247,,2024-01-22T06:00:00.000-0500,1,1,2024,2024-01-22,2092.0051,-40.840101999999995,0.0
2024-01-22T07:00:00.000-0500,2280.188,2311.094,,2024-01-22T07:00:00.000-0500,1,1,2024,2024-01-22,1879.1580999999996,-36.583161999999994,0.0
2024-01-22T08:00:00.000-0500,2413.453,2433.876,,2024-01-22T08:00:00.000-0500,1,1,2024,2024-01-22,1756.3760999999995,-34.12752199999999,0.0
2024-01-22T09:00:00.000-0500,2410.758,2407.035,,2024-01-22T09:00:00.000-0500,1,1,2024,2024-01-22,1783.2170999999998,-34.664342,0.0
2024-01-22T10:00:00.000-0500,2370.106,2334.218,,2024-01-22T10:00:00.000-0500,1,1,2024,2024-01-22,1856.0340999999999,-36.120681999999995,0.0
2024-01-22T11:00:00.000-0500,2292.398,2257.924,,2024-01-22T11:00:00.000-0500,1,1,2024,2024-01-22,1932.3280999999997,-37.646561999999996,0.0
2024-01-22T12:00:00.000-0500,2221.436,2190.333,,2024-01-22T12:00:00.000-0500,1,1,2024,2024-01-22,1999.9190999999996,-38.99838199999999,0.0
2024-01-22T13:00:00.000-0500,2160.498,2124.973,,2024-01-22T13:00:00.000-0500,1,1,2024,2024-01-22,2065.2790999999997,-40.305581999999994,0.0
2024-01-22T14:00:00.000-0500,2133.387,2130.748,,2024-01-22T14:00:00.000-0500,1,1,2024,2024-01-22,2059.5040999999997,-40.190082,0.0
2024-01-22T15:00:00.000-0500,2180.924,2187.582,,2024-01-22T15:00:00.000-0500,1,1,2024,2024-01-22,2002.6700999999998,-39.053402,0.0
2024-01-22T16:00:00.000-0500,2260.093,2277.182,,2024-01-22T16:00:00.000-0500,1,1,2024,2024-01-22,1913.0701,-37.261402,0.0
2024-01-22T17:00:00.000-0500,2346.229,2411.06,,2024-01-22T17:00:00.000-0500,1,1,2024,2024-01-22,1779.1920999999998,-34.583842,0.0
2024-01-22T18:00:00.000-0500,2452.003,2505.429,,2024-01-22T18:00:00.000-0500,1,1,2024,2024-01-22,1684.8230999999996,-32.69646199999999,0.0
2024-01-22T19:00:00.000-0500,2417.402,2452.389,,2024-01-22T19:00:00.000-0500,1,1,2024,2024-01-22,1737.8630999999996,-33.75726199999999,0.0
2024-01-22T20:00:00.000-0500,2331.971,2380.945,,2024-01-22T20:00:00.000-0500,1,1,2024,2024-01-22,1809.3070999999995,-35.18614199999999,0.0
2024-01-22T21:00:00.000-0500,2247.428,2244.451,,2024-01-22T21:00:00.000-0500,1,1,2024,2024-01-22,1945.8010999999997,-37.91602199999999,0.0
2024-01-22T22:00:00.000-0500,2120.122,2144.243,,2024-01-22T22:00:00.000-0500,1,1,2024,2024-01-22,2046.0090999999998,-39.920182,0.0
2024-01-22T23:00:00.000-0500,1959.194,1981.088,,2024-01-22T23:00:00.000-0500,1,1,2024,2024-01-22,2209.1641,-43.183282,0.0
2024-01-23T00:00:00.000-0500,1834.054,1868.28,,2024-01-23T00:00:00.000-0500,2,1,2024,2024-01-23,2321.9721,-45.439442,0.0
2024-01-23T01:00:00.000-0500,1757.659,1783.007,4338.9623,2024-01-23T01:00:00.000-0500,2,1,2024,2024-01-23,2407.2450999999996,-47.144901999999995,0.0
2024-01-23T02:00:00.000-0500,1697.702,1735.438,,2024-01-23T02:00:00.000-0500,2,1,2024,2024-01-23,2454.8140999999996,-48.096281999999995,0.0
2024-01-23T03:00:00.000-0500,1675.188,1731.048,,2024-01-23T03:00:00.000-0500,2,1,2024,2024-01-23,2459.2041,-48.184082,0.0
2024-01-23T04:00:00.000-0500,1675.15,1729.165,,2024-01-23T04:00:00.000-0500,2,1,2024,2024-01-23,2461.0870999999997,-48.221742,0.0
2024-01-23T05:00:00.000-0500,1725.44,1739.056,,2024-01-23T05:00:00.000-0500,2,1,2024,2024-01-23,2451.1960999999997,-48.02392199999999,0.0
2024-01-23T06:00:00.000-0500,1846.496,1868.864,,2024-01-23T06:00:00.000-0500,2,1,2024,2024-01-23,2321.3880999999997,-45.427761999999994,0.0
2024-01-23T07:00:00.000-0500,2044.48,2132.818,,2024-01-23T07:00:00.000-0500,2,1,2024,2024-01-23,2057.4340999999995,-40.148681999999994,0.0
2024-01-23T08:00:00.000-0500,2164.024,2282.644,,2024-01-23T08:00:00.000-0500,2,1,2024,2024-01-23,1907.6081,-37.152162,0.0
2024-01-23T09:00:00.000-0500,2186.961,2231.111,,2024-01-23T09:00:00.000-0500,2,1,2024,2024-01-23,1959.1410999999998,-38.182821999999994,0.0
2024-01-23T10:00:00.000-0500,2181.932,2192.854,,2024-01-23T10:00:00.000-0500,2,1,2024,2024-01-23,1997.3980999999999,-38.947962,0.0
2024-01-23T11:00:00.000-0500,2193.816,2169.962,,2024-01-23T11:00:00.000-0500,2,1,2024,2024-01-23,2020.2900999999997,-39.405801999999994,0.0
2024-01-23T12:00:00.000-0500,2185.273,2167.917,,2024-01-23T12:00:00.000-0500,2,1,2024,2024-01-23,2022.3350999999998,-39.446701999999995,0.0
2024-01-23T13:00:00.000-0500,2165.327,2193.972,,2024-01-23T13:00:00.000-0500,2,1,2024,2024-01-23,1996.2800999999995,-38.92560199999999,0.0
2024-01-23T14:00:00.000-0500,2167.036,2261.189,,2024-01-23T14:00:00.000-0500,2,1,2024,2024-01-23,1929.0630999999998,-37.581261999999995,0.0
2024-01-23T15:00:00.000-0500,2146.515,2256.347,,2024-01-23T15:00:00.000-0500,2,1,2024,2024-01-23,1933.9050999999995,-37.67810199999999,0.0
2024-01-23T16:00:00.000-0500,2172.945,2279.715,,2024-01-23T16:00:00.000-0500,2,1,2024,2024-01-23,1910.5370999999996,-37.21074199999999,0.0
2024-01-23T17:00:00.000-0500,2254.421,2358.357,,2024-01-23T17:00:00.000-0500,2,1,2024,2024-01-23,1831.8950999999997,-35.637902,0.0
2024-01-23T18:00:00.000-0500,2354.256,2452.115,,2024-01-23T18:00:00.000-0500,2,1,2024,2024-01-23,1738.1371,-33.762741999999996,0.0
2024-01-23T19:00:00.000-0500,2332.211,2407.711,,2024-01-23T19:00:00.000-0500,2,1,2024,2024-01-23,1782.5411,-34.650822,0.0
2024-01-23T20:00:00.000-0500,2262.107,2308.638,,2024-01-23T20:00:00.000-0500,2,1,2024,2024-01-23,1881.6140999999998,-36.632282,0.0
2024-01-23T21:00:00.000-0500,2168.561,2197.768,,2024-01-23T21:00:00.000-0500,2,1,2024,2024-01-23,1992.4840999999997,-38.849681999999994,0.0
2024-01-23T22:00:00.000-0500,2058.775,2088.449,,2024-01-23T22:00:00.000-0500,2,1,2024,2024-01-23,2101.8030999999996,-41.036061999999994,0.0
2024-01-23T23:00:00.000-0500,1916.402,1934.793,,2024-01-23T23:00:00.000-0500,2,1,2024,2024-01-23,2255.4591,-44.109182000000004,0.0
2024-01-24T00:00:00.000-0500,1783.978,1804.987,,2024-01-24T00:00:00.000-0500,3,1,2024,2024-01-24,2385.2650999999996,-46.705301999999996,0.0
2024-01-18T01:00:00.000-0500,1961.057,1945.712,4338.9623,2024-01-18T01:00:00.000-0500,4,1,2024,2024-01-18,2340.8913,-45.817826,0.0
2024-01-18T02:00:00.000-0500,1920.753,1918.876,,2024-01-18T02:00:00.000-0500,4,1,2024,2024-01-18,2367.7272999999996,-46.35454599999999,0.0
2024-01-18T03:00:00.000-0500,1903.77,1882.39,,2024-01-18T03:00:00.000-0500,4,1,2024,2024-01-18,2404.2132999999994,-47.08426599999999,0.0
2024-01-18T04:00:00.000-0500,1899.365,1906.98,,2024-01-18T04:00:00.000-0500,4,1,2024,2024-01-18,2379.6232999999997,-46.592465999999995,0.0
2024-01-18T05:00:00.000-0500,1952.963,1954.874,,2024-01-18T05:00:00.000-0500,4,1,2024,2024-01-18,2331.7293,-45.634586,0.0
2024-01-18T06:00:00.000-0500,2078.947,2115.804,,2024-01-18T06:00:00.000-0500,4,1,2024,2024-01-18,2170.7992999999997,-42.415986,0.0
2024-01-18T07:00:00.000-0500,2291.317,2322.589,,2024-01-18T07:00:00.000-0500,4,1,2024,2024-01-18,1964.0142999999998,-38.280286,0.0
2024-01-18T08:00:00.000-0500,2410.725,2454.535,,2024-01-18T08:00:00.000-0500,4,1,2024,2024-01-18,1832.0683,-35.641366,0.0
2024-01-18T09:00:00.000-0500,2431.269,2444.224,,2024-01-18T09:00:00.000-0500,4,1,2024,2024-01-18,1842.3792999999996,-35.84758599999999,0.0
2024-01-18T10:00:00.000-0500,2433.815,2397.829,,2024-01-18T10:00:00.000-0500,4,1,2024,2024-01-18,1888.7742999999996,-36.775485999999994,0.0
2024-01-18T11:00:00.000-0500,2435.435,2391.89,,2024-01-18T11:00:00.000-0500,4,1,2024,2024-01-18,1894.7133,-36.894266,0.0
2024-01-18T12:00:00.000-0500,2423.966,2474.42,,2024-01-18T12:00:00.000-0500,4,1,2024,2024-01-18,1812.1832999999997,-35.243666,0.0
2024-01-18T13:00:00.000-0500,2394.187,2459.009,,2024-01-18T13:00:00.000-0500,4,1,2024,2024-01-18,1827.5942999999997,-35.551885999999996,0.0
2024-01-18T14:00:00.000-0500,2367.296,2456.86,,2024-01-18T14:00:00.000-0500,4,1,2024,2024-01-18,1829.7432999999996,-35.594865999999996,0.0
2024-01-18T15:00:00.000-0500,2350.426,2454.929,,2024-01-18T15:00:00.000-0500,4,1,2024,2024-01-18,1831.6742999999997,-35.633486,0.0
2024-01-18T16:00:00.000-0500,2349.752,2491.479,,2024-01-18T16:00:00.000-0500,4,1,2024,2024-01-18,1795.1243,-34.902486,0.0
2024-01-18T17:00:00.000-0500,2418.523,2514.418,,2024-01-18T17:00:00.000-0500,4,1,2024,2024-01-18,1772.1852999999996,-34.44370599999999,0.0
2024-01-18T18:00:00.000-0500,2491.614,2576.254,,2024-01-18T18:00:00.000-0500,4,1,2024,2024-01-18,1710.3492999999999,-33.206986,0.0
2024-01-18T19:00:00.000-0500,2466.242,2509.169,,2024-01-18T19:00:00.000-0500,4,1,2024,2024-01-18,1777.4343,-34.548686,0.0
2024-01-18T20:00:00.000-0500,2424.606,2436.116,,2024-01-18T20:00:00.000-0500,4,1,2024,2024-01-18,1850.4872999999998,-36.009746,0.0
2024-01-18T21:00:00.000-0500,2344.709,2340.741,,2024-01-18T21:00:00.000-0500,4,1,2024,2024-01-18,1945.8622999999998,-37.917246,0.0
2024-01-18T22:00:00.000-0500,2220.049,2220.306,,2024-01-18T22:00:00.000-0500,4,1,2024,2024-01-18,2066.2972999999997,-40.325945999999995,0.0
2024-01-18T23:00:00.000-0500,2082.916,2071.405,,2024-01-18T23:00:00.000-0500,4,1,2024,2024-01-18,2215.1982999999996,-43.303965999999996,0.0
2024-01-19T00:00:00.000-0500,1965.81,1955.514,,2024-01-19T00:00:00.000-0500,5,1,2024,2024-01-19,2331.0892999999996,-45.62178599999999,0.0
2024-01-19T01:00:00.000-0500,1883.071,1914.249,4338.9623,2024-01-19T01:00:00.000-0500,5,1,2024,2024-01-19,2372.3543,-46.447086,0.0
2024-01-19T02:00:00.000-0500,1845.596,1850.579,,2024-01-19T02:00:00.000-0500,5,1,2024,2024-01-19,2436.0243,-47.720486,0.0
2024-01-19T03:00:00.000-0500,1827.53,1821.767,,2024-01-19T03:00:00.000-0500,5,1,2024,2024-01-19,2464.8363,-48.296726,0.0
2024-01-19T04:00:00.000-0500,1831.609,1832.9,,2024-01-19T04:00:00.000-0500,5,1,2024,2024-01-19,2453.7032999999997,-48.074065999999995,0.0
2024-01-19T05:00:00.000-0500,1875.558,1887.171,,2024-01-19T05:00:00.000-0500,5,1,2024,2024-01-19,2399.4322999999995,-46.98864599999999,0.0
2024-01-19T06:00:00.000-0500,1995.685,1977.12,,2024-01-19T06:00:00.000-0500,5,1,2024,2024-01-19,2309.4833,-45.189665999999995,0.0
2024-01-19T07:00:00.000-0500,2183.665,2160.342,,2024-01-19T07:00:00.000-0500,5,1,2024,2024-01-19,2126.2612999999997,-41.525225999999996,0.0
2024-01-19T08:00:00.000-0500,2315.883,2325.658,,2024-01-19T08:00:00.000-0500,5,1,2024,2024-01-19,1960.9452999999999,-38.218906,0.0
2024-01-19T09:00:00.000-0500,2357.621,2418.182,,2024-01-19T09:00:00.000-0500,5,1,2024,2024-01-19,1868.4213,-36.368426,0.0
2024-01-19T10:00:00.000-0500,2379.457,2439.614,,2024-01-19T10:00:00.000-0500,5,1,2024,2024-01-19,1846.9892999999997,-35.939786,0.0
2024-01-19T11:00:00.000-0500,2392.114,2495.163,,2024-01-19T11:00:00.000-0500,5,1,2024,2024-01-19,1791.4402999999998,-34.82880599999999,0.0
2024-01-19T12:00:00.000-0500,2373.109,2517.473,,2024-01-19T12:00:00.000-0500,5,1,2024,2024-01-19,1769.1302999999998,-34.382605999999996,0.0
2024-01-19T13:00:00.000-0500,2349.461,2480.523,,2024-01-19T13:00:00.000-0500,5,1,2024,2024-01-19,1806.0802999999996,-35.12160599999999,0.0
2024-01-19T14:00:00.000-0500,2342.773,2462.291,,2024-01-19T14:00:00.000-0500,5,1,2024,2024-01-19,1824.3122999999996,-35.486245999999994,0.0
2024-01-19T15:00:00.000-0500,2325.994,2437.693,,2024-01-19T15:00:00.000-0500,5,1,2024,2024-01-19,1848.9102999999996,-35.97820599999999,0.0
2024-01-19T16:00:00.000-0500,2328.463,2444.993,,2024-01-19T16:00:00.000-0500,5,1,2024,2024-01-19,1841.6102999999998,-35.832206,0.0
2024-01-19T17:00:00.000-0500,2379.125,2471.98,,2024-01-19T17:00:00.000-0500,5,1,2024,2024-01-19,1814.6232999999997,-35.292466,0.0
2024-01-19T18:00:00.000-0500,2438.351,2555.821,,2024-01-19T18:00:00.000-0500,5,1,2024,2024-01-19,1730.7822999999999,-33.615646,0.0
2024-01-19T19:00:00.000-0500,2414.035,2486.093,,2024-01-19T19:00:00.000-0500,5,1,2024,2024-01-19,1800.5103,-35.010206,0.0
2024-01-19T20:00:00.000-0500,2367.37,2404.654,,2024-01-19T20:00:00.000-0500,5,1,2024,2024-01-19,1881.9492999999998,-36.638985999999996,0.0
2024-01-19T21:00:00.000-0500,2299.875,2313.099,,2024-01-19T21:00:00.000-0500,5,1,2024,2024-01-19,1973.5042999999996,-38.470085999999995,0.0
2024-01-19T22:00:00.000-0500,2213.102,2213.654,,2024-01-19T22:00:00.000-0500,5,1,2024,2024-01-19,2072.9492999999998,-40.458985999999996,0.0
2024-01-19T23:00:00.000-0500,2104.856,2082.978,,2024-01-19T23:00:00.000-0500,5,1,2024,2024-01-19,2203.6252999999997,-43.072506,0.0
2024-01-20T00:00:00.000-0500,1999.742,2000.58,,2024-01-20T00:00:00.000-0500,6,1,2024,2024-01-20,2286.0233,-44.720465999999995,0.0
2024-01-20T01:00:00.000-0500,1944.348,1926.083,4338.9623,2024-01-20T01:00:00.000-0500,6,1,2024,2024-01-20,2360.5202999999997,-46.21040599999999,0.0
2024-01-20T02:00:00.000-0500,1892.722,1931.481,,2024-01-20T02:00:00.000-0500,6,1,2024,2024-01-20,2355.1223,-46.102446,0.0
2024-01-20T03:00:00.000-0500,1871.813,1885.852,,2024-01-20T03:00:00.000-0500,6,1,2024,2024-01-20,2400.7513,-47.015026,0.0
2024-01-20T04:00:00.000-0500,1872.102,1877.191,,2024-01-20T04:00:00.000-0500,6,1,2024,2024-01-20,2409.4123,-47.188246,0.0
2024-01-20T05:00:00.000-0500,1889.44,1920.679,,2024-01-20T05:00:00.000-0500,6,1,2024,2024-01-20,2365.9242999999997,-46.31848599999999,0.0
2024-01-20T06:00:00.000-0500,1949.932,1960.4,,2024-01-20T06:00:00.000-0500,6,1,2024,2024-01-20,2326.2032999999997,-45.524066,0.0
2024-01-20T07:00:00.000-0500,2043.1,2045.1,,2024-01-20T07:00:00.000-0500,6,1,2024,2024-01-20,2241.5033,-43.830065999999995,0.0
2024-01-20T08:00:00.000-0500,2139.16,2151.502,,2024-01-20T08:00:00.000-0500,6,1,2024,2024-01-20,2135.1013,-41.702026,0.0
2024-01-20T09:00:00.000-0500,2245.757,2255.015,,2024-01-20T09:00:00.000-0500,6,1,2024,2024-01-20,2031.5883,-39.631766,0.0
2024-01-20T10:00:00.000-0500,2321.45,2325.26,,2024-01-20T10:00:00.000-0500,6,1,2024,2024-01-20,1961.3432999999995,-38.226865999999994,0.0
2024-01-20T11:00:00.000-0500,2344.679,2378.543,,2024-01-20T11:00:00.000-0500,6,1,2024,2024-01-20,1908.0602999999996,-37.16120599999999,0.0
2024-01-20T12:00:00.000-0500,2344.5,2386.474,,2024-01-20T12:00:00.000-0500,6,1,2024,2024-01-20,1900.1292999999996,-37.002585999999994,0.0
2024-01-20T13:00:00.000-0500,2334.359,2355.767,,2024-01-20T13:00:00.000-0500,6,1,2024,2024-01-20,1930.8363,-37.616726,0.0
2024-01-20T14:00:00.000-0500,2327.271,2358.622,,2024-01-20T14:00:00.000-0500,6,1,2024,2024-01-20,1927.9813,-37.559626,0.0
2024-01-20T15:00:00.000-0500,2336.151,2367.153,,2024-01-20T15:00:00.000-0500,6,1,2024,2024-01-20,1919.4503,-37.389006,0.0
2024-01-20T16:00:00.000-0500,2365.36,2393.937,,2024-01-20T16:00:00.000-0500,6,1,2024,2024-01-20,1892.6662999999999,-36.853325999999996,0.0
2024-01-20T17:00:00.000-0500,2422.942,2442.232,,2024-01-20T17:00:00.000-0500,6,1,2024,2024-01-20,1844.3712999999998,-35.887426,0.0
2024-01-20T18:00:00.000-0500,2478.038,2565.813,,2024-01-20T18:00:00.000-0500,6,1,2024,2024-01-20,1720.7902999999997,-33.415805999999996,0.0
2024-01-20T19:00:00.000-0500,2465.192,2475.848,,2024-01-20T19:00:00.000-0500,6,1,2024,2024-01-20,1810.7552999999998,-35.215106,0.0
2024-01-20T20:00:00.000-0500,2415.554,2430.719,,2024-01-20T20:00:00.000-0500,6,1,2024,2024-01-20,1855.8842999999997,-36.11768599999999,0.0
2024-01-20T21:00:00.000-0500,2357.647,2338.163,,2024-01-20T21:00:00.000-0500,6,1,2024,2024-01-20,1948.4402999999998,-37.968805999999994,0.0
2024-01-20T22:00:00.000-0500,2274.168,2241.022,,2024-01-20T22:00:00.000-0500,6,1,2024,2024-01-20,2045.5812999999998,-39.911626,0.0
2024-01-20T23:00:00.000-0500,2167.808,2138.336,,2024-01-20T23:00:00.000-0500,6,1,2024,2024-01-20,2148.2673,-41.965346000000004,0.0
2024-01-21T00:00:00.000-0500,2069.083,2070.18,,2024-01-21T00:00:00.000-0500,7,1,2024,2024-01-21,2216.4233,-43.328466,0.0
2024-01-21T01:00:00.000-0500,1992.618,1987.552,4338.9623,2024-01-21T01:00:00.000-0500,7,1,2024,2024-01-21,2299.0513,-44.981026,0.0
2024-01-21T02:00:00.000-0500,1943.099,1936.717,,2024-01-21T02:00:00.000-0500,7,1,2024,2024-01-21,2349.8862999999997,-45.99772599999999,0.0
2024-01-21T03:00:00.000-0500,1921.282,1930.976,,2024-01-21T03:00:00.000-0500,7,1,2024,2024-01-21,2355.6272999999997,-46.112545999999995,0.0
2024-01-21T04:00:00.000-0500,1912.613,1915.035,,2024-01-21T04:00:00.000-0500,7,1,2024,2024-01-21,2371.5683,-46.431366,0.0
2024-01-21T05:00:00.000-0500,1917.676,1933.792,,2024-01-21T05:00:00.000-0500,7,1,2024,2024-01-21,2352.8113,-46.056225999999995,0.0
2024-01-21T06:00:00.000-0500,1958.814,1996.408,,2024-01-21T06:00:00.000-0500,7,1,2024,2024-01-21,2290.1953,-44.803906,0.0
2024-01-21T07:00:00.000-0500,2025.64,2091.476,,2024-01-21T07:00:00.000-0500,7,1,2024,2024-01-21,2195.1272999999997,-42.902545999999994,0.0
2024-01-21T08:00:00.000-0500,2105.991,2167.451,,2024-01-21T08:00:00.000-0500,7,1,2024,2024-01-21,2119.1522999999997,-41.38304599999999,0.0
2024-01-21T09:00:00.000-0500,2188.649,2223.935,,2024-01-21T09:00:00.000-0500,7,1,2024,2024-01-21,2062.6683,-40.253366,0.0
2024-01-21T10:00:00.000-0500,2228.867,2338.332,,2024-01-21T10:00:00.000-0500,7,1,2024,2024-01-21,1948.2712999999999,-37.965426,0.0
2024-01-21T11:00:00.000-0500,2234.374,2234.481,,2024-01-21T11:00:00.000-0500,7,1,2024,2024-01-21,2052.1222999999995,-40.04244599999999,0.0
2024-01-21T12:00:00.000-0500,2228.293,2217.434,,2024-01-21T12:00:00.000-0500,7,1,2024,2024-01-21,2069.1692999999996,-40.383385999999994,0.0
2024-01-21T13:00:00.000-0500,2203.546,2192.316,,2024-01-21T13:00:00.000-0500,7,1,2024,2024-01-21,2094.2873,-40.885746,0.0
2024-01-21T14:00:00.000-0500,2173.93,2132.016,,2024-01-21T14:00:00.000-0500,7,1,2024,2024-01-21,2154.5872999999997,-42.09174599999999,0.0
2024-01-21T15:00:00.000-0500,2179.381,2160.565,,2024-01-21T15:00:00.000-0500,7,1,2024,2024-01-21,2126.0382999999997,-41.520765999999995,0.0
2024-01-21T16:00:00.000-0500,2226.869,2263.417,,2024-01-21T16:00:00.000-0500,7,1,2024,2024-01-21,2023.1862999999998,-39.463726,0.0
2024-01-21T17:00:00.000-0500,2343.749,2379.2,,2024-01-21T17:00:00.000-0500,7,1,2024,2024-01-21,1907.4033,-37.148066,0.0
2024-01-21T18:00:00.000-0500,2462.042,2527.259,,2024-01-21T18:00:00.000-0500,7,1,2024,2024-01-21,1759.3442999999997,-34.186885999999994,0.0
2024-01-21T19:00:00.000-0500,2454.71,2510.626,,2024-01-21T19:00:00.000-0500,7,1,2024,2024-01-21,1775.9772999999996,-34.51954599999999,0.0
2024-01-21T20:00:00.000-0500,2399.565,2433.005,,2024-01-21T20:00:00.000-0500,7,1,2024,2024-01-21,1853.5982999999997,-36.071965999999996,0.0
2024-01-21T21:00:00.000-0500,2332.456,2322.833,,2024-01-21T21:00:00.000-0500,7,1,2024,2024-01-21,1963.7702999999997,-38.275406,0.0
2024-01-21T22:00:00.000-0500,2221.301,2240.012,,2024-01-21T22:00:00.000-0500,7,1,2024,2024-01-21,2046.5912999999996,-39.931825999999994,0.0
2024-01-21T23:00:00.000-0500,2093.644,2129.693,,2024-01-21T23:00:00.000-0500,7,1,2024,2024-01-21,2156.9102999999996,-42.13820599999999,0.0
2024-01-22T00:00:00.000-0500,1978.502,2002.634,,2024-01-22T00:00:00.000-0500,1,1,2024,2024-01-22,2283.9692999999997,-44.679385999999994,0.0
2024-01-22T01:00:00.000-0500,1918.45,1902.074,4338.9623,2024-01-22T01:00:00.000-0500,1,1,2024,2024-01-22,2384.5292999999997,-46.690585999999996,0.0
2024-01-22T02:00:00.000-0500,1873.764,1868.203,,2024-01-22T02:00:00.000-0500,1,1,2024,2024-01-22,2418.4003,-47.368005999999994,0.0
2024-01-22T03:00:00.000-0500,1867.329,1847.06,,2024-01-22T03:00:00.000-0500,1,1,2024,2024-01-22,2439.5433,-47.790865999999994,0.0
2024-01-22T04:00:00.000-0500,1878.769,1852.695,,2024-01-22T04:00:00.000-0500,1,1,2024,2024-01-22,2433.9083,-47.678166000000004,0.0
2024-01-22T05:00:00.000-0500,1923.427,1920.981,,2024-01-22T05:00:00.000-0500,1,1,2024,2024-01-22,2365.6223,-46.312446,0.0
2024-01-22T06:00:00.000-0500,2065.54,2098.247,,2024-01-22T06:00:00.000-0500,1,1,2024,2024-01-22,2188.3563,-42.767126,0.0
2024-01-22T07:00:00.000-0500,2280.188,2311.094,,2024-01-22T07:00:00.000-0500,1,1,2024,2024-01-22,1975.5092999999997,-38.510186,0.0
2024-01-22T08:00:00.000-0500,2413.453,2433.876,,2024-01-22T08:00:00.000-0500,1,1,2024,2024-01-22,1852.7272999999996,-36.054545999999995,0.0
2024-01-22T09:00:00.000-0500,2410.758,2407.035,,2024-01-22T09:00:00.000-0500,1,1,2024,2024-01-22,1879.5683,-36.591366,0.0
2024-01-22T10:00:00.000-0500,2370.106,2334.218,,2024-01-22T10:00:00.000-0500,1,1,2024,2024-01-22,1952.3853,-38.047706,0.0
2024-01-22T11:00:00.000-0500,2292.398,2257.924,,2024-01-22T11:00:00.000-0500,1,1,2024,2024-01-22,2028.6792999999998,-39.573586,0.0
2024-01-22T12:00:00.000-0500,2221.436,2190.333,,2024-01-22T12:00:00.000-0500,1,1,2024,2024-01-22,2096.2702999999997,-40.925405999999995,0.0
2024-01-22T13:00:00.000-0500,2160.498,2124.973,,2024-01-22T13:00:00.000-0500,1,1,2024,2024-01-22,2161.6303,-42.232606,0.0
2024-01-22T14:00:00.000-0500,2133.387,2130.748,,2024-01-22T14:00:00.000-0500,1,1,2024,2024-01-22,2155.8552999999997,-42.11710599999999,0.0
2024-01-22T15:00:00.000-0500,2180.924,2187.582,,2024-01-22T15:00:00.000-0500,1,1,2024,2024-01-22,2099.0213,-40.980426,0.0
2024-01-22T16:00:00.000-0500,2260.093,2277.182,,2024-01-22T16:00:00.000-0500,1,1,2024,2024-01-22,2009.4213,-39.188426,0.0
2024-01-22T17:00:00.000-0500,2346.229,2411.06,,2024-01-22T17:00:00.000-0500,1,1,2024,2024-01-22,1875.5432999999998,-36.510866,0.0
2024-01-22T18:00:00.000-0500,2452.003,2505.429,,2024-01-22T18:00:00.000-0500,1,1,2024,2024-01-22,1781.1742999999997,-34.62348599999999,0.0
2024-01-22T19:00:00.000-0500,2417.402,2452.389,,2024-01-22T19:00:00.000-0500,1,1,2024,2024-01-22,1834.2142999999996,-35.68428599999999,0.0
2024-01-22T20:00:00.000-0500,2331.971,2380.945,,2024-01-22T20:00:00.000-0500,1,1,2024,2024-01-22,1905.6582999999996,-37.11316599999999,0.0
2024-01-22T21:00:00.000-0500,2247.428,2244.451,,2024-01-22T21:00:00.000-0500,1,1,2024,2024-01-22,2042.1522999999997,-39.843045999999994,0.0
2024-01-22T22:00:00.000-0500,2120.122,2144.243,,2024-01-22T22:00:00.000-0500,1,1,2024,2024-01-22,2142.3603,-41.847206,0.0
2024-01-22T23:00:00.000-0500,1959.194,1981.088,,2024-01-22T23:00:00.000-0500,1,1,2024,2024-01-22,2305.5153,-45.110306,0.0
2024-01-23T00:00:00.000-0500,1834.054,1868.28,,2024-01-23T00:00:00.000-0500,2,1,2024,2024-01-23,2418.3233,-47.366466,0.0
2024-01-23T01:00:00.000-0500,1757.659,1783.007,4338.9623,2024-01-23T01:00:00.000-0500,2,1,2024,2024-01-23,2503.5962999999997,-49.071926,0.0
2024-01-23T02:00:00.000-0500,1697.702,1735.438,,2024-01-23T02:00:00.000-0500,2,1,2024,2024-01-23,2551.1652999999997,-50.02330599999999,0.0
2024-01-23T03:00:00.000-0500,1675.188,1731.048,,2024-01-23T03:00:00.000-0500,2,1,2024,2024-01-23,2555.5553,-50.111106,0.0
2024-01-23T04:00:00.000-0500,1675.15,1729.165,,2024-01-23T04:00:00.000-0500,2,1,2024,2024-01-23,2557.4383,-50.148765999999995,0.0
2024-01-23T05:00:00.000-0500,1725.44,1739.056,,2024-01-23T05:00:00.000-0500,2,1,2024,2024-01-23,2547.5472999999997,-49.950945999999995,0.0
2024-01-23T06:00:00.000-0500,1846.496,1868.864,,2024-01-23T06:00:00.000-0500,2,1,2024,2024-01-23,2417.7392999999997,-47.354786,0.0
2024-01-23T07:00:00.000-0500,2044.48,2132.818,,2024-01-23T07:00:00.000-0500,2,1,2024,2024-01-23,2153.7852999999996,-42.07570599999999,0.0
2024-01-23T08:00:00.000-0500,2164.024,2282.644,,2024-01-23T08:00:00.000-0500,2,1,2024,2024-01-23,2003.9593,-39.079186,0.0
2024-01-23T09:00:00.000-0500,2186.961,2231.111,,2024-01-23T09:00:00.000-0500,2,1,2024,2024-01-23,2055.4923,-40.109846,0.0
2024-01-23T10:00:00.000-0500,2181.932,2192.854,,2024-01-23T10:00:00.000-0500,2,1,2024,2024-01-23,2093.7493,-40.874986,0.0
2024-01-23T11:00:00.000-0500,2193.816,2169.962,,2024-01-23T11:00:00.000-0500,2,1,2024,2024-01-23,2116.6413,-41.332826,0.0
2024-01-23T12:00:00.000-0500,2185.273,2167.917,,2024-01-23T12:00:00.000-0500,2,1,2024,2024-01-23,2118.6863,-41.373726,0.0
2024-01-23T13:00:00.000-0500,2165.327,2193.972,,2024-01-23T13:00:00.000-0500,2,1,2024,2024-01-23,2092.6312999999996,-40.852625999999994,0.0
2024-01-23T14:00:00.000-0500,2167.036,2261.189,,2024-01-23T14:00:00.000-0500,2,1,2024,2024-01-23,2025.4143,-39.508286,0.0
2024-01-23T15:00:00.000-0500,2146.515,2256.347,,2024-01-23T15:00:00.000-0500,2,1,2024,2024-01-23,2030.2562999999996,-39.60512599999999,0.0
2024-01-23T16:00:00.000-0500,2172.945,2279.715,,2024-01-23T16:00:00.000-0500,2,1,2024,2024-01-23,2006.8882999999996,-39.13776599999999,0.0
2024-01-23T17:00:00.000-0500,2254.421,2358.357,,2024-01-23T17:00:00.000-0500,2,1,2024,2024-01-23,1928.2462999999998,-37.564926,0.0
2024-01-23T18:00:00.000-0500,2354.256,2452.115,,2024-01-23T18:00:00.000-0500,2,1,2024,2024-01-23,1834.4883,-35.689766,0.0
2024-01-23T19:00:00.000-0500,2332.211,2407.711,,2024-01-23T19:00:00.000-0500,2,1,2024,2024-01-23,1878.8923,-36.577846,0.0
2024-01-23T20:00:00.000-0500,2262.107,2308.638,,2024-01-23T20:00:00.000-0500,2,1,2024,2024-01-23,1977.9652999999998,-38.559306,0.0
2024-01-23T21:00:00.000-0500,2168.561,2197.768,,2024-01-23T21:00:00.000-0500,2,1,2024,2024-01-23,2088.8352999999997,-40.776706,0.0
2024-01-23T22:00:00.000-0500,2058.775,2088.449,,2024-01-23T22:00:00.000-0500,2,1,2024,2024-01-23,2198.1542999999997,-42.963086,0.0
2024-01-23T23:00:00.000-0500,1916.402,1934.793,,2024-01-23T23:00:00.000-0500,2,1,2024,2024-01-23,2351.8103,-46.036206,0.0
2024-01-24T00:00:00.000-0500,1783.978,1804.987,,2024-01-24T00:00:00.000-0500,3,1,2024,2024-01-24,2481.6162999999997,-48.63232599999999,0.0
2024-01-24T01:00:00.000-0500,1720.858,1735.637,4338.9623,2024-01-24T01:00:00.000-0500,3,1,2024,2024-01-24,2550.9663,-50.019326,0.0
2024-01-24T02:00:00.000-0500,1666.484,1684.332,,2024-01-24T02:00:00.000-0500,3,1,2024,2024-01-24,2602.2712999999994,-51.04542599999999,0.0
2024-01-24T03:00:00.000-0500,1645.966,1668.56,,2024-01-24T03:00:00.000-0500,3,1,2024,2024-01-24,2618.0433,-51.360865999999994,0.0
2024-01-24T04:00:00.000-0500,1646.251,1676.564,,2024-01-24T04:00:00.000-0500,3,1,2024,2024-01-24,2610.0392999999995,-51.200785999999994,0.0
2024-01-24T05:00:00.000-0500,1693.533,1721.362,,2024-01-24T05:00:00.000-0500,3,1,2024,2024-01-24,2565.2412999999997,-50.30482599999999,0.0
2024-01-24T06:00:00.000-0500,1808.871,1844.365,,2024-01-24T06:00:00.000-0500,3,1,2024,2024-01-24,2442.2383,-47.844766,0.0
2024-01-24T07:00:00.000-0500,1984.803,2040.722,,2024-01-24T07:00:00.000-0500,3,1,2024,2024-01-24,2245.8813,-43.917626,0.0
2024-01-24T08:00:00.000-0500,2125.686,2217.481,,2024-01-24T08:00:00.000-0500,3,1,2024,2024-01-24,2069.1222999999995,-40.382445999999995,0.0
2024-01-24T09:00:00.000-0500,2194.852,2296.408,,2024-01-24T09:00:00.000-0500,3,1,2024,2024-01-24,1990.1952999999999,-38.803906,0.0
2024-01-24T10:00:00.000-0500,2227.572,2300.582,,2024-01-24T10:00:00.000-0500,3,1,2024,2024-01-24,1986.0212999999999,-38.720425999999996,0.0
2024-01-24T11:00:00.000-0500,2246.203,2319.869,,2024-01-24T11:00:00.000-0500,3,1,2024,2024-01-24,1966.7342999999996,-38.33468599999999,0.0
2024-01-24T12:00:00.000-0500,2256.508,2295.062,,2024-01-24T12:00:00.000-0500,3,1,2024,2024-01-24,1991.5412999999999,-38.830825999999995,0.0
2024-01-24T13:00:00.000-0500,2257.125,2313.968,,2024-01-24T13:00:00.000-0500,3,1,2024,2024-01-24,1972.6353,-38.452706,0.0
2024-01-24T14:00:00.000-0500,2243.651,2307.281,,2024-01-24T14:00:00.000-0500,3,1,2024,2024-01-24,1979.3222999999998,-38.586445999999995,0.0
2024-01-24T15:00:00.000-0500,2230.807,2275.165,,2024-01-24T15:00:00.000-0500,3,1,2024,2024-01-24,2011.4382999999998,-39.228766,0.0
2024-01-24T16:00:00.000-0500,2228.848,2272.154,,2024-01-24T16:00:00.000-0500,3,1,2024,2024-01-24,2014.4492999999998,-39.288985999999994,0.0
2024-01-24T17:00:00.000-0500,2294.166,2317.952,,2024-01-24T17:00:00.000-0500,3,1,2024,2024-01-24,1968.6512999999995,-38.37302599999999,0.0
2024-01-24T18:00:00.000-0500,2357.196,2403.072,,2024-01-24T18:00:00.000-0500,3,1,2024,2024-01-24,1883.5312999999996,-36.67062599999999,0.0
2024-01-24T19:00:00.000-0500,2316.862,2343.332,,2024-01-24T19:00:00.000-0500,3,1,2024,2024-01-24,1943.2712999999999,-37.865426,0.0
2024-01-24T20:00:00.000-0500,2236.902,2264.332,,2024-01-24T20:00:00.000-0500,3,1,2024,2024-01-24,2022.2712999999999,-39.445426,0.0
2024-01-24T21:00:00.000-0500,2167.582,2145.71,,2024-01-24T21:00:00.000-0500,3,1,2024,2024-01-24,2140.8932999999997,-41.817865999999995,0.0
2024-01-24T22:00:00.000-0500,2041.144,2032.562,,2024-01-24T22:00:00.000-0500,3,1,2024,2024-01-24,2254.0413,-44.080825999999995,0.0
2024-01-24T23:00:00.000-0500,1895.785,1859.18,,2024-01-24T23:00:00.000-0500,3,1,2024,2024-01-24,2427.4232999999995,-47.54846599999999,0.0
2024-01-25T00:00:00.000-0500,1778.46,1745.169,,2024-01-25T00:00:00.000-0500,4,1,2024,2024-01-25,2541.4343,-49.828686,0.0
2024-01-19T01:00:00.000-0500,1883.071,1914.249,4338.9623,2024-01-19T01:00:00.000-0500,5,1,2024,2024-01-19,2424.7133000000003,-47.49426600000001,0.0
2024-01-19T02:00:00.000-0500,1845.596,1850.579,,2024-01-19T02:00:00.000-0500,5,1,2024,2024-01-19,2488.3833000000004,-48.76766600000001,0.0
2024-01-19T03:00:00.000-0500,1827.53,1821.767,,2024-01-19T03:00:00.000-0500,5,1,2024,2024-01-19,2517.1953000000003,-49.343906000000004,0.0
2024-01-19T04:00:00.000-0500,1831.609,1832.9,,2024-01-19T04:00:00.000-0500,5,1,2024,2024-01-19,2506.0623,-49.121246,0.0
2024-01-19T05:00:00.000-0500,1875.558,1887.171,,2024-01-19T05:00:00.000-0500,5,1,2024,2024-01-19,2451.7913,-48.035826,0.0
2024-01-19T06:00:00.000-0500,1995.685,1977.12,,2024-01-19T06:00:00.000-0500,5,1,2024,2024-01-19,2361.8423000000003,-46.23684600000001,0.0
2024-01-19T07:00:00.000-0500,2183.665,2160.342,,2024-01-19T07:00:00.000-0500,5,1,2024,2024-01-19,2178.6203,-42.572406,0.0
2024-01-19T08:00:00.000-0500,2315.883,2325.658,,2024-01-19T08:00:00.000-0500,5,1,2024,2024-01-19,2013.3043000000002,-39.26608600000001,0.0
2024-01-19T09:00:00.000-0500,2357.621,2418.182,,2024-01-19T09:00:00.000-0500,5,1,2024,2024-01-19,1920.7803000000004,-37.41560600000001,0.0
2024-01-19T10:00:00.000-0500,2379.457,2439.614,,2024-01-19T10:00:00.000-0500,5,1,2024,2024-01-19,1899.3483,-36.986966,0.0
2024-01-19T11:00:00.000-0500,2392.114,2495.163,,2024-01-19T11:00:00.000-0500,5,1,2024,2024-01-19,1843.7993000000001,-35.875986000000005,0.0
2024-01-19T12:00:00.000-0500,2373.109,2517.473,,2024-01-19T12:00:00.000-0500,5,1,2024,2024-01-19,1821.4893000000002,-35.42978600000001,0.0
2024-01-19T13:00:00.000-0500,2349.461,2480.523,,2024-01-19T13:00:00.000-0500,5,1,2024,2024-01-19,1858.4393,-36.168786000000004,0.0
2024-01-19T14:00:00.000-0500,2342.773,2462.291,,2024-01-19T14:00:00.000-0500,5,1,2024,2024-01-19,1876.6713,-36.533426,0.0
2024-01-19T15:00:00.000-0500,2325.994,2437.693,,2024-01-19T15:00:00.000-0500,5,1,2024,2024-01-19,1901.2693,-37.025386,0.0
2024-01-19T16:00:00.000-0500,2328.463,2444.993,,2024-01-19T16:00:00.000-0500,5,1,2024,2024-01-19,1893.9693000000002,-36.879386000000004,0.0
2024-01-19T17:00:00.000-0500,2379.125,2471.98,,2024-01-19T17:00:00.000-0500,5,1,2024,2024-01-19,1866.9823000000001,-36.339646,0.0
2024-01-19T18:00:00.000-0500,2438.351,2555.821,,2024-01-19T18:00:00.000-0500,5,1,2024,2024-01-19,1783.1413000000002,-34.662826,0.0
2024-01-19T19:00:00.000-0500,2414.035,2486.093,,2024-01-19T19:00:00.000-0500,5,1,2024,2024-01-19,1852.8693000000003,-36.05738600000001,0.0
2024-01-19T20:00:00.000-0500,2367.37,2404.654,,2024-01-19T20:00:00.000-0500,5,1,2024,2024-01-19,1934.3083000000001,-37.68616600000001,0.0
2024-01-19T21:00:00.000-0500,2299.875,2313.099,,2024-01-19T21:00:00.000-0500,5,1,2024,2024-01-19,2025.8633,-39.517266,0.0
2024-01-19T22:00:00.000-0500,2213.102,2213.654,,2024-01-19T22:00:00.000-0500,5,1,2024,2024-01-19,2125.3083,-41.506166,0.0
2024-01-19T23:00:00.000-0500,2104.856,2082.978,,2024-01-19T23:00:00.000-0500,5,1,2024,2024-01-19,2255.9843,-44.119686,0.0
2024-01-20T00:00:00.000-0500,1999.742,2000.58,,2024-01-20T00:00:00.000-0500,6,1,2024,2024-01-20,2338.3823,-45.767646000000006,0.0
2024-01-20T01:00:00.000-0500,1944.348,1926.083,4338.9623,2024-01-20T01:00:00.000-0500,6,1,2024,2024-01-20,2412.8793,-47.257586,0.0
2024-01-20T02:00:00.000-0500,1892.722,1931.481,,2024-01-20T02:00:00.000-0500,6,1,2024,2024-01-20,2407.4813000000004,-47.14962600000001,0.0
2024-01-20T03:00:00.000-0500,1871.813,1885.852,,2024-01-20T03:00:00.000-0500,6,1,2024,2024-01-20,2453.1103000000003,-48.062206,0.0
2024-01-20T04:00:00.000-0500,1872.102,1877.191,,2024-01-20T04:00:00.000-0500,6,1,2024,2024-01-20,2461.7713000000003,-48.23542600000001,0.0
2024-01-20T05:00:00.000-0500,1889.44,1920.679,,2024-01-20T05:00:00.000-0500,6,1,2024,2024-01-20,2418.2833,-47.365666000000004,0.0
2024-01-20T06:00:00.000-0500,1949.932,1960.4,,2024-01-20T06:00:00.000-0500,6,1,2024,2024-01-20,2378.5623,-46.571246,0.0
2024-01-20T07:00:00.000-0500,2043.1,2045.1,,2024-01-20T07:00:00.000-0500,6,1,2024,2024-01-20,2293.8623000000002,-44.87724600000001,0.0
2024-01-20T08:00:00.000-0500,2139.16,2151.502,,2024-01-20T08:00:00.000-0500,6,1,2024,2024-01-20,2187.4603,-42.74920600000001,0.0
2024-01-20T09:00:00.000-0500,2245.757,2255.015,,2024-01-20T09:00:00.000-0500,6,1,2024,2024-01-20,2083.9473000000003,-40.678946,0.0
2024-01-20T10:00:00.000-0500,2321.45,2325.26,,2024-01-20T10:00:00.000-0500,6,1,2024,2024-01-20,2013.7023,-39.274046,0.0
2024-01-20T11:00:00.000-0500,2344.679,2378.543,,2024-01-20T11:00:00.000-0500,6,1,2024,2024-01-20,1960.4193,-38.208386000000004,0.0
2024-01-20T12:00:00.000-0500,2344.5,2386.474,,2024-01-20T12:00:00.000-0500,6,1,2024,2024-01-20,1952.4883,-38.049766,0.0
2024-01-20T13:00:00.000-0500,2334.359,2355.767,,2024-01-20T13:00:00.000-0500,6,1,2024,2024-01-20,1983.1953000000003,-38.663906000000004,0.0
2024-01-20T14:00:00.000-0500,2327.271,2358.622,,2024-01-20T14:00:00.000-0500,6,1,2024,2024-01-20,1980.3403000000003,-38.606806000000006,0.0
2024-01-20T15:00:00.000-0500,2336.151,2367.153,,2024-01-20T15:00:00.000-0500,6,1,2024,2024-01-20,1971.8093000000003,-38.436186000000006,0.0
2024-01-20T16:00:00.000-0500,2365.36,2393.937,,2024-01-20T16:00:00.000-0500,6,1,2024,2024-01-20,1945.0253000000002,-37.90050600000001,0.0
2024-01-20T17:00:00.000-0500,2422.942,2442.232,,2024-01-20T17:00:00.000-0500,6,1,2024,2024-01-20,1896.7303000000002,-36.934606,0.0
2024-01-20T18:00:00.000-0500,2478.038,2565.813,,2024-01-20T18:00:00.000-0500,6,1,2024,2024-01-20,1773.1493,-34.462986,0.0
2024-01-20T19:00:00.000-0500,2465.192,2475.848,,2024-01-20T19:00:00.000-0500,6,1,2024,2024-01-20,1863.1143000000002,-36.262286,0.0
2024-01-20T20:00:00.000-0500,2415.554,2430.719,,2024-01-20T20:00:00.000-0500,6,1,2024,2024-01-20,1908.2433,-37.164866,0.0
2024-01-20T21:00:00.000-0500,2357.647,2338.163,,2024-01-20T21:00:00.000-0500,6,1,2024,2024-01-20,2000.7993000000001,-39.015986000000005,0.0
2024-01-20T22:00:00.000-0500,2274.168,2241.022,,2024-01-20T22:00:00.000-0500,6,1,2024,2024-01-20,2097.9403,-40.958806,0.0
2024-01-20T23:00:00.000-0500,2167.808,2138.336,,2024-01-20T23:00:00.000-0500,6,1,2024,2024-01-20,2200.6263000000004,-43.01252600000001,0.0
2024-01-21T00:00:00.000-0500,2069.083,2070.18,,2024-01-21T00:00:00.000-0500,7,1,2024,2024-01-21,2268.7823000000003,-44.37564600000001,0.0
2024-01-21T01:00:00.000-0500,1992.618,1987.552,4338.9623,2024-01-21T01:00:00.000-0500,7,1,2024,2024-01-21,2351.4103000000005,-46.02820600000001,0.0
2024-01-21T02:00:00.000-0500,1943.099,1936.717,,2024-01-21T02:00:00.000-0500,7,1,2024,2024-01-21,2402.2453,-47.044906000000005,0.0
2024-01-21T03:00:00.000-0500,1921.282,1930.976,,2024-01-21T03:00:00.000-0500,7,1,2024,2024-01-21,2407.9863,-47.159726,0.0
2024-01-21T04:00:00.000-0500,1912.613,1915.035,,2024-01-21T04:00:00.000-0500,7,1,2024,2024-01-21,2423.9273000000003,-47.47854600000001,0.0
2024-01-21T05:00:00.000-0500,1917.676,1933.792,,2024-01-21T05:00:00.000-0500,7,1,2024,2024-01-21,2405.1703,-47.10340600000001,0.0
2024-01-21T06:00:00.000-0500,1958.814,1996.408,,2024-01-21T06:00:00.000-0500,7,1,2024,2024-01-21,2342.5543000000002,-45.851086,0.0
2024-01-21T07:00:00.000-0500,2025.64,2091.476,,2024-01-21T07:00:00.000-0500,7,1,2024,2024-01-21,2247.4863,-43.949726,0.0
2024-01-21T08:00:00.000-0500,2105.991,2167.451,,2024-01-21T08:00:00.000-0500,7,1,2024,2024-01-21,2171.5113,-42.430226000000005,0.0
2024-01-21T09:00:00.000-0500,2188.649,2223.935,,2024-01-21T09:00:00.000-0500,7,1,2024,2024-01-21,2115.0273,-41.300546000000004,0.0
2024-01-21T10:00:00.000-0500,2228.867,2338.332,,2024-01-21T10:00:00.000-0500,7,1,2024,2024-01-21,2000.6303000000003,-39.012606000000005,0.0
2024-01-21T11:00:00.000-0500,2234.374,2234.481,,2024-01-21T11:00:00.000-0500,7,1,2024,2024-01-21,2104.4813,-41.089626,0.0
2024-01-21T12:00:00.000-0500,2228.293,2217.434,,2024-01-21T12:00:00.000-0500,7,1,2024,2024-01-21,2121.5283,-41.430566,0.0
2024-01-21T13:00:00.000-0500,2203.546,2192.316,,2024-01-21T13:00:00.000-0500,7,1,2024,2024-01-21,2146.6463000000003,-41.93292600000001,0.0
2024-01-21T14:00:00.000-0500,2173.93,2132.016,,2024-01-21T14:00:00.000-0500,7,1,2024,2024-01-21,2206.9463,-43.138926000000005,0.0
2024-01-21T15:00:00.000-0500,2179.381,2160.565,,2024-01-21T15:00:00.000-0500,7,1,2024,2024-01-21,2178.3973,-42.567946,0.0
2024-01-21T16:00:00.000-0500,2226.869,2263.417,,2024-01-21T16:00:00.000-0500,7,1,2024,2024-01-21,2075.5453,-40.510906000000006,0.0
2024-01-21T17:00:00.000-0500,2343.749,2379.2,,2024-01-21T17:00:00.000-0500,7,1,2024,2024-01-21,1959.7623000000003,-38.195246000000004,0.0
2024-01-21T18:00:00.000-0500,2462.042,2527.259,,2024-01-21T18:00:00.000-0500,7,1,2024,2024-01-21,1811.7033000000001,-35.234066000000006,0.0
2024-01-21T19:00:00.000-0500,2454.71,2510.626,,2024-01-21T19:00:00.000-0500,7,1,2024,2024-01-21,1828.3363,-35.566726,0.0
2024-01-21T20:00:00.000-0500,2399.565,2433.005,,2024-01-21T20:00:00.000-0500,7,1,2024,2024-01-21,1905.9573,-37.119146,0.0
2024-01-21T21:00:00.000-0500,2332.456,2322.833,,2024-01-21T21:00:00.000-0500,7,1,2024,2024-01-21,2016.1293,-39.322586,0.0
2024-01-21T22:00:00.000-0500,2221.301,2240.012,,2024-01-21T22:00:00.000-0500,7,1,2024,2024-01-21,2098.9503,-40.979006,0.0
2024-01-21T23:00:00.000-0500,2093.644,2129.693,,2024-01-21T23:00:00.000-0500,7,1,2024,2024-01-21,2209.2693,-43.185386,0.0
2024-01-22T00:00:00.000-0500,1978.502,2002.634,,2024-01-22T00:00:00.000-0500,1,1,2024,2024-01-22,2336.3283,-45.726566000000005,0.0
2024-01-22T01:00:00.000-0500,1918.45,1902.074,4338.9623,2024-01-22T01:00:00.000-0500,1,1,2024,2024-01-22,2436.8883,-47.737766,0.0
2024-01-22T02:00:00.000-0500,1873.764,1868.203,,2024-01-22T02:00:00.000-0500,1,1,2024,2024-01-22,2470.7593,-48.415186000000006,0.0
2024-01-22T03:00:00.000-0500,1867.329,1847.06,,2024-01-22T03:00:00.000-0500,1,1,2024,2024-01-22,2491.9023,-48.838046000000006,0.0
2024-01-22T04:00:00.000-0500,1878.769,1852.695,,2024-01-22T04:00:00.000-0500,1,1,2024,2024-01-22,2486.2673000000004,-48.72534600000001,0.0
2024-01-22T05:00:00.000-0500,1923.427,1920.981,,2024-01-22T05:00:00.000-0500,1,1,2024,2024-01-22,2417.9813000000004,-47.359626000000006,0.0
2024-01-22T06:00:00.000-0500,2065.54,2098.247,,2024-01-22T06:00:00.000-0500,1,1,2024,2024-01-22,2240.7153000000003,-43.81430600000001,0.0
2024-01-22T07:00:00.000-0500,2280.188,2311.094,,2024-01-22T07:00:00.000-0500,1,1,2024,2024-01-22,2027.8683,-39.557366,0.0
2024-01-22T08:00:00.000-0500,2413.453,2433.876,,2024-01-22T08:00:00.000-0500,1,1,2024,2024-01-22,1905.0863,-37.101726,0.0
2024-01-22T09:00:00.000-0500,2410.758,2407.035,,2024-01-22T09:00:00.000-0500,1,1,2024,2024-01-22,1931.9273000000003,-37.638546000000005,0.0
2024-01-22T10:00:00.000-0500,2370.106,2334.218,,2024-01-22T10:00:00.000-0500,1,1,2024,2024-01-22,2004.7443000000003,-39.09488600000001,0.0
2024-01-22T11:00:00.000-0500,2292.398,2257.924,,2024-01-22T11:00:00.000-0500,1,1,2024,2024-01-22,2081.0383,-40.620766,0.0
2024-01-22T12:00:00.000-0500,2221.436,2190.333,,2024-01-22T12:00:00.000-0500,1,1,2024,2024-01-22,2148.6293,-41.972586,0.0
2024-01-22T13:00:00.000-0500,2160.498,2124.973,,2024-01-22T13:00:00.000-0500,1,1,2024,2024-01-22,2213.9893,-43.279786,0.0
2024-01-22T14:00:00.000-0500,2133.387,2130.748,,2024-01-22T14:00:00.000-0500,1,1,2024,2024-01-22,2208.2143,-43.164286000000004,0.0
2024-01-22T15:00:00.000-0500,2180.924,2187.582,,2024-01-22T15:00:00.000-0500,1,1,2024,2024-01-22,2151.3803000000003,-42.027606000000006,0.0
2024-01-22T16:00:00.000-0500,2260.093,2277.182,,2024-01-22T16:00:00.000-0500,1,1,2024,2024-01-22,2061.7803000000004,-40.23560600000001,0.0
2024-01-22T17:00:00.000-0500,2346.229,2411.06,,2024-01-22T17:00:00.000-0500,1,1,2024,2024-01-22,1927.9023000000002,-37.558046000000004,0.0
2024-01-22T18:00:00.000-0500,2452.003,2505.429,,2024-01-22T18:00:00.000-0500,1,1,2024,2024-01-22,1833.5333,-35.670666000000004,0.0
2024-01-22T19:00:00.000-0500,2417.402,2452.389,,2024-01-22T19:00:00.000-0500,1,1,2024,2024-01-22,1886.5733,-36.731466000000005,0.0
2024-01-22T20:00:00.000-0500,2331.971,2380.945,,2024-01-22T20:00:00.000-0500,1,1,2024,2024-01-22,1958.0173,-38.160346,0.0
2024-01-22T21:00:00.000-0500,2247.428,2244.451,,2024-01-22T21:00:00.000-0500,1,1,2024,2024-01-22,2094.5113,-40.890226000000006,0.0
2024-01-22T22:00:00.000-0500,2120.122,2144.243,,2024-01-22T22:00:00.000-0500,1,1,2024,2024-01-22,2194.7193,-42.894386000000004,0.0
2024-01-22T23:00:00.000-0500,1959.194,1981.088,,2024-01-22T23:00:00.000-0500,1,1,2024,2024-01-22,2357.8743000000004,-46.157486000000006,0.0
2024-01-23T00:00:00.000-0500,1834.054,1868.28,,2024-01-23T00:00:00.000-0500,2,1,2024,2024-01-23,2470.6823000000004,-48.41364600000001,0.0
2024-01-23T01:00:00.000-0500,1757.659,1783.007,4338.9623,2024-01-23T01:00:00.000-0500,2,1,2024,2024-01-23,2555.9553,-50.119106,0.0
2024-01-23T02:00:00.000-0500,1697.702,1735.438,,2024-01-23T02:00:00.000-0500,2,1,2024,2024-01-23,2603.5243,-51.070486,0.0
2024-01-23T03:00:00.000-0500,1675.188,1731.048,,2024-01-23T03:00:00.000-0500,2,1,2024,2024-01-23,2607.9143000000004,-51.15828600000001,0.0
2024-01-23T04:00:00.000-0500,1675.15,1729.165,,2024-01-23T04:00:00.000-0500,2,1,2024,2024-01-23,2609.7973,-51.195946000000006,0.0
2024-01-23T05:00:00.000-0500,1725.44,1739.056,,2024-01-23T05:00:00.000-0500,2,1,2024,2024-01-23,2599.9063,-50.998126000000006,0.0
2024-01-23T06:00:00.000-0500,1846.496,1868.864,,2024-01-23T06:00:00.000-0500,2,1,2024,2024-01-23,2470.0983,-48.401966,0.0
2024-01-23T07:00:00.000-0500,2044.48,2132.818,,2024-01-23T07:00:00.000-0500,2,1,2024,2024-01-23,2206.1443,-43.122886,0.0
2024-01-23T08:00:00.000-0500,2164.024,2282.644,,2024-01-23T08:00:00.000-0500,2,1,2024,2024-01-23,2056.3183000000004,-40.12636600000001,0.0
2024-01-23T09:00:00.000-0500,2186.961,2231.111,,2024-01-23T09:00:00.000-0500,2,1,2024,2024-01-23,2107.8513000000003,-41.15702600000001,0.0
2024-01-23T10:00:00.000-0500,2181.932,2192.854,,2024-01-23T10:00:00.000-0500,2,1,2024,2024-01-23,2146.1083000000003,-41.922166000000004,0.0
2024-01-23T11:00:00.000-0500,2193.816,2169.962,,2024-01-23T11:00:00.000-0500,2,1,2024,2024-01-23,2169.0003,-42.380006,0.0
2024-01-23T12:00:00.000-0500,2185.273,2167.917,,2024-01-23T12:00:00.000-0500,2,1,2024,2024-01-23,2171.0453,-42.420906,0.0
2024-01-23T13:00:00.000-0500,2165.327,2193.972,,2024-01-23T13:00:00.000-0500,2,1,2024,2024-01-23,2144.9903,-41.899806,0.0
2024-01-23T14:00:00.000-0500,2167.036,2261.189,,2024-01-23T14:00:00.000-0500,2,1,2024,2024-01-23,2077.7733000000003,-40.55546600000001,0.0
2024-01-23T15:00:00.000-0500,2146.515,2256.347,,2024-01-23T15:00:00.000-0500,2,1,2024,2024-01-23,2082.6153,-40.652306,0.0
2024-01-23T16:00:00.000-0500,2172.945,2279.715,,2024-01-23T16:00:00.000-0500,2,1,2024,2024-01-23,2059.2473,-40.184946000000004,0.0
2024-01-23T17:00:00.000-0500,2254.421,2358.357,,2024-01-23T17:00:00.000-0500,2,1,2024,2024-01-23,1980.6053000000002,-38.612106000000004,0.0
2024-01-23T18:00:00.000-0500,2354.256,2452.115,,2024-01-23T18:00:00.000-0500,2,1,2024,2024-01-23,1886.8473000000004,-36.73694600000001,0.0
2024-01-23T19:00:00.000-0500,2332.211,2407.711,,2024-01-23T19:00:00.000-0500,2,1,2024,2024-01-23,1931.2513000000004,-37.625026000000005,0.0
2024-01-23T20:00:00.000-0500,2262.107,2308.638,,2024-01-23T20:00:00.000-0500,2,1,2024,2024-01-23,2030.3243000000002,-39.606486000000004,0.0
2024-01-23T21:00:00.000-0500,2168.561,2197.768,,2024-01-23T21:00:00.000-0500,2,1,2024,2024-01-23,2141.1943,-41.823886,0.0
2024-01-23T22:00:00.000-0500,2058.775,2088.449,,2024-01-23T22:00:00.000-0500,2,1,2024,2024-01-23,2250.5133,-44.010266,0.0
2024-01-23T23:00:00.000-0500,1916.402,1934.793,,2024-01-23T23:00:00.000-0500,2,1,2024,2024-01-23,2404.1693000000005,-47.08338600000001,0.0
2024-01-24T00:00:00.000-0500,1783.978,1804.987,,2024-01-24T00:00:00.000-0500,3,1,2024,2024-01-24,2533.9753,-49.679506,0.0
2024-01-24T01:00:00.000-0500,1720.858,1735.637,4338.9623,2024-01-24T01:00:00.000-0500,3,1,2024,2024-01-24,2603.3253000000004,-51.06650600000001,0.0
2024-01-24T02:00:00.000-0500,1666.484,1684.332,,2024-01-24T02:00:00.000-0500,3,1,2024,2024-01-24,2654.6303,-52.092605999999996,0.0
2024-01-24T03:00:00.000-0500,1645.966,1668.56,,2024-01-24T03:00:00.000-0500,3,1,2024,2024-01-24,2670.4023,-52.408046000000006,0.0
2024-01-24T04:00:00.000-0500,1646.251,1676.564,,2024-01-24T04:00:00.000-0500,3,1,2024,2024-01-24,2662.3983,-52.247966,0.0
2024-01-24T05:00:00.000-0500,1693.533,1721.362,,2024-01-24T05:00:00.000-0500,3,1,2024,2024-01-24,2617.6003,-51.352006,0.0
2024-01-24T06:00:00.000-0500,1808.871,1844.365,,2024-01-24T06:00:00.000-0500,3,1,2024,2024-01-24,2494.5973000000004,-48.89194600000001,0.0
2024-01-24T07:00:00.000-0500,1984.803,2040.722,,2024-01-24T07:00:00.000-0500,3,1,2024,2024-01-24,2298.2403000000004,-44.96480600000001,0.0
2024-01-24T08:00:00.000-0500,2125.686,2217.481,,2024-01-24T08:00:00.000-0500,3,1,2024,2024-01-24,2121.4813,-41.429626,0.0
2024-01-24T09:00:00.000-0500,2194.852,2296.408,,2024-01-24T09:00:00.000-0500,3,1,2024,2024-01-24,2042.5543000000002,-39.851086,0.0
2024-01-24T10:00:00.000-0500,2227.572,2300.582,,2024-01-24T10:00:00.000-0500,3,1,2024,2024-01-24,2038.3803000000003,-39.76760600000001,0.0
2024-01-24T11:00:00.000-0500,2246.203,2319.869,,2024-01-24T11:00:00.000-0500,3,1,2024,2024-01-24,2019.0933,-39.381866,0.0
2024-01-24T12:00:00.000-0500,2256.508,2295.062,,2024-01-24T12:00:00.000-0500,3,1,2024,2024-01-24,2043.9003000000002,-39.878006000000006,0.0
2024-01-24T13:00:00.000-0500,2257.125,2313.968,,2024-01-24T13:00:00.000-0500,3,1,2024,2024-01-24,2024.9943000000003,-39.499886000000004,0.0
2024-01-24T14:00:00.000-0500,2243.651,2307.281,,2024-01-24T14:00:00.000-0500,3,1,2024,2024-01-24,2031.6813000000002,-39.63362600000001,0.0
2024-01-24T15:00:00.000-0500,2230.807,2275.165,,2024-01-24T15:00:00.000-0500,3,1,2024,2024-01-24,2063.7973,-40.275946000000005,0.0
2024-01-24T16:00:00.000-0500,2228.848,2272.154,,2024-01-24T16:00:00.000-0500,3,1,2024,2024-01-24,2066.8083,-40.336166000000006,0.0
2024-01-24T17:00:00.000-0500,2294.166,2317.952,,2024-01-24T17:00:00.000-0500,3,1,2024,2024-01-24,2021.0103,-39.420206,0.0
2024-01-24T18:00:00.000-0500,2357.196,2403.072,,2024-01-24T18:00:00.000-0500,3,1,2024,2024-01-24,1935.8903,-37.717806,0.0
2024-01-24T19:00:00.000-0500,2316.862,2343.332,,2024-01-24T19:00:00.000-0500,3,1,2024,2024-01-24,1995.6303000000003,-38.912606000000004,0.0
2024-01-24T20:00:00.000-0500,2236.902,2264.332,,2024-01-24T20:00:00.000-0500,3,1,2024,2024-01-24,2074.6303000000003,-40.49260600000001,0.0
2024-01-24T21:00:00.000-0500,2167.582,2145.71,,2024-01-24T21:00:00.000-0500,3,1,2024,2024-01-24,2193.2523,-42.865046,0.0
2024-01-24T22:00:00.000-0500,2041.144,2032.562,,2024-01-24T22:00:00.000-0500,3,1,2024,2024-01-24,2306.4003000000002,-45.128006000000006,0.0
2024-01-24T23:00:00.000-0500,1895.785,1859.18,,2024-01-24T23:00:00.000-0500,3,1,2024,2024-01-24,2479.7823,-48.595645999999995,0.0
2024-01-25T00:00:00.000-0500,1778.46,1745.169,,2024-01-25T00:00:00.000-0500,4,1,2024,2024-01-25,2593.7933000000003,-50.87586600000001,0.0
2024-01-25T01:00:00.000-0500,1685.23,1677.447,4338.9623,2024-01-25T01:00:00.000-0500,4,1,2024,2024-01-25,2661.5153,-52.230306,0.0
2024-01-25T02:00:00.000-0500,1626.138,1615.717,,2024-01-25T02:00:00.000-0500,4,1,2024,2024-01-25,2723.2453,-53.464906,0.0
2024-01-25T03:00:00.000-0500,1590.375,1562.228,,2024-01-25T03:00:00.000-0500,4,1,2024,2024-01-25,2776.7343,-54.534686,0.0
2024-01-25T04:00:00.000-0500,1584.996,1581.115,,2024-01-25T04:00:00.000-0500,4,1,2024,2024-01-25,2757.8473000000004,-54.156946000000005,0.0
2024-01-25T05:00:00.000-0500,1606.099,1606.554,,2024-01-25T05:00:00.000-0500,4,1,2024,2024-01-25,2732.4083,-53.648166,0.0
2024-01-25T06:00:00.000-0500,1732.393,1733.463,,2024-01-25T06:00:00.000-0500,4,1,2024,2024-01-25,2605.4993000000004,-51.109986000000006,0.0
2024-01-25T07:00:00.000-0500,1914.301,1932.952,,2024-01-25T07:00:00.000-0500,4,1,2024,2024-01-25,2406.0103,-47.120205999999996,0.0
2024-01-25T08:00:00.000-0500,2032.342,2052.267,,2024-01-25T08:00:00.000-0500,4,1,2024,2024-01-25,2286.6953000000003,-44.733906000000005,0.0
2024-01-25T09:00:00.000-0500,2053.908,2074.626,,2024-01-25T09:00:00.000-0500,4,1,2024,2024-01-25,2264.3363,-44.286726,0.0
2024-01-25T10:00:00.000-0500,2044.184,2067.926,,2024-01-25T10:00:00.000-0500,4,1,2024,2024-01-25,2271.0363,-44.420726,0.0
2024-01-25T11:00:00.000-0500,2020.374,2064.612,,2024-01-25T11:00:00.000-0500,4,1,2024,2024-01-25,2274.3503,-44.487006,0.0
2024-01-25T12:00:00.000-0500,1948.903,2039.35,,2024-01-25T12:00:00.000-0500,4,1,2024,2024-01-25,2299.6123000000002,-44.99224600000001,0.0
2024-01-25T13:00:00.000-0500,1883.053,1990.986,,2024-01-25T13:00:00.000-0500,4,1,2024,2024-01-25,2347.9763000000003,-45.959526000000004,0.0
2024-01-25T14:00:00.000-0500,1901.391,1884.516,,2024-01-25T14:00:00.000-0500,4,1,2024,2024-01-25,2454.4463,-48.088926,0.0
2024-01-25T15:00:00.000-0500,1916.708,1939.124,,2024-01-25T15:00:00.000-0500,4,1,2024,2024-01-25,2399.8383000000003,-46.99676600000001,0.0
2024-01-25T16:00:00.000-0500,1970.603,2011.637,,2024-01-25T16:00:00.000-0500,4,1,2024,2024-01-25,2327.3253000000004,-45.54650600000001,0.0
2024-01-25T17:00:00.000-0500,2072.187,2150.84,,2024-01-25T17:00:00.000-0500,4,1,2024,2024-01-25,2188.1223,-42.762446000000004,0.0
2024-01-25T18:00:00.000-0500,2176.112,2254.984,,2024-01-25T18:00:00.000-0500,4,1,2024,2024-01-25,2083.9783,-40.67956600000001,0.0
2024-01-25T19:00:00.000-0500,2159.148,2206.648,,2024-01-25T19:00:00.000-0500,4,1,2024,2024-01-25,2132.3143,-41.646286,0.0
2024-01-25T20:00:00.000-0500,2093.085,2128.312,,2024-01-25T20:00:00.000-0500,4,1,2024,2024-01-25,2210.6503000000002,-43.21300600000001,0.0
2024-01-25T21:00:00.000-0500,2013.412,2033.494,,2024-01-25T21:00:00.000-0500,4,1,2024,2024-01-25,2305.4683000000005,-45.10936600000001,0.0
2024-01-25T22:00:00.000-0500,1907.79,1941.71,,2024-01-25T22:00:00.000-0500,4,1,2024,2024-01-25,2397.2523,-46.945046000000005,0.0
2024-01-25T23:00:00.000-0500,1777.049,1789.231,,2024-01-25T23:00:00.000-0500,4,1,2024,2024-01-25,2549.7313000000004,-49.99462600000001,0.0
2024-01-26T00:00:00.000-0500,1663.059,1688.819,,2024-01-26T00:00:00.000-0500,5,1,2024,2024-01-26,2650.1433,-52.002866000000004,0.0
2024-01-20T01:00:00.000-0500,1944.348,1926.083,4338.9623,2024-01-20T01:00:00.000-0500,6,1,2024,2024-01-20,2412.8793,-47.257586,0.0
2024-01-20T02:00:00.000-0500,1892.722,1931.481,,2024-01-20T02:00:00.000-0500,6,1,2024,2024-01-20,2407.4813000000004,-47.14962600000001,0.0
2024-01-20T03:00:00.000-0500,1871.813,1885.852,,2024-01-20T03:00:00.000-0500,6,1,2024,2024-01-20,2453.1103000000003,-48.062206,0.0
2024-01-20T04:00:00.000-0500,1872.102,1877.191,,2024-01-20T04:00:00.000-0500,6,1,2024,2024-01-20,2461.7713000000003,-48.23542600000001,0.0
2024-01-20T05:00:00.000-0500,1889.44,1920.679,,2024-01-20T05:00:00.000-0500,6,1,2024,2024-01-20,2418.2833,-47.365666000000004,0.0
2024-01-20T06:00:00.000-0500,1949.932,1960.4,,2024-01-20T06:00:00.000-0500,6,1,2024,2024-01-20,2378.5623,-46.571246,0.0
2024-01-20T07:00:00.000-0500,2043.1,2045.1,,2024-01-20T07:00:00.000-0500,6,1,2024,2024-01-20,2293.8623000000002,-44.87724600000001,0.0
2024-01-20T08:00:00.000-0500,2139.16,2151.502,,2024-01-20T08:00:00.000-0500,6,1,2024,2024-01-20,2187.4603,-42.74920600000001,0.0
2024-01-20T09:00:00.000-0500,2245.757,2255.015,,2024-01-20T09:00:00.000-0500,6,1,2024,2024-01-20,2083.9473000000003,-40.678946,0.0
2024-01-20T10:00:00.000-0500,2321.45,2325.26,,2024-01-20T10:00:00.000-0500,6,1,2024,2024-01-20,2013.7023,-39.274046,0.0
2024-01-20T11:00:00.000-0500,2344.679,2378.543,,2024-01-20T11:00:00.000-0500,6,1,2024,2024-01-20,1960.4193,-38.208386000000004,0.0
2024-01-20T12:00:00.000-0500,2344.5,2386.474,,2024-01-20T12:00:00.000-0500,6,1,2024,2024-01-20,1952.4883,-38.049766,0.0
2024-01-20T13:00:00.000-0500,2334.359,2355.767,,2024-01-20T13:00:00.000-0500,6,1,2024,2024-01-20,1983.1953000000003,-38.663906000000004,0.0
2024-01-20T14:00:00.000-0500,2327.271,2358.622,,2024-01-20T14:00:00.000-0500,6,1,2024,2024-01-20,1980.3403000000003,-38.606806000000006,0.0
2024-01-20T15:00:00.000-0500,2336.151,2367.153,,2024-01-20T15:00:00.000-0500,6,1,2024,2024-01-20,1971.8093000000003,-38.436186000000006,0.0
2024-01-20T16:00:00.000-0500,2365.36,2393.937,,2024-01-20T16:00:00.000-0500,6,1,2024,2024-01-20,1945.0253000000002,-37.90050600000001,0.0
2024-01-20T17:00:00.000-0500,2422.942,2442.232,,2024-01-20T17:00:00.000-0500,6,1,2024,2024-01-20,1896.7303000000002,-36.934606,0.0
2024-01-20T18:00:00.000-0500,2478.038,2565.813,,2024-01-20T18:00:00.000-0500,6,1,2024,2024-01-20,1773.1493,-34.462986,0.0
2024-01-20T19:00:00.000-0500,2465.192,2475.848,,2024-01-20T19:00:00.000-0500,6,1,2024,2024-01-20,1863.1143000000002,-36.262286,0.0
2024-01-20T20:00:00.000-0500,2415.554,2430.719,,2024-01-20T20:00:00.000-0500,6,1,2024,2024-01-20,1908.2433,-37.164866,0.0
2024-01-20T21:00:00.000-0500,2357.647,2338.163,,2024-01-20T21:00:00.000-0500,6,1,2024,2024-01-20,2000.7993000000001,-39.015986000000005,0.0
2024-01-20T22:00:00.000-0500,2274.168,2241.022,,2024-01-20T22:00:00.000-0500,6,1,2024,2024-01-20,2097.9403,-40.958806,0.0
2024-01-20T23:00:00.000-0500,2167.808,2138.336,,2024-01-20T23:00:00.000-0500,6,1,2024,2024-01-20,2200.6263000000004,-43.01252600000001,0.0
2024-01-21T00:00:00.000-0500,2069.083,2070.18,,2024-01-21T00:00:00.000-0500,7,1,2024,2024-01-21,2268.7823000000003,-44.37564600000001,0.0
2024-01-21T01:00:00.000-0500,1992.618,1987.552,4338.9623,2024-01-21T01:00:00.000-0500,7,1,2024,2024-01-21,2351.4103000000005,-46.02820600000001,0.0
2024-01-21T02:00:00.000-0500,1943.099,1936.717,,2024-01-21T02:00:00.000-0500,7,1,2024,2024-01-21,2402.2453,-47.044906000000005,0.0
2024-01-21T03:00:00.000-0500,1921.282,1930.976,,2024-01-21T03:00:00.000-0500,7,1,2024,2024-01-21,2407.9863,-47.159726,0.0
2024-01-21T04:00:00.000-0500,1912.613,1915.035,,2024-01-21T04:00:00.000-0500,7,1,2024,2024-01-21,2423.9273000000003,-47.47854600000001,0.0
2024-01-21T05:00:00.000-0500,1917.676,1933.792,,2024-01-21T05:00:00.000-0500,7,1,2024,2024-01-21,2405.1703,-47.10340600000001,0.0
2024-01-21T06:00:00.000-0500,1958.814,1996.408,,2024-01-21T06:00:00.000-0500,7,1,2024,2024-01-21,2342.5543000000002,-45.851086,0.0
2024-01-21T07:00:00.000-0500,2025.64,2091.476,,2024-01-21T07:00:00.000-0500,7,1,2024,2024-01-21,2247.4863,-43.949726,0.0
2024-01-21T08:00:00.000-0500,2105.991,2167.451,,2024-01-21T08:00:00.000-0500,7,1,2024,2024-01-21,2171.5113,-42.430226000000005,0.0
2024-01-21T09:00:00.000-0500,2188.649,2223.935,,2024-01-21T09:00:00.000-0500,7,1,2024,2024-01-21,2115.0273,-41.300546000000004,0.0
2024-01-21T10:00:00.000-0500,2228.867,2338.332,,2024-01-21T10:00:00.000-0500,7,1,2024,2024-01-21,2000.6303000000003,-39.012606000000005,0.0
2024-01-21T11:00:00.000-0500,2234.374,2234.481,,2024-01-21T11:00:00.000-0500,7,1,2024,2024-01-21,2104.4813,-41.089626,0.0
2024-01-21T12:00:00.000-0500,2228.293,2217.434,,2024-01-21T12:00:00.000-0500,7,1,2024,2024-01-21,2121.5283,-41.430566,0.0
2024-01-21T13:00:00.000-0500,2203.546,2192.316,,2024-01-21T13:00:00.000-0500,7,1,2024,2024-01-21,2146.6463000000003,-41.93292600000001,0.0
2024-01-21T14:00:00.000-0500,2173.93,2132.016,,2024-01-21T14:00:00.000-0500,7,1,2024,2024-01-21,2206.9463,-43.138926000000005,0.0
2024-01-21T15:00:00.000-0500,2179.381,2160.565,,2024-01-21T15:00:00.000-0500,7,1,2024,2024-01-21,2178.3973,-42.567946,0.0
2024-01-21T16:00:00.000-0500,2226.869,2263.417,,2024-01-21T16:00:00.000-0500,7,1,2024,2024-01-21,2075.5453,-40.510906000000006,0.0
2024-01-21T17:00:00.000-0500,2343.749,2379.2,,2024-01-21T17:00:00.000-0500,7,1,2024,2024-01-21,1959.7623000000003,-38.195246000000004,0.0
2024-01-21T18:00:00.000-0500,2462.042,2527.259,,2024-01-21T18:00:00.000-0500,7,1,2024,2024-01-21,1811.7033000000001,-35.234066000000006,0.0
2024-01-21T19:00:00.000-0500,2454.71,2510.626,,2024-01-21T19:00:00.000-0500,7,1,2024,2024-01-21,1828.3363,-35.566726,0.0
2024-01-21T20:00:00.000-0500,2399.565,2433.005,,2024-01-21T20:00:00.000-0500,7,1,2024,2024-01-21,1905.9573,-37.119146,0.0
2024-01-21T21:00:00.000-0500,2332.456,2322.833,,2024-01-21T21:00:00.000-0500,7,1,2024,2024-01-21,2016.1293,-39.322586,0.0
2024-01-21T22:00:00.000-0500,2221.301,2240.012,,2024-01-21T22:00:00.000-0500,7,1,2024,2024-01-21,2098.9503,-40.979006,0.0
2024-01-21T23:00:00.000-0500,2093.644,2129.693,,2024-01-21T23:00:00.000-0500,7,1,2024,2024-01-21,2209.2693,-43.185386,0.0
2024-01-22T00:00:00.000-0500,1978.502,2002.634,,2024-01-22T00:00:00.000-0500,1,1,2024,2024-01-22,2336.3283,-45.726566000000005,0.0
2024-01-22T01:00:00.000-0500,1918.45,1902.074,4338.9623,2024-01-22T01:00:00.000-0500,1,1,2024,2024-01-22,2436.8883,-47.737766,0.0
2024-01-22T02:00:00.000-0500,1873.764,1868.203,,2024-01-22T02:00:00.000-0500,1,1,2024,2024-01-22,2470.7593,-48.415186000000006,0.0
2024-01-22T03:00:00.000-0500,1867.329,1847.06,,2024-01-22T03:00:00.000-0500,1,1,2024,2024-01-22,2491.9023,-48.838046000000006,0.0
2024-01-22T04:00:00.000-0500,1878.769,1852.695,,2024-01-22T04:00:00.000-0500,1,1,2024,2024-01-22,2486.2673000000004,-48.72534600000001,0.0
2024-01-22T05:00:00.000-0500,1923.427,1920.981,,2024-01-22T05:00:00.000-0500,1,1,2024,2024-01-22,2417.9813000000004,-47.359626000000006,0.0
2024-01-22T06:00:00.000-0500,2065.54,2098.247,,2024-01-22T06:00:00.000-0500,1,1,2024,2024-01-22,2240.7153000000003,-43.81430600000001,0.0
2024-01-22T07:00:00.000-0500,2280.188,2311.094,,2024-01-22T07:00:00.000-0500,1,1,2024,2024-01-22,2027.8683,-39.557366,0.0
2024-01-22T08:00:00.000-0500,2413.453,2433.876,,2024-01-22T08:00:00.000-0500,1,1,2024,2024-01-22,1905.0863,-37.101726,0.0
2024-01-22T09:00:00.000-0500,2410.758,2407.035,,2024-01-22T09:00:00.000-0500,1,1,2024,2024-01-22,1931.9273000000003,-37.638546000000005,0.0
2024-01-22T10:00:00.000-0500,2370.106,2334.218,,2024-01-22T10:00:00.000-0500,1,1,2024,2024-01-22,2004.7443000000003,-39.09488600000001,0.0
2024-01-22T11:00:00.000-0500,2292.398,2257.924,,2024-01-22T11:00:00.000-0500,1,1,2024,2024-01-22,2081.0383,-40.620766,0.0
2024-01-22T12:00:00.000-0500,2221.436,2190.333,,2024-01-22T12:00:00.000-0500,1,1,2024,2024-01-22,2148.6293,-41.972586,0.0
2024-01-22T13:00:00.000-0500,2160.498,2124.973,,2024-01-22T13:00:00.000-0500,1,1,2024,2024-01-22,2213.9893,-43.279786,0.0
2024-01-22T14:00:00.000-0500,2133.387,2130.748,,2024-01-22T14:00:00.000-0500,1,1,2024,2024-01-22,2208.2143,-43.164286000000004,0.0
2024-01-22T15:00:00.000-0500,2180.924,2187.582,,2024-01-22T15:00:00.000-0500,1,1,2024,2024-01-22,2151.3803000000003,-42.027606000000006,0.0
2024-01-22T16:00:00.000-0500,2260.093,2277.182,,2024-01-22T16:00:00.000-0500,1,1,2024,2024-01-22,2061.7803000000004,-40.23560600000001,0.0
2024-01-22T17:00:00.000-0500,2346.229,2411.06,,2024-01-22T17:00:00.000-0500,1,1,2024,2024-01-22,1927.9023000000002,-37.558046000000004,0.0
2024-01-22T18:00:00.000-0500,2452.003,2505.429,,2024-01-22T18:00:00.000-0500,1,1,2024,2024-01-22,1833.5333,-35.670666000000004,0.0
2024-01-22T19:00:00.000-0500,2417.402,2452.389,,2024-01-22T19:00:00.000-0500,1,1,2024,2024-01-22,1886.5733,-36.731466000000005,0.0
2024-01-22T20:00:00.000-0500,2331.971,2380.945,,2024-01-22T20:00:00.000-0500,1,1,2024,2024-01-22,1958.0173,-38.160346,0.0
2024-01-22T21:00:00.000-0500,2247.428,2244.451,,2024-01-22T21:00:00.000-0500,1,1,2024,2024-01-22,2094.5113,-40.890226000000006,0.0
2024-01-22T22:00:00.000-0500,2120.122,2144.243,,2024-01-22T22:00:00.000-0500,1,1,2024,2024-01-22,2194.7193,-42.894386000000004,0.0
2024-01-22T23:00:00.000-0500,1959.194,1981.088,,2024-01-22T23:00:00.000-0500,1,1,2024,2024-01-22,2357.8743000000004,-46.157486000000006,0.0
2024-01-23T00:00:00.000-0500,1834.054,1868.28,,2024-01-23T00:00:00.000-0500,2,1,2024,2024-01-23,2470.6823000000004,-48.41364600000001,0.0
2024-01-23T01:00:00.000-0500,1757.659,1783.007,4338.9623,2024-01-23T01:00:00.000-0500,2,1,2024,2024-01-23,2555.9553,-50.119106,0.0
2024-01-23T02:00:00.000-0500,1697.702,1735.438,,2024-01-23T02:00:00.000-0500,2,1,2024,2024-01-23,2603.5243,-51.070486,0.0
2024-01-23T03:00:00.000-0500,1675.188,1731.048,,2024-01-23T03:00:00.000-0500,2,1,2024,2024-01-23,2607.9143000000004,-51.15828600000001,0.0
2024-01-23T04:00:00.000-0500,1675.15,1729.165,,2024-01-23T04:00:00.000-0500,2,1,2024,2024-01-23,2609.7973,-51.195946000000006,0.0
2024-01-23T05:00:00.000-0500,1725.44,1739.056,,2024-01-23T05:00:00.000-0500,2,1,2024,2024-01-23,2599.9063,-50.998126000000006,0.0
2024-01-23T06:00:00.000-0500,1846.496,1868.864,,2024-01-23T06:00:00.000-0500,2,1,2024,2024-01-23,2470.0983,-48.401966,0.0
2024-01-23T07:00:00.000-0500,2044.48,2132.818,,2024-01-23T07:00:00.000-0500,2,1,2024,2024-01-23,2206.1443,-43.122886,0.0
2024-01-23T08:00:00.000-0500,2164.024,2282.644,,2024-01-23T08:00:00.000-0500,2,1,2024,2024-01-23,2056.3183000000004,-40.12636600000001,0.0
2024-01-23T09:00:00.000-0500,2186.961,2231.111,,2024-01-23T09:00:00.000-0500,2,1,2024,2024-01-23,2107.8513000000003,-41.15702600000001,0.0
2024-01-23T10:00:00.000-0500,2181.932,2192.854,,2024-01-23T10:00:00.000-0500,2,1,2024,2024-01-23,2146.1083000000003,-41.922166000000004,0.0
2024-01-23T11:00:00.000-0500,2193.816,2169.962,,2024-01-23T11:00:00.000-0500,2,1,2024,2024-01-23,2169.0003,-42.380006,0.0
2024-01-23T12:00:00.000-0500,2185.273,2167.917,,2024-01-23T12:00:00.000-0500,2,1,2024,2024-01-23,2171.0453,-42.420906,0.0
2024-01-23T13:00:00.000-0500,2165.327,2193.972,,2024-01-23T13:00:00.000-0500,2,1,2024,2024-01-23,2144.9903,-41.899806,0.0
2024-01-23T14:00:00.000-0500,2167.036,2261.189,,2024-01-23T14:00:00.000-0500,2,1,2024,2024-01-23,2077.7733000000003,-40.55546600000001,0.0
2024-01-23T15:00:00.000-0500,2146.515,2256.347,,2024-01-23T15:00:00.000-0500,2,1,2024,2024-01-23,2082.6153,-40.652306,0.0
2024-01-23T16:00:00.000-0500,2172.945,2279.715,,2024-01-23T16:00:00.000-0500,2,1,2024,2024-01-23,2059.2473,-40.184946000000004,0.0
2024-01-23T17:00:00.000-0500,2254.421,2358.357,,2024-01-23T17:00:00.000-0500,2,1,2024,2024-01-23,1980.6053000000002,-38.612106000000004,0.0
2024-01-23T18:00:00.000-0500,2354.256,2452.115,,2024-01-23T18:00:00.000-0500,2,1,2024,2024-01-23,1886.8473000000004,-36.73694600000001,0.0
2024-01-23T19:00:00.000-0500,2332.211,2407.711,,2024-01-23T19:00:00.000-0500,2,1,2024,2024-01-23,1931.2513000000004,-37.625026000000005,0.0
2024-01-23T20:00:00.000-0500,2262.107,2308.638,,2024-01-23T20:00:00.000-0500,2,1,2024,2024-01-23,2030.3243000000002,-39.606486000000004,0.0
2024-01-23T21:00:00.000-0500,2168.561,2197.768,,2024-01-23T21:00:00.000-0500,2,1,2024,2024-01-23,2141.1943,-41.823886,0.0
2024-01-23T22:00:00.000-0500,2058.775,2088.449,,2024-01-23T22:00:00.000-0500,2,1,2024,2024-01-23,2250.5133,-44.010266,0.0
2024-01-23T23:00:00.000-0500,1916.402,1934.793,,2024-01-23T23:00:00.000-0500,2,1,2024,2024-01-23,2404.1693000000005,-47.08338600000001,0.0
2024-01-24T00:00:00.000-0500,1783.978,1804.987,,2024-01-24T00:00:00.000-0500,3,1,2024,2024-01-24,2533.9753,-49.679506,0.0
2024-01-24T01:00:00.000-0500,1720.858,1735.637,4338.9623,2024-01-24T01:00:00.000-0500,3,1,2024,2024-01-24,2603.3253000000004,-51.06650600000001,0.0
2024-01-24T02:00:00.000-0500,1666.484,1684.332,,2024-01-24T02:00:00.000-0500,3,1,2024,2024-01-24,2654.6303,-52.092605999999996,0.0
2024-01-24T03:00:00.000-0500,1645.966,1668.56,,2024-01-24T03:00:00.000-0500,3,1,2024,2024-01-24,2670.4023,-52.408046000000006,0.0
2024-01-24T04:00:00.000-0500,1646.251,1676.564,,2024-01-24T04:00:00.000-0500,3,1,2024,2024-01-24,2662.3983,-52.247966,0.0
2024-01-24T05:00:00.000-0500,1693.533,1721.362,,2024-01-24T05:00:00.000-0500,3,1,2024,2024-01-24,2617.6003,-51.352006,0.0
2024-01-24T06:00:00.000-0500,1808.871,1844.365,,2024-01-24T06:00:00.000-0500,3,1,2024,2024-01-24,2494.5973000000004,-48.89194600000001,0.0
2024-01-24T07:00:00.000-0500,1984.803,2040.722,,2024-01-24T07:00:00.000-0500,3,1,2024,2024-01-24,2298.2403000000004,-44.96480600000001,0.0
2024-01-24T08:00:00.000-0500,2125.686,2217.481,,2024-01-24T08:00:00.000-0500,3,1,2024,2024-01-24,2121.4813,-41.429626,0.0
2024-01-24T09:00:00.000-0500,2194.852,2296.408,,2024-01-24T09:00:00.000-0500,3,1,2024,2024-01-24,2042.5543000000002,-39.851086,0.0
2024-01-24T10:00:00.000-0500,2227.572,2300.582,,2024-01-24T10:00:00.000-0500,3,1,2024,2024-01-24,2038.3803000000003,-39.76760600000001,0.0
2024-01-24T11:00:00.000-0500,2246.203,2319.869,,2024-01-24T11:00:00.000-0500,3,1,2024,2024-01-24,2019.0933,-39.381866,0.0
2024-01-24T12:00:00.000-0500,2256.508,2295.062,,2024-01-24T12:00:00.000-0500,3,1,2024,2024-01-24,2043.9003000000002,-39.878006000000006,0.0
2024-01-24T13:00:00.000-0500,2257.125,2313.968,,2024-01-24T13:00:00.000-0500,3,1,2024,2024-01-24,2024.9943000000003,-39.499886000000004,0.0
2024-01-24T14:00:00.000-0500,2243.651,2307.281,,2024-01-24T14:00:00.000-0500,3,1,2024,2024-01-24,2031.6813000000002,-39.63362600000001,0.0
2024-01-24T15:00:00.000-0500,2230.807,2275.165,,2024-01-24T15:00:00.000-0500,3,1,2024,2024-01-24,2063.7973,-40.275946000000005,0.0
2024-01-24T16:00:00.000-0500,2228.848,2272.154,,2024-01-24T16:00:00.000-0500,3,1,2024,2024-01-24,2066.8083,-40.336166000000006,0.0
2024-01-24T17:00:00.000-0500,2294.166,2317.952,,2024-01-24T17:00:00.000-0500,3,1,2024,2024-01-24,2021.0103,-39.420206,0.0
2024-01-24T18:00:00.000-0500,2357.196,2403.072,,2024-01-24T18:00:00.000-0500,3,1,2024,2024-01-24,1935.8903,-37.717806,0.0
2024-01-24T19:00:00.000-0500,2316.862,2343.332,,2024-01-24T19:00:00.000-0500,3,1,2024,2024-01-24,1995.6303000000003,-38.912606000000004,0.0
2024-01-24T20:00:00.000-0500,2236.902,2264.332,,2024-01-24T20:00:00.000-0500,3,1,2024,2024-01-24,2074.6303000000003,-40.49260600000001,0.0
2024-01-24T21:00:00.000-0500,2167.582,2145.71,,2024-01-24T21:00:00.000-0500,3,1,2024,2024-01-24,2193.2523,-42.865046,0.0
2024-01-24T22:00:00.000-0500,2041.144,2032.562,,2024-01-24T22:00:00.000-0500,3,1,2024,2024-01-24,2306.4003000000002,-45.128006000000006,0.0
2024-01-24T23:00:00.000-0500,1895.785,1859.18,,2024-01-24T23:00:00.000-0500,3,1,2024,2024-01-24,2479.7823,-48.595645999999995,0.0
2024-01-25T00:00:00.000-0500,1778.46,1745.169,,2024-01-25T00:00:00.000-0500,4,1,2024,2024-01-25,2593.7933000000003,-50.87586600000001,0.0
2024-01-25T01:00:00.000-0500,1685.23,1677.447,4338.9623,2024-01-25T01:00:00.000-0500,4,1,2024,2024-01-25,2661.5153,-52.230306,0.0
2024-01-25T02:00:00.000-0500,1626.138,1615.717,,2024-01-25T02:00:00.000-0500,4,1,2024,2024-01-25,2723.2453,-53.464906,0.0
2024-01-25T03:00:00.000-0500,1590.375,1562.228,,2024-01-25T03:00:00.000-0500,4,1,2024,2024-01-25,2776.7343,-54.534686,0.0
2024-01-25T04:00:00.000-0500,1584.996,1581.115,,2024-01-25T04:00:00.000-0500,4,1,2024,2024-01-25,2757.8473000000004,-54.156946000000005,0.0
2024-01-25T05:00:00.000-0500,1606.099,1606.554,,2024-01-25T05:00:00.000-0500,4,1,2024,2024-01-25,2732.4083,-53.648166,0.0
2024-01-25T06:00:00.000-0500,1732.393,1733.463,,2024-01-25T06:00:00.000-0500,4,1,2024,2024-01-25,2605.4993000000004,-51.109986000000006,0.0
2024-01-25T07:00:00.000-0500,1914.301,1932.952,,2024-01-25T07:00:00.000-0500,4,1,2024,2024-01-25,2406.0103,-47.120205999999996,0.0
2024-01-25T08:00:00.000-0500,2032.342,2052.267,,2024-01-25T08:00:00.000-0500,4,1,2024,2024-01-25,2286.6953000000003,-44.733906000000005,0.0
2024-01-25T09:00:00.000-0500,2053.908,2074.626,,2024-01-25T09:00:00.000-0500,4,1,2024,2024-01-25,2264.3363,-44.286726,0.0
2024-01-25T10:00:00.000-0500,2044.184,2067.926,,2024-01-25T10:00:00.000-0500,4,1,2024,2024-01-25,2271.0363,-44.420726,0.0
2024-01-25T11:00:00.000-0500,2020.374,2064.612,,2024-01-25T11:00:00.000-0500,4,1,2024,2024-01-25,2274.3503,-44.487006,0.0
2024-01-25T12:00:00.000-0500,1948.903,2039.35,,2024-01-25T12:00:00.000-0500,4,1,2024,2024-01-25,2299.6123000000002,-44.99224600000001,0.0
2024-01-25T13:00:00.000-0500,1883.053,1990.986,,2024-01-25T13:00:00.000-0500,4,1,2024,2024-01-25,2347.9763000000003,-45.959526000000004,0.0
2024-01-25T14:00:00.000-0500,1901.391,1884.516,,2024-01-25T14:00:00.000-0500,4,1,2024,2024-01-25,2454.4463,-48.088926,0.0
2024-01-25T15:00:00.000-0500,1916.708,1939.124,,2024-01-25T15:00:00.000-0500,4,1,2024,2024-01-25,2399.8383000000003,-46.99676600000001,0.0
2024-01-25T16:00:00.000-0500,1970.603,2011.637,,2024-01-25T16:00:00.000-0500,4,1,2024,2024-01-25,2327.3253000000004,-45.54650600000001,0.0
2024-01-25T17:00:00.000-0500,2072.187,2150.84,,2024-01-25T17:00:00.000-0500,4,1,2024,2024-01-25,2188.1223,-42.762446000000004,0.0
2024-01-25T18:00:00.000-0500,2176.112,2254.984,,2024-01-25T18:00:00.000-0500,4,1,2024,2024-01-25,2083.9783,-40.67956600000001,0.0
2024-01-25T19:00:00.000-0500,2159.148,2206.648,,2024-01-25T19:00:00.000-0500,4,1,2024,2024-01-25,2132.3143,-41.646286,0.0
2024-01-25T20:00:00.000-0500,2093.085,2128.312,,2024-01-25T20:00:00.000-0500,4,1,2024,2024-01-25,2210.6503000000002,-43.21300600000001,0.0
2024-01-25T21:00:00.000-0500,2013.412,2033.494,,2024-01-25T21:00:00.000-0500,4,1,2024,2024-01-25,2305.4683000000005,-45.10936600000001,0.0
2024-01-25T22:00:00.000-0500,1907.79,1941.71,,2024-01-25T22:00:00.000-0500,4,1,2024,2024-01-25,2397.2523,-46.945046000000005,0.0
2024-01-25T23:00:00.000-0500,1777.049,1789.231,,2024-01-25T23:00:00.000-0500,4,1,2024,2024-01-25,2549.7313000000004,-49.99462600000001,0.0
2024-01-26T00:00:00.000-0500,1663.059,1688.819,,2024-01-26T00:00:00.000-0500,5,1,2024,2024-01-26,2650.1433,-52.002866000000004,0.0
2024-01-26T01:00:00.000-0500,1591.967,1603.506,4338.9623,2024-01-26T01:00:00.000-0500,5,1,2024,2024-01-26,2735.4563,-53.709126,0.0
2024-01-26T02:00:00.000-0500,1534.517,1560.343,,2024-01-26T02:00:00.000-0500,5,1,2024,2024-01-26,2778.6193000000003,-54.57238600000001,0.0
2024-01-26T03:00:00.000-0500,1513.763,1530.355,,2024-01-26T03:00:00.000-0500,5,1,2024,2024-01-26,2808.6073,-55.172146000000005,0.0
2024-01-26T04:00:00.000-0500,1517.32,1545.64,,2024-01-26T04:00:00.000-0500,5,1,2024,2024-01-26,2793.3223,-54.866445999999996,0.0
2024-01-26T05:00:00.000-0500,1569.704,1583.591,,2024-01-26T05:00:00.000-0500,5,1,2024,2024-01-26,2755.3713000000002,-54.107426000000004,0.0
2024-01-26T06:00:00.000-0500,1683.333,1725.224,,2024-01-26T06:00:00.000-0500,5,1,2024,2024-01-26,2613.7383,-51.274766,0.0
2024-01-26T07:00:00.000-0500,1883.131,1916.281,,2024-01-26T07:00:00.000-0500,5,1,2024,2024-01-26,2422.6813,-47.45362600000001,0.0
2024-01-26T08:00:00.000-0500,2014.844,2065.425,,2024-01-26T08:00:00.000-0500,5,1,2024,2024-01-26,2273.5373,-44.470746,0.0
2024-01-26T09:00:00.000-0500,2065.352,2158.109,,2024-01-26T09:00:00.000-0500,5,1,2024,2024-01-26,2180.8533,-42.61706600000001,0.0
2024-01-26T10:00:00.000-0500,2093.003,2191.268,,2024-01-26T10:00:00.000-0500,5,1,2024,2024-01-26,2147.6943,-41.953886000000004,0.0
2024-01-26T11:00:00.000-0500,2100.415,2221.663,,2024-01-26T11:00:00.000-0500,5,1,2024,2024-01-26,2117.2993,-41.345986,0.0
2024-01-26T12:00:00.000-0500,2097.55,2232.298,,2024-01-26T12:00:00.000-0500,5,1,2024,2024-01-26,2106.6643000000004,-41.133286000000005,0.0
2024-01-26T13:00:00.000-0500,2095.859,2253.3,,2024-01-26T13:00:00.000-0500,5,1,2024,2024-01-26,2085.6623,-40.713246,0.0
2024-01-26T14:00:00.000-0500,2102.57,2224.877,,2024-01-26T14:00:00.000-0500,5,1,2024,2024-01-26,2114.0853,-41.28170600000001,0.0
2024-01-26T15:00:00.000-0500,2089.777,2189.937,,2024-01-26T15:00:00.000-0500,5,1,2024,2024-01-26,2149.0253000000002,-41.980506000000005,0.0
2024-01-26T16:00:00.000-0500,2095.801,2188.799,,2024-01-26T16:00:00.000-0500,5,1,2024,2024-01-26,2150.1633,-42.003266,0.0
2024-01-26T17:00:00.000-0500,2151.496,2221.831,,2024-01-26T17:00:00.000-0500,5,1,2024,2024-01-26,2117.1313,-41.342626,0.0
2024-01-26T18:00:00.000-0500,2207.421,2267.826,,2024-01-26T18:00:00.000-0500,5,1,2024,2024-01-26,2071.1363,-40.422726000000004,0.0
2024-01-26T19:00:00.000-0500,2163.213,2216.939,,2024-01-26T19:00:00.000-0500,5,1,2024,2024-01-26,2122.0233000000003,-41.44046600000001,0.0
2024-01-26T20:00:00.000-0500,2087.317,2133.366,,2024-01-26T20:00:00.000-0500,5,1,2024,2024-01-26,2205.5963,-43.111926000000004,0.0
2024-01-26T21:00:00.000-0500,2023.636,2032.624,,2024-01-26T21:00:00.000-0500,5,1,2024,2024-01-26,2306.3383000000003,-45.12676600000001,0.0
2024-01-26T22:00:00.000-0500,1929.99,1938.407,,2024-01-26T22:00:00.000-0500,5,1,2024,2024-01-26,2400.5553,-47.011106,0.0
2024-01-26T23:00:00.000-0500,1815.793,1808.643,,2024-01-26T23:00:00.000-0500,5,1,2024,2024-01-26,2530.3193,-49.606386,0.0
2024-01-27T00:00:00.000-0500,1712.442,1714.702,,2024-01-27T00:00:00.000-0500,6,1,2024,2024-01-27,2624.2603,-51.485206,0.0
2024-01-21T01:00:00.000-0500,1992.618,1987.552,4338.9623,2024-01-21T01:00:00.000-0500,7,1,2024,2024-01-21,2351.4103000000005,-46.02820600000001,0.0
2024-01-21T02:00:00.000-0500,1943.099,1936.717,,2024-01-21T02:00:00.000-0500,7,1,2024,2024-01-21,2402.2453,-47.044906000000005,0.0
2024-01-21T03:00:00.000-0500,1921.282,1930.976,,2024-01-21T03:00:00.000-0500,7,1,2024,2024-01-21,2407.9863,-47.159726,0.0
2024-01-21T04:00:00.000-0500,1912.613,1915.035,,2024-01-21T04:00:00.000-0500,7,1,2024,2024-01-21,2423.9273000000003,-47.47854600000001,0.0
2024-01-21T05:00:00.000-0500,1917.676,1933.792,,2024-01-21T05:00:00.000-0500,7,1,2024,2024-01-21,2405.1703,-47.10340600000001,0.0
2024-01-21T06:00:00.000-0500,1958.814,1996.408,,2024-01-21T06:00:00.000-0500,7,1,2024,2024-01-21,2342.5543000000002,-45.851086,0.0
2024-01-21T07:00:00.000-0500,2025.64,2091.476,,2024-01-21T07:00:00.000-0500,7,1,2024,2024-01-21,2247.4863,-43.949726,0.0
2024-01-21T08:00:00.000-0500,2105.991,2167.451,,2024-01-21T08:00:00.000-0500,7,1,2024,2024-01-21,2171.5113,-42.430226000000005,0.0
2024-01-21T09:00:00.000-0500,2188.649,2223.935,,2024-01-21T09:00:00.000-0500,7,1,2024,2024-01-21,2115.0273,-41.300546000000004,0.0
2024-01-21T10:00:00.000-0500,2228.867,2338.332,,2024-01-21T10:00:00.000-0500,7,1,2024,2024-01-21,2000.6303000000003,-39.012606000000005,0.0
2024-01-21T11:00:00.000-0500,2234.374,2234.481,,2024-01-21T11:00:00.000-0500,7,1,2024,2024-01-21,2104.4813,-41.089626,0.0
2024-01-21T12:00:00.000-0500,2228.293,2217.434,,2024-01-21T12:00:00.000-0500,7,1,2024,2024-01-21,2121.5283,-41.430566,0.0
2024-01-21T13:00:00.000-0500,2203.546,2192.316,,2024-01-21T13:00:00.000-0500,7,1,2024,2024-01-21,2146.6463000000003,-41.93292600000001,0.0
2024-01-21T14:00:00.000-0500,2173.93,2132.016,,2024-01-21T14:00:00.000-0500,7,1,2024,2024-01-21,2206.9463,-43.138926000000005,0.0
2024-01-21T15:00:00.000-0500,2179.381,2160.565,,2024-01-21T15:00:00.000-0500,7,1,2024,2024-01-21,2178.3973,-42.567946,0.0
2024-01-21T16:00:00.000-0500,2226.869,2263.417,,2024-01-21T16:00:00.000-0500,7,1,2024,2024-01-21,2075.5453,-40.510906000000006,0.0
2024-01-21T17:00:00.000-0500,2343.749,2379.2,,2024-01-21T17:00:00.000-0500,7,1,2024,2024-01-21,1959.7623000000003,-38.195246000000004,0.0
2024-01-21T18:00:00.000-0500,2462.042,2527.259,,2024-01-21T18:00:00.000-0500,7,1,2024,2024-01-21,1811.7033000000001,-35.234066000000006,0.0
2024-01-21T19:00:00.000-0500,2454.71,2510.626,,2024-01-21T19:00:00.000-0500,7,1,2024,2024-01-21,1828.3363,-35.566726,0.0
2024-01-21T20:00:00.000-0500,2399.565,2433.005,,2024-01-21T20:00:00.000-0500,7,1,2024,2024-01-21,1905.9573,-37.119146,0.0
2024-01-21T21:00:00.000-0500,2332.456,2322.833,,2024-01-21T21:00:00.000-0500,7,1,2024,2024-01-21,2016.1293,-39.322586,0.0
2024-01-21T22:00:00.000-0500,2221.301,2240.012,,2024-01-21T22:00:00.000-0500,7,1,2024,2024-01-21,2098.9503,-40.979006,0.0
2024-01-21T23:00:00.000-0500,2093.644,2129.693,,2024-01-21T23:00:00.000-0500,7,1,2024,2024-01-21,2209.2693,-43.185386,0.0
2024-01-22T00:00:00.000-0500,1978.502,2002.634,,2024-01-22T00:00:00.000-0500,1,1,2024,2024-01-22,2336.3283,-45.726566000000005,0.0
2024-01-22T01:00:00.000-0500,1918.45,1902.074,4338.9623,2024-01-22T01:00:00.000-0500,1,1,2024,2024-01-22,2436.8883,-47.737766,0.0
2024-01-22T02:00:00.000-0500,1873.764,1868.203,,2024-01-22T02:00:00.000-0500,1,1,2024,2024-01-22,2470.7593,-48.415186000000006,0.0
2024-01-22T03:00:00.000-0500,1867.329,1847.06,,2024-01-22T03:00:00.000-0500,1,1,2024,2024-01-22,2491.9023,-48.838046000000006,0.0
2024-01-22T04:00:00.000-0500,1878.769,1852.695,,2024-01-22T04:00:00.000-0500,1,1,2024,2024-01-22,2486.2673000000004,-48.72534600000001,0.0
2024-01-22T05:00:00.000-0500,1923.427,1920.981,,2024-01-22T05:00:00.000-0500,1,1,2024,2024-01-22,2417.9813000000004,-47.359626000000006,0.0
2024-01-22T06:00:00.000-0500,2065.54,2098.247,,2024-01-22T06:00:00.000-0500,1,1,2024,2024-01-22,2240.7153000000003,-43.81430600000001,0.0
2024-01-22T07:00:00.000-0500,2280.188,2311.094,,2024-01-22T07:00:00.000-0500,1,1,2024,2024-01-22,2027.8683,-39.557366,0.0
2024-01-22T08:00:00.000-0500,2413.453,2433.876,,2024-01-22T08:00:00.000-0500,1,1,2024,2024-01-22,1905.0863,-37.101726,0.0
2024-01-22T09:00:00.000-0500,2410.758,2407.035,,2024-01-22T09:00:00.000-0500,1,1,2024,2024-01-22,1931.9273000000003,-37.638546000000005,0.0
2024-01-22T10:00:00.000-0500,2370.106,2334.218,,2024-01-22T10:00:00.000-0500,1,1,2024,2024-01-22,2004.7443000000003,-39.09488600000001,0.0
2024-01-22T11:00:00.000-0500,2292.398,2257.924,,2024-01-22T11:00:00.000-0500,1,1,2024,2024-01-22,2081.0383,-40.620766,0.0
2024-01-22T12:00:00.000-0500,2221.436,2190.333,,2024-01-22T12:00:00.000-0500,1,1,2024,2024-01-22,2148.6293,-41.972586,0.0
2024-01-22T13:00:00.000-0500,2160.498,2124.973,,2024-01-22T13:00:00.000-0500,1,1,2024,2024-01-22,2213.9893,-43.279786,0.0
2024-01-22T14:00:00.000-0500,2133.387,2130.748,,2024-01-22T14:00:00.000-0500,1,1,2024,2024-01-22,2208.2143,-43.164286000000004,0.0
2024-01-22T15:00:00.000-0500,2180.924,2187.582,,2024-01-22T15:00:00.000-0500,1,1,2024,2024-01-22,2151.3803000000003,-42.027606000000006,0.0
2024-01-22T16:00:00.000-0500,2260.093,2277.182,,2024-01-22T16:00:00.000-0500,1,1,2024,2024-01-22,2061.7803000000004,-40.23560600000001,0.0
2024-01-22T17:00:00.000-0500,2346.229,2411.06,,2024-01-22T17:00:00.000-0500,1,1,2024,2024-01-22,1927.9023000000002,-37.558046000000004,0.0
2024-01-22T18:00:00.000-0500,2452.003,2505.429,,2024-01-22T18:00:00.000-0500,1,1,2024,2024-01-22,1833.5333,-35.670666000000004,0.0
2024-01-22T19:00:00.000-0500,2417.402,2452.389,,2024-01-22T19:00:00.000-0500,1,1,2024,2024-01-22,1886.5733,-36.731466000000005,0.0
2024-01-22T20:00:00.000-0500,2331.971,2380.945,,2024-01-22T20:00:00.000-0500,1,1,2024,2024-01-22,1958.0173,-38.160346,0.0
2024-01-22T21:00:00.000-0500,2247.428,2244.451,,2024-01-22T21:00:00.000-0500,1,1,2024,2024-01-22,2094.5113,-40.890226000000006,0.0
2024-01-22T22:00:00.000-0500,2120.122,2144.243,,2024-01-22T22:00:00.000-0500,1,1,2024,2024-01-22,2194.7193,-42.894386000000004,0.0
2024-01-22T23:00:00.000-0500,1959.194,1981.088,,2024-01-22T23:00:00.000-0500,1,1,2024,2024-01-22,2357.8743000000004,-46.157486000000006,0.0
2024-01-23T00:00:00.000-0500,1834.054,1868.28,,2024-01-23T00:00:00.000-0500,2,1,2024,2024-01-23,2470.6823000000004,-48.41364600000001,0.0
2024-01-23T01:00:00.000-0500,1757.659,1783.007,4338.9623,2024-01-23T01:00:00.000-0500,2,1,2024,2024-01-23,2555.9553,-50.119106,0.0
2024-01-23T02:00:00.000-0500,1697.702,1735.438,,2024-01-23T02:00:00.000-0500,2,1,2024,2024-01-23,2603.5243,-51.070486,0.0
2024-01-23T03:00:00.000-0500,1675.188,1731.048,,2024-01-23T03:00:00.000-0500,2,1,2024,2024-01-23,2607.9143000000004,-51.15828600000001,0.0
2024-01-23T04:00:00.000-0500,1675.15,1729.165,,2024-01-23T04:00:00.000-0500,2,1,2024,2024-01-23,2609.7973,-51.195946000000006,0.0
2024-01-23T05:00:00.000-0500,1725.44,1739.056,,2024-01-23T05:00:00.000-0500,2,1,2024,2024-01-23,2599.9063,-50.998126000000006,0.0
2024-01-23T06:00:00.000-0500,1846.496,1868.864,,2024-01-23T06:00:00.000-0500,2,1,2024,2024-01-23,2470.0983,-48.401966,0.0
2024-01-23T07:00:00.000-0500,2044.48,2132.818,,2024-01-23T07:00:00.000-0500,2,1,2024,2024-01-23,2206.1443,-43.122886,0.0
2024-01-23T08:00:00.000-0500,2164.024,2282.644,,2024-01-23T08:00:00.000-0500,2,1,2024,2024-01-23,2056.3183000000004,-40.12636600000001,0.0
2024-01-23T09:00:00.000-0500,2186.961,2231.111,,2024-01-23T09:00:00.000-0500,2,1,2024,2024-01-23,2107.8513000000003,-41.15702600000001,0.0
2024-01-23T10:00:00.000-0500,2181.932,2192.854,,2024-01-23T10:00:00.000-0500,2,1,2024,2024-01-23,2146.1083000000003,-41.922166000000004,0.0
2024-01-23T11:00:00.000-0500,2193.816,2169.962,,2024-01-23T11:00:00.000-0500,2,1,2024,2024-01-23,2169.0003,-42.380006,0.0
2024-01-23T12:00:00.000-0500,2185.273,2167.917,,2024-01-23T12:00:00.000-0500,2,1,2024,2024-01-23,2171.0453,-42.420906,0.0
2024-01-23T13:00:00.000-0500,2165.327,2193.972,,2024-01-23T13:00:00.000-0500,2,1,2024,2024-01-23,2144.9903,-41.899806,0.0
2024-01-23T14:00:00.000-0500,2167.036,2261.189,,2024-01-23T14:00:00.000-0500,2,1,2024,2024-01-23,2077.7733000000003,-40.55546600000001,0.0
2024-01-23T15:00:00.000-0500,2146.515,2256.347,,2024-01-23T15:00:00.000-0500,2,1,2024,2024-01-23,2082.6153,-40.652306,0.0
2024-01-23T16:00:00.000-0500,2172.945,2279.715,,2024-01-23T16:00:00.000-0500,2,1,2024,2024-01-23,2059.2473,-40.184946000000004,0.0
2024-01-23T17:00:00.000-0500,2254.421,2358.357,,2024-01-23T17:00:00.000-0500,2,1,2024,2024-01-23,1980.6053000000002,-38.612106000000004,0.0
2024-01-23T18:00:00.000-0500,2354.256,2452.115,,2024-01-23T18:00:00.000-0500,2,1,2024,2024-01-23,1886.8473000000004,-36.73694600000001,0.0
2024-01-23T19:00:00.000-0500,2332.211,2407.711,,2024-01-23T19:00:00.000-0500,2,1,2024,2024-01-23,1931.2513000000004,-37.625026000000005,0.0
2024-01-23T20:00:00.000-0500,2262.107,2308.638,,2024-01-23T20:00:00.000-0500,2,1,2024,2024-01-23,2030.3243000000002,-39.606486000000004,0.0
2024-01-23T21:00:00.000-0500,2168.561,2197.768,,2024-01-23T21:00:00.000-0500,2,1,2024,2024-01-23,2141.1943,-41.823886,0.0
2024-01-23T22:00:00.000-0500,2058.775,2088.449,,2024-01-23T22:00:00.000-0500,2,1,2024,2024-01-23,2250.5133,-44.010266,0.0
2024-01-23T23:00:00.000-0500,1916.402,1934.793,,2024-01-23T23:00:00.000-0500,2,1,2024,2024-01-23,2404.1693000000005,-47.08338600000001,0.0
2024-01-24T00:00:00.000-0500,1783.978,1804.987,,2024-01-24T00:00:00.000-0500,3,1,2024,2024-01-24,2533.9753,-49.679506,0.0
2024-01-24T01:00:00.000-0500,1720.858,1735.637,4338.9623,2024-01-24T01:00:00.000-0500,3,1,2024,2024-01-24,2603.3253000000004,-51.06650600000001,0.0
2024-01-24T02:00:00.000-0500,1666.484,1684.332,,2024-01-24T02:00:00.000-0500,3,1,2024,2024-01-24,2654.6303,-52.092605999999996,0.0
2024-01-24T03:00:00.000-0500,1645.966,1668.56,,2024-01-24T03:00:00.000-0500,3,1,2024,2024-01-24,2670.4023,-52.408046000000006,0.0
2024-01-24T04:00:00.000-0500,1646.251,1676.564,,2024-01-24T04:00:00.000-0500,3,1,2024,2024-01-24,2662.3983,-52.247966,0.0
2024-01-24T05:00:00.000-0500,1693.533,1721.362,,2024-01-24T05:00:00.000-0500,3,1,2024,2024-01-24,2617.6003,-51.352006,0.0
2024-01-24T06:00:00.000-0500,1808.871,1844.365,,2024-01-24T06:00:00.000-0500,3,1,2024,2024-01-24,2494.5973000000004,-48.89194600000001,0.0
2024-01-24T07:00:00.000-0500,1984.803,2040.722,,2024-01-24T07:00:00.000-0500,3,1,2024,2024-01-24,2298.2403000000004,-44.96480600000001,0.0
2024-01-24T08:00:00.000-0500,2125.686,2217.481,,2024-01-24T08:00:00.000-0500,3,1,2024,2024-01-24,2121.4813,-41.429626,0.0
2024-01-24T09:00:00.000-0500,2194.852,2296.408,,2024-01-24T09:00:00.000-0500,3,1,2024,2024-01-24,2042.5543000000002,-39.851086,0.0
2024-01-24T10:00:00.000-0500,2227.572,2300.582,,2024-01-24T10:00:00.000-0500,3,1,2024,2024-01-24,2038.3803000000003,-39.76760600000001,0.0
2024-01-24T11:00:00.000-0500,2246.203,2319.869,,2024-01-24T11:00:00.000-0500,3,1,2024,2024-01-24,2019.0933,-39.381866,0.0
2024-01-24T12:00:00.000-0500,2256.508,2295.062,,2024-01-24T12:00:00.000-0500,3,1,2024,2024-01-24,2043.9003000000002,-39.878006000000006,0.0
2024-01-24T13:00:00.000-0500,2257.125,2313.968,,2024-01-24T13:00:00.000-0500,3,1,2024,2024-01-24,2024.9943000000003,-39.499886000000004,0.0
2024-01-24T14:00:00.000-0500,2243.651,2307.281,,2024-01-24T14:00:00.000-0500,3,1,2024,2024-01-24,2031.6813000000002,-39.63362600000001,0.0
2024-01-24T15:00:00.000-0500,2230.807,2275.165,,2024-01-24T15:00:00.000-0500,3,1,2024,2024-01-24,2063.7973,-40.275946000000005,0.0
2024-01-24T16:00:00.000-0500,2228.848,2272.154,,2024-01-24T16:00:00.000-0500,3,1,2024,2024-01-24,2066.8083,-40.336166000000006,0.0
2024-01-24T17:00:00.000-0500,2294.166,2317.952,,2024-01-24T17:00:00.000-0500,3,1,2024,2024-01-24,2021.0103,-39.420206,0.0
2024-01-24T18:00:00.000-0500,2357.196,2403.072,,2024-01-24T18:00:00.000-0500,3,1,2024,2024-01-24,1935.8903,-37.717806,0.0
2024-01-24T19:00:00.000-0500,2316.862,2343.332,,2024-01-24T19:00:00.000-0500,3,1,2024,2024-01-24,1995.6303000000003,-38.912606000000004,0.0
2024-01-24T20:00:00.000-0500,2236.902,2264.332,,2024-01-24T20:00:00.000-0500,3,1,2024,2024-01-24,2074.6303000000003,-40.49260600000001,0.0
2024-01-24T21:00:00.000-0500,2167.582,2145.71,,2024-01-24T21:00:00.000-0500,3,1,2024,2024-01-24,2193.2523,-42.865046,0.0
2024-01-24T22:00:00.000-0500,2041.144,2032.562,,2024-01-24T22:00:00.000-0500,3,1,2024,2024-01-24,2306.4003000000002,-45.128006000000006,0.0
2024-01-24T23:00:00.000-0500,1895.785,1859.18,,2024-01-24T23:00:00.000-0500,3,1,2024,2024-01-24,2479.7823,-48.595645999999995,0.0
2024-01-25T00:00:00.000-0500,1778.46,1745.169,,2024-01-25T00:00:00.000-0500,4,1,2024,2024-01-25,2593.7933000000003,-50.87586600000001,0.0
2024-01-25T01:00:00.000-0500,1685.23,1677.447,4338.9623,2024-01-25T01:00:00.000-0500,4,1,2024,2024-01-25,2661.5153,-52.230306,0.0
2024-01-25T02:00:00.000-0500,1626.138,1615.717,,2024-01-25T02:00:00.000-0500,4,1,2024,2024-01-25,2723.2453,-53.464906,0.0
2024-01-25T03:00:00.000-0500,1590.375,1562.228,,2024-01-25T03:00:00.000-0500,4,1,2024,2024-01-25,2776.7343,-54.534686,0.0
2024-01-25T04:00:00.000-0500,1584.996,1581.115,,2024-01-25T04:00:00.000-0500,4,1,2024,2024-01-25,2757.8473000000004,-54.156946000000005,0.0
2024-01-25T05:00:00.000-0500,1606.099,1606.554,,2024-01-25T05:00:00.000-0500,4,1,2024,2024-01-25,2732.4083,-53.648166,0.0
2024-01-25T06:00:00.000-0500,1732.393,1733.463,,2024-01-25T06:00:00.000-0500,4,1,2024,2024-01-25,2605.4993000000004,-51.109986000000006,0.0
2024-01-25T07:00:00.000-0500,1914.301,1932.952,,2024-01-25T07:00:00.000-0500,4,1,2024,2024-01-25,2406.0103,-47.120205999999996,0.0
2024-01-25T08:00:00.000-0500,2032.342,2052.267,,2024-01-25T08:00:00.000-0500,4,1,2024,2024-01-25,2286.6953000000003,-44.733906000000005,0.0
2024-01-25T09:00:00.000-0500,2053.908,2074.626,,2024-01-25T09:00:00.000-0500,4,1,2024,2024-01-25,2264.3363,-44.286726,0.0
2024-01-25T10:00:00.000-0500,2044.184,2067.926,,2024-01-25T10:00:00.000-0500,4,1,2024,2024-01-25,2271.0363,-44.420726,0.0
2024-01-25T11:00:00.000-0500,2020.374,2064.612,,2024-01-25T11:00:00.000-0500,4,1,2024,2024-01-25,2274.3503,-44.487006,0.0
2024-01-25T12:00:00.000-0500,1948.903,2039.35,,2024-01-25T12:00:00.000-0500,4,1,2024,2024-01-25,2299.6123000000002,-44.99224600000001,0.0
2024-01-25T13:00:00.000-0500,1883.053,1990.986,,2024-01-25T13:00:00.000-0500,4,1,2024,2024-01-25,2347.9763000000003,-45.959526000000004,0.0
2024-01-25T14:00:00.000-0500,1901.391,1884.516,,2024-01-25T14:00:00.000-0500,4,1,2024,2024-01-25,2454.4463,-48.088926,0.0
2024-01-25T15:00:00.000-0500,1916.708,1939.124,,2024-01-25T15:00:00.000-0500,4,1,2024,2024-01-25,2399.8383000000003,-46.99676600000001,0.0
2024-01-25T16:00:00.000-0500,1970.603,2011.637,,2024-01-25T16:00:00.000-0500,4,1,2024,2024-01-25,2327.3253000000004,-45.54650600000001,0.0
2024-01-25T17:00:00.000-0500,2072.187,2150.84,,2024-01-25T17:00:00.000-0500,4,1,2024,2024-01-25,2188.1223,-42.762446000000004,0.0
2024-01-25T18:00:00.000-0500,2176.112,2254.984,,2024-01-25T18:00:00.000-0500,4,1,2024,2024-01-25,2083.9783,-40.67956600000001,0.0
2024-01-25T19:00:00.000-0500,2159.148,2206.648,,2024-01-25T19:00:00.000-0500,4,1,2024,2024-01-25,2132.3143,-41.646286,0.0
2024-01-25T20:00:00.000-0500,2093.085,2128.312,,2024-01-25T20:00:00.000-0500,4,1,2024,2024-01-25,2210.6503000000002,-43.21300600000001,0.0
2024-01-25T21:00:00.000-0500,2013.412,2033.494,,2024-01-25T21:00:00.000-0500,4,1,2024,2024-01-25,2305.4683000000005,-45.10936600000001,0.0
2024-01-25T22:00:00.000-0500,1907.79,1941.71,,2024-01-25T22:00:00.000-0500,4,1,2024,2024-01-25,2397.2523,-46.945046000000005,0.0
2024-01-25T23:00:00.000-0500,1777.049,1789.231,,2024-01-25T23:00:00.000-0500,4,1,2024,2024-01-25,2549.7313000000004,-49.99462600000001,0.0
2024-01-26T00:00:00.000-0500,1663.059,1688.819,,2024-01-26T00:00:00.000-0500,5,1,2024,2024-01-26,2650.1433,-52.002866000000004,0.0
2024-01-26T01:00:00.000-0500,1591.967,1603.506,4338.9623,2024-01-26T01:00:00.000-0500,5,1,2024,2024-01-26,2735.4563,-53.709126,0.0
2024-01-26T02:00:00.000-0500,1534.517,1560.343,,2024-01-26T02:00:00.000-0500,5,1,2024,2024-01-26,2778.6193000000003,-54.57238600000001,0.0
2024-01-26T03:00:00.000-0500,1513.763,1530.355,,2024-01-26T03:00:00.000-0500,5,1,2024,2024-01-26,2808.6073,-55.172146000000005,0.0
2024-01-26T04:00:00.000-0500,1517.32,1545.64,,2024-01-26T04:00:00.000-0500,5,1,2024,2024-01-26,2793.3223,-54.866445999999996,0.0
2024-01-26T05:00:00.000-0500,1569.704,1583.591,,2024-01-26T05:00:00.000-0500,5,1,2024,2024-01-26,2755.3713000000002,-54.107426000000004,0.0
2024-01-26T06:00:00.000-0500,1683.333,1725.224,,2024-01-26T06:00:00.000-0500,5,1,2024,2024-01-26,2613.7383,-51.274766,0.0
2024-01-26T07:00:00.000-0500,1883.131,1916.281,,2024-01-26T07:00:00.000-0500,5,1,2024,2024-01-26,2422.6813,-47.45362600000001,0.0
2024-01-26T08:00:00.000-0500,2014.844,2065.425,,2024-01-26T08:00:00.000-0500,5,1,2024,2024-01-26,2273.5373,-44.470746,0.0
2024-01-26T09:00:00.000-0500,2065.352,2158.109,,2024-01-26T09:00:00.000-0500,5,1,2024,2024-01-26,2180.8533,-42.61706600000001,0.0
2024-01-26T10:00:00.000-0500,2093.003,2191.268,,2024-01-26T10:00:00.000-0500,5,1,2024,2024-01-26,2147.6943,-41.953886000000004,0.0
2024-01-26T11:00:00.000-0500,2100.415,2221.663,,2024-01-26T11:00:00.000-0500,5,1,2024,2024-01-26,2117.2993,-41.345986,0.0
2024-01-26T12:00:00.000-0500,2097.55,2232.298,,2024-01-26T12:00:00.000-0500,5,1,2024,2024-01-26,2106.6643000000004,-41.133286000000005,0.0
2024-01-26T13:00:00.000-0500,2095.859,2253.3,,2024-01-26T13:00:00.000-0500,5,1,2024,2024-01-26,2085.6623,-40.713246,0.0
2024-01-26T14:00:00.000-0500,2102.57,2224.877,,2024-01-26T14:00:00.000-0500,5,1,2024,2024-01-26,2114.0853,-41.28170600000001,0.0
2024-01-26T15:00:00.000-0500,2089.777,2189.937,,2024-01-26T15:00:00.000-0500,5,1,2024,2024-01-26,2149.0253000000002,-41.980506000000005,0.0
2024-01-26T16:00:00.000-0500,2095.801,2188.799,,2024-01-26T16:00:00.000-0500,5,1,2024,2024-01-26,2150.1633,-42.003266,0.0
2024-01-26T17:00:00.000-0500,2151.496,2221.831,,2024-01-26T17:00:00.000-0500,5,1,2024,2024-01-26,2117.1313,-41.342626,0.0
2024-01-26T18:00:00.000-0500,2207.421,2267.826,,2024-01-26T18:00:00.000-0500,5,1,2024,2024-01-26,2071.1363,-40.422726000000004,0.0
2024-01-26T19:00:00.000-0500,2163.213,2216.939,,2024-01-26T19:00:00.000-0500,5,1,2024,2024-01-26,2122.0233000000003,-41.44046600000001,0.0
2024-01-26T20:00:00.000-0500,2087.317,2133.366,,2024-01-26T20:00:00.000-0500,5,1,2024,2024-01-26,2205.5963,-43.111926000000004,0.0
2024-01-26T21:00:00.000-0500,2023.636,2032.624,,2024-01-26T21:00:00.000-0500,5,1,2024,2024-01-26,2306.3383000000003,-45.12676600000001,0.0
2024-01-26T22:00:00.000-0500,1929.99,1938.407,,2024-01-26T22:00:00.000-0500,5,1,2024,2024-01-26,2400.5553,-47.011106,0.0
2024-01-26T23:00:00.000-0500,1815.793,1808.643,,2024-01-26T23:00:00.000-0500,5,1,2024,2024-01-26,2530.3193,-49.606386,0.0
2024-01-27T00:00:00.000-0500,1712.442,1714.702,,2024-01-27T00:00:00.000-0500,6,1,2024,2024-01-27,2624.2603,-51.485206,0.0
2024-01-27T01:00:00.000-0500,1626.892,1624.481,4338.9623,2024-01-27T01:00:00.000-0500,6,1,2024,2024-01-27,2714.4813000000004,-53.289626000000005,0.0
2024-01-27T02:00:00.000-0500,1578.524,1562.577,,2024-01-27T02:00:00.000-0500,6,1,2024,2024-01-27,2776.3853,-54.527706,0.0
2024-01-27T03:00:00.000-0500,1541.054,1540.801,,2024-01-27T03:00:00.000-0500,6,1,2024,2024-01-27,2798.1613,-54.963226000000006,0.0
2024-01-27T04:00:00.000-0500,1526.195,1540.823,,2024-01-27T04:00:00.000-0500,6,1,2024,2024-01-27,2798.1393,-54.962785999999994,0.0
2024-01-27T05:00:00.000-0500,1542.729,1554.735,,2024-01-27T05:00:00.000-0500,6,1,2024,2024-01-27,2784.2273000000005,-54.68454600000001,0.0
2024-01-27T06:00:00.000-0500,1589.603,1615.193,,2024-01-27T06:00:00.000-0500,6,1,2024,2024-01-27,2723.7693,-53.475386,0.0
2024-01-27T07:00:00.000-0500,1662.716,1701.04,,2024-01-27T07:00:00.000-0500,6,1,2024,2024-01-27,2637.9223,-51.758446000000006,0.0
2024-01-27T08:00:00.000-0500,1744.525,1807.513,,2024-01-27T08:00:00.000-0500,6,1,2024,2024-01-27,2531.4493,-49.628986000000005,0.0
2024-01-27T09:00:00.000-0500,1807.923,1915.682,,2024-01-27T09:00:00.000-0500,6,1,2024,2024-01-27,2423.2803000000004,-47.46560600000001,0.0
2024-01-27T10:00:00.000-0500,1837.338,1987.596,,2024-01-27T10:00:00.000-0500,6,1,2024,2024-01-27,2351.3663,-46.027326,0.0
2024-01-27T11:00:00.000-0500,1858.773,1953.355,,2024-01-27T11:00:00.000-0500,6,1,2024,2024-01-27,2385.6073,-46.712146000000004,0.0
2024-01-27T12:00:00.000-0500,1872.544,1960.164,,2024-01-27T12:00:00.000-0500,6,1,2024,2024-01-27,2378.7983000000004,-46.57596600000001,0.0
2024-01-27T13:00:00.000-0500,1861.318,1900.452,,2024-01-27T13:00:00.000-0500,6,1,2024,2024-01-27,2438.5103,-47.770206,0.0
2024-01-27T14:00:00.000-0500,1856.269,1932.219,,2024-01-27T14:00:00.000-0500,6,1,2024,2024-01-27,2406.7433,-47.134866,0.0
2024-01-27T15:00:00.000-0500,1850.454,1944.296,,2024-01-27T15:00:00.000-0500,6,1,2024,2024-01-27,2394.6663,-46.893326,0.0
2024-01-27T16:00:00.000-0500,1900.535,1963.57,,2024-01-27T16:00:00.000-0500,6,1,2024,2024-01-27,2375.3923000000004,-46.50784600000001,0.0
2024-01-27T17:00:00.000-0500,1990.728,2072.832,,2024-01-27T17:00:00.000-0500,6,1,2024,2024-01-27,2266.1303000000003,-44.32260600000001,0.0
2024-01-27T18:00:00.000-0500,2059.771,2136.269,,2024-01-27T18:00:00.000-0500,6,1,2024,2024-01-27,2202.6933000000004,-43.053866000000006,0.0
2024-01-27T19:00:00.000-0500,2027.894,2094.737,,2024-01-27T19:00:00.000-0500,6,1,2024,2024-01-27,2244.2253,-43.884506,0.0
2024-01-27T20:00:00.000-0500,1971.191,2020.456,,2024-01-27T20:00:00.000-0500,6,1,2024,2024-01-27,2318.5063,-45.370126,0.0
2024-01-27T21:00:00.000-0500,1909.921,1942.813,,2024-01-27T21:00:00.000-0500,6,1,2024,2024-01-27,2396.1493,-46.922986,0.0
2024-01-27T22:00:00.000-0500,1834.481,1860.677,,2024-01-27T22:00:00.000-0500,6,1,2024,2024-01-27,2478.2853000000005,-48.56570600000001,0.0
2024-01-27T23:00:00.000-0500,1736.805,1752.075,,2024-01-27T23:00:00.000-0500,6,1,2024,2024-01-27,2586.8873000000003,-50.73774600000001,0.0
2024-01-28T00:00:00.000-0500,1649.559,1668.88,,2024-01-28T00:00:00.000-0500,7,1,2024,2024-01-28,2670.0823,-52.401646,0.0
2024-01-22T01:00:00.000-0500,1918.45,1902.074,4338.9623,2024-01-22T01:00:00.000-0500,1,1,2024,2024-01-22,2436.8883,-47.737766,0.0
2024-01-22T02:00:00.000-0500,1873.764,1868.203,,2024-01-22T02:00:00.000-0500,1,1,2024,2024-01-22,2470.7593,-48.415186000000006,0.0
2024-01-22T03:00:00.000-0500,1867.329,1847.06,,2024-01-22T03:00:00.000-0500,1,1,2024,2024-01-22,2491.9023,-48.838046000000006,0.0
2024-01-22T04:00:00.000-0500,1878.769,1852.695,,2024-01-22T04:00:00.000-0500,1,1,2024,2024-01-22,2486.2673000000004,-48.72534600000001,0.0
2024-01-22T05:00:00.000-0500,1923.427,1920.981,,2024-01-22T05:00:00.000-0500,1,1,2024,2024-01-22,2417.9813000000004,-47.359626000000006,0.0
2024-01-22T06:00:00.000-0500,2065.54,2098.247,,2024-01-22T06:00:00.000-0500,1,1,2024,2024-01-22,2240.7153000000003,-43.81430600000001,0.0
2024-01-22T07:00:00.000-0500,2280.188,2311.094,,2024-01-22T07:00:00.000-0500,1,1,2024,2024-01-22,2027.8683,-39.557366,0.0
2024-01-22T08:00:00.000-0500,2413.453,2433.876,,2024-01-22T08:00:00.000-0500,1,1,2024,2024-01-22,1905.0863,-37.101726,0.0
2024-01-22T09:00:00.000-0500,2410.758,2407.035,,2024-01-22T09:00:00.000-0500,1,1,2024,2024-01-22,1931.9273000000003,-37.638546000000005,0.0
2024-01-22T10:00:00.000-0500,2370.106,2334.218,,2024-01-22T10:00:00.000-0500,1,1,2024,2024-01-22,2004.7443000000003,-39.09488600000001,0.0
2024-01-22T11:00:00.000-0500,2292.398,2257.924,,2024-01-22T11:00:00.000-0500,1,1,2024,2024-01-22,2081.0383,-40.620766,0.0
2024-01-22T12:00:00.000-0500,2221.436,2190.333,,2024-01-22T12:00:00.000-0500,1,1,2024,2024-01-22,2148.6293,-41.972586,0.0
2024-01-22T13:00:00.000-0500,2160.498,2124.973,,2024-01-22T13:00:00.000-0500,1,1,2024,2024-01-22,2213.9893,-43.279786,0.0
2024-01-22T14:00:00.000-0500,2133.387,2130.748,,2024-01-22T14:00:00.000-0500,1,1,2024,2024-01-22,2208.2143,-43.164286000000004,0.0
2024-01-22T15:00:00.000-0500,2180.924,2187.582,,2024-01-22T15:00:00.000-0500,1,1,2024,2024-01-22,2151.3803000000003,-42.027606000000006,0.0
2024-01-22T16:00:00.000-0500,2260.093,2277.182,,2024-01-22T16:00:00.000-0500,1,1,2024,2024-01-22,2061.7803000000004,-40.23560600000001,0.0
2024-01-22T17:00:00.000-0500,2346.229,2411.06,,2024-01-22T17:00:00.000-0500,1,1,2024,2024-01-22,1927.9023000000002,-37.558046000000004,0.0
2024-01-22T18:00:00.000-0500,2452.003,2505.429,,2024-01-22T18:00:00.000-0500,1,1,2024,2024-01-22,1833.5333,-35.670666000000004,0.0
2024-01-22T19:00:00.000-0500,2417.402,2452.389,,2024-01-22T19:00:00.000-0500,1,1,2024,2024-01-22,1886.5733,-36.731466000000005,0.0
2024-01-22T20:00:00.000-0500,2331.971,2380.945,,2024-01-22T20:00:00.000-0500,1,1,2024,2024-01-22,1958.0173,-38.160346,0.0
2024-01-22T21:00:00.000-0500,2247.428,2244.451,,2024-01-22T21:00:00.000-0500,1,1,2024,2024-01-22,2094.5113,-40.890226000000006,0.0
2024-01-22T22:00:00.000-0500,2120.122,2144.243,,2024-01-22T22:00:00.000-0500,1,1,2024,2024-01-22,2194.7193,-42.894386000000004,0.0
2024-01-22T23:00:00.000-0500,1959.194,1981.088,,2024-01-22T23:00:00.000-0500,1,1,2024,2024-01-22,2357.8743000000004,-46.157486000000006,0.0
2024-01-23T00:00:00.000-0500,1834.054,1868.28,,2024-01-23T00:00:00.000-0500,2,1,2024,2024-01-23,2470.6823000000004,-48.41364600000001,0.0
2024-01-23T01:00:00.000-0500,1757.659,1783.007,4338.9623,2024-01-23T01:00:00.000-0500,2,1,2024,2024-01-23,2555.9553,-50.119106,0.0
2024-01-23T02:00:00.000-0500,1697.702,1735.438,,2024-01-23T02:00:00.000-0500,2,1,2024,2024-01-23,2603.5243,-51.070486,0.0
2024-01-23T03:00:00.000-0500,1675.188,1731.048,,2024-01-23T03:00:00.000-0500,2,1,2024,2024-01-23,2607.9143000000004,-51.15828600000001,0.0
2024-01-23T04:00:00.000-0500,1675.15,1729.165,,2024-01-23T04:00:00.000-0500,2,1,2024,2024-01-23,2609.7973,-51.195946000000006,0.0
2024-01-23T05:00:00.000-0500,1725.44,1739.056,,2024-01-23T05:00:00.000-0500,2,1,2024,2024-01-23,2599.9063,-50.998126000000006,0.0
2024-01-23T06:00:00.000-0500,1846.496,1868.864,,2024-01-23T06:00:00.000-0500,2,1,2024,2024-01-23,2470.0983,-48.401966,0.0
2024-01-23T07:00:00.000-0500,2044.48,2132.818,,2024-01-23T07:00:00.000-0500,2,1,2024,2024-01-23,2206.1443,-43.122886,0.0
2024-01-23T08:00:00.000-0500,2164.024,2282.644,,2024-01-23T08:00:00.000-0500,2,1,2024,2024-01-23,2056.3183000000004,-40.12636600000001,0.0
2024-01-23T09:00:00.000-0500,2186.961,2231.111,,2024-01-23T09:00:00.000-0500,2,1,2024,2024-01-23,2107.8513000000003,-41.15702600000001,0.0
2024-01-23T10:00:00.000-0500,2181.932,2192.854,,2024-01-23T10:00:00.000-0500,2,1,2024,2024-01-23,2146.1083000000003,-41.922166000000004,0.0
2024-01-23T11:00:00.000-0500,2193.816,2169.962,,2024-01-23T11:00:00.000-0500,2,1,2024,2024-01-23,2169.0003,-42.380006,0.0
2024-01-23T12:00:00.000-0500,2185.273,2167.917,,2024-01-23T12:00:00.000-0500,2,1,2024,2024-01-23,2171.0453,-42.420906,0.0
2024-01-23T13:00:00.000-0500,2165.327,2193.972,,2024-01-23T13:00:00.000-0500,2,1,2024,2024-01-23,2144.9903,-41.899806,0.0
2024-01-23T14:00:00.000-0500,2167.036,2261.189,,2024-01-23T14:00:00.000-0500,2,1,2024,2024-01-23,2077.7733000000003,-40.55546600000001,0.0
2024-01-23T15:00:00.000-0500,2146.515,2256.347,,2024-01-23T15:00:00.000-0500,2,1,2024,2024-01-23,2082.6153,-40.652306,0.0
2024-01-23T16:00:00.000-0500,2172.945,2279.715,,2024-01-23T16:00:00.000-0500,2,1,2024,2024-01-23,2059.2473,-40.184946000000004,0.0
2024-01-23T17:00:00.000-0500,2254.421,2358.357,,2024-01-23T17:00:00.000-0500,2,1,2024,2024-01-23,1980.6053000000002,-38.612106000000004,0.0
2024-01-23T18:00:00.000-0500,2354.256,2452.115,,2024-01-23T18:00:00.000-0500,2,1,2024,2024-01-23,1886.8473000000004,-36.73694600000001,0.0
2024-01-23T19:00:00.000-0500,2332.211,2407.711,,2024-01-23T19:00:00.000-0500,2,1,2024,2024-01-23,1931.2513000000004,-37.625026000000005,0.0
2024-01-23T20:00:00.000-0500,2262.107,2308.638,,2024-01-23T20:00:00.000-0500,2,1,2024,2024-01-23,2030.3243000000002,-39.606486000000004,0.0
2024-01-23T21:00:00.000-0500,2168.561,2197.768,,2024-01-23T21:00:00.000-0500,2,1,2024,2024-01-23,2141.1943,-41.823886,0.0
2024-01-23T22:00:00.000-0500,2058.775,2088.449,,2024-01-23T22:00:00.000-0500,2,1,2024,2024-01-23,2250.5133,-44.010266,0.0
2024-01-23T23:00:00.000-0500,1916.402,1934.793,,2024-01-23T23:00:00.000-0500,2,1,2024,2024-01-23,2404.1693000000005,-47.08338600000001,0.0
2024-01-24T00:00:00.000-0500,1783.978,1804.987,,2024-01-24T00:00:00.000-0500,3,1,2024,2024-01-24,2533.9753,-49.679506,0.0
2024-01-24T01:00:00.000-0500,1720.858,1735.637,4338.9623,2024-01-24T01:00:00.000-0500,3,1,2024,2024-01-24,2603.3253000000004,-51.06650600000001,0.0
2024-01-24T02:00:00.000-0500,1666.484,1684.332,,2024-01-24T02:00:00.000-0500,3,1,2024,2024-01-24,2654.6303,-52.092605999999996,0.0
2024-01-24T03:00:00.000-0500,1645.966,1668.56,,2024-01-24T03:00:00.000-0500,3,1,2024,2024-01-24,2670.4023,-52.408046000000006,0.0
2024-01-24T04:00:00.000-0500,1646.251,1676.564,,2024-01-24T04:00:00.000-0500,3,1,2024,2024-01-24,2662.3983,-52.247966,0.0
2024-01-24T05:00:00.000-0500,1693.533,1721.362,,2024-01-24T05:00:00.000-0500,3,1,2024,2024-01-24,2617.6003,-51.352006,0.0
2024-01-24T06:00:00.000-0500,1808.871,1844.365,,2024-01-24T06:00:00.000-0500,3,1,2024,2024-01-24,2494.5973000000004,-48.89194600000001,0.0
2024-01-24T07:00:00.000-0500,1984.803,2040.722,,2024-01-24T07:00:00.000-0500,3,1,2024,2024-01-24,2298.2403000000004,-44.96480600000001,0.0
2024-01-24T08:00:00.000-0500,2125.686,2217.481,,2024-01-24T08:00:00.000-0500,3,1,2024,2024-01-24,2121.4813,-41.429626,0.0
2024-01-24T09:00:00.000-0500,2194.852,2296.408,,2024-01-24T09:00:00.000-0500,3,1,2024,2024-01-24,2042.5543000000002,-39.851086,0.0
2024-01-24T10:00:00.000-0500,2227.572,2300.582,,2024-01-24T10:00:00.000-0500,3,1,2024,2024-01-24,2038.3803000000003,-39.76760600000001,0.0
2024-01-24T11:00:00.000-0500,2246.203,2319.869,,2024-01-24T11:00:00.000-0500,3,1,2024,2024-01-24,2019.0933,-39.381866,0.0
2024-01-24T12:00:00.000-0500,2256.508,2295.062,,2024-01-24T12:00:00.000-0500,3,1,2024,2024-01-24,2043.9003000000002,-39.878006000000006,0.0
2024-01-24T13:00:00.000-0500,2257.125,2313.968,,2024-01-24T13:00:00.000-0500,3,1,2024,2024-01-24,2024.9943000000003,-39.499886000000004,0.0
2024-01-24T14:00:00.000-0500,2243.651,2307.281,,2024-01-24T14:00:00.000-0500,3,1,2024,2024-01-24,2031.6813000000002,-39.63362600000001,0.0
2024-01-24T15:00:00.000-0500,2230.807,2275.165,,2024-01-24T15:00:00.000-0500,3,1,2024,2024-01-24,2063.7973,-40.275946000000005,0.0
2024-01-24T16:00:00.000-0500,2228.848,2272.154,,2024-01-24T16:00:00.000-0500,3,1,2024,2024-01-24,2066.8083,-40.336166000000006,0.0
2024-01-24T17:00:00.000-0500,2294.166,2317.952,,2024-01-24T17:00:00.000-0500,3,1,2024,2024-01-24,2021.0103,-39.420206,0.0
2024-01-24T18:00:00.000-0500,2357.196,2403.072,,2024-01-24T18:00:00.000-0500,3,1,2024,2024-01-24,1935.8903,-37.717806,0.0
2024-01-24T19:00:00.000-0500,2316.862,2343.332,,2024-01-24T19:00:00.000-0500,3,1,2024,2024-01-24,1995.6303000000003,-38.912606000000004,0.0
2024-01-24T20:00:00.000-0500,2236.902,2264.332,,2024-01-24T20:00:00.000-0500,3,1,2024,2024-01-24,2074.6303000000003,-40.49260600000001,0.0
2024-01-24T21:00:00.000-0500,2167.582,2145.71,,2024-01-24T21:00:00.000-0500,3,1,2024,2024-01-24,2193.2523,-42.865046,0.0
2024-01-24T22:00:00.000-0500,2041.144,2032.562,,2024-01-24T22:00:00.000-0500,3,1,2024,2024-01-24,2306.4003000000002,-45.128006000000006,0.0
2024-01-24T23:00:00.000-0500,1895.785,1859.18,,2024-01-24T23:00:00.000-0500,3,1,2024,2024-01-24,2479.7823,-48.595645999999995,0.0
2024-01-25T00:00:00.000-0500,1778.46,1745.169,,2024-01-25T00:00:00.000-0500,4,1,2024,2024-01-25,2593.7933000000003,-50.87586600000001,0.0
2024-01-25T01:00:00.000-0500,1685.23,1677.447,4338.9623,2024-01-25T01:00:00.000-0500,4,1,2024,2024-01-25,2661.5153,-52.230306,0.0
2024-01-25T02:00:00.000-0500,1626.138,1615.717,,2024-01-25T02:00:00.000-0500,4,1,2024,2024-01-25,2723.2453,-53.464906,0.0
2024-01-25T03:00:00.000-0500,1590.375,1562.228,,2024-01-25T03:00:00.000-0500,4,1,2024,2024-01-25,2776.7343,-54.534686,0.0
2024-01-25T04:00:00.000-0500,1584.996,1581.115,,2024-01-25T04:00:00.000-0500,4,1,2024,2024-01-25,2757.8473000000004,-54.156946000000005,0.0
2024-01-25T05:00:00.000-0500,1606.099,1606.554,,2024-01-25T05:00:00.000-0500,4,1,2024,2024-01-25,2732.4083,-53.648166,0.0
2024-01-25T06:00:00.000-0500,1732.393,1733.463,,2024-01-25T06:00:00.000-0500,4,1,2024,2024-01-25,2605.4993000000004,-51.109986000000006,0.0
2024-01-25T07:00:00.000-0500,1914.301,1932.952,,2024-01-25T07:00:00.000-0500,4,1,2024,2024-01-25,2406.0103,-47.120205999999996,0.0
2024-01-25T08:00:00.000-0500,2032.342,2052.267,,2024-01-25T08:00:00.000-0500,4,1,2024,2024-01-25,2286.6953000000003,-44.733906000000005,0.0
2024-01-25T09:00:00.000-0500,2053.908,2074.626,,2024-01-25T09:00:00.000-0500,4,1,2024,2024-01-25,2264.3363,-44.286726,0.0
2024-01-25T10:00:00.000-0500,2044.184,2067.926,,2024-01-25T10:00:00.000-0500,4,1,2024,2024-01-25,2271.0363,-44.420726,0.0
2024-01-25T11:00:00.000-0500,2020.374,2064.612,,2024-01-25T11:00:00.000-0500,4,1,2024,2024-01-25,2274.3503,-44.487006,0.0
2024-01-25T12:00:00.000-0500,1948.903,2039.35,,2024-01-25T12:00:00.000-0500,4,1,2024,2024-01-25,2299.6123000000002,-44.99224600000001,0.0
2024-01-25T13:00:00.000-0500,1883.053,1990.986,,2024-01-25T13:00:00.000-0500,4,1,2024,2024-01-25,2347.9763000000003,-45.959526000000004,0.0
2024-01-25T14:00:00.000-0500,1901.391,1884.516,,2024-01-25T14:00:00.000-0500,4,1,2024,2024-01-25,2454.4463,-48.088926,0.0
2024-01-25T15:00:00.000-0500,1916.708,1939.124,,2024-01-25T15:00:00.000-0500,4,1,2024,2024-01-25,2399.8383000000003,-46.99676600000001,0.0
2024-01-25T16:00:00.000-0500,1970.603,2011.637,,2024-01-25T16:00:00.000-0500,4,1,2024,2024-01-25,2327.3253000000004,-45.54650600000001,0.0
2024-01-25T17:00:00.000-0500,2072.187,2150.84,,2024-01-25T17:00:00.000-0500,4,1,2024,2024-01-25,2188.1223,-42.762446000000004,0.0
2024-01-25T18:00:00.000-0500,2176.112,2254.984,,2024-01-25T18:00:00.000-0500,4,1,2024,2024-01-25,2083.9783,-40.67956600000001,0.0
2024-01-25T19:00:00.000-0500,2159.148,2206.648,,2024-01-25T19:00:00.000-0500,4,1,2024,2024-01-25,2132.3143,-41.646286,0.0
2024-01-25T20:00:00.000-0500,2093.085,2128.312,,2024-01-25T20:00:00.000-0500,4,1,2024,2024-01-25,2210.6503000000002,-43.21300600000001,0.0
2024-01-25T21:00:00.000-0500,2013.412,2033.494,,2024-01-25T21:00:00.000-0500,4,1,2024,2024-01-25,2305.4683000000005,-45.10936600000001,0.0
2024-01-25T22:00:00.000-0500,1907.79,1941.71,,2024-01-25T22:00:00.000-0500,4,1,2024,2024-01-25,2397.2523,-46.945046000000005,0.0
2024-01-25T23:00:00.000-0500,1777.049,1789.231,,2024-01-25T23:00:00.000-0500,4,1,2024,2024-01-25,2549.7313000000004,-49.99462600000001,0.0
2024-01-26T00:00:00.000-0500,1663.059,1688.819,,2024-01-26T00:00:00.000-0500,5,1,2024,2024-01-26,2650.1433,-52.002866000000004,0.0
2024-01-26T01:00:00.000-0500,1591.967,1603.506,4338.9623,2024-01-26T01:00:00.000-0500,5,1,2024,2024-01-26,2735.4563,-53.709126,0.0
2024-01-26T02:00:00.000-0500,1534.517,1560.343,,2024-01-26T02:00:00.000-0500,5,1,2024,2024-01-26,2778.6193000000003,-54.57238600000001,0.0
2024-01-26T03:00:00.000-0500,1513.763,1530.355,,2024-01-26T03:00:00.000-0500,5,1,2024,2024-01-26,2808.6073,-55.172146000000005,0.0
2024-01-26T04:00:00.000-0500,1517.32,1545.64,,2024-01-26T04:00:00.000-0500,5,1,2024,2024-01-26,2793.3223,-54.866445999999996,0.0
2024-01-26T05:00:00.000-0500,1569.704,1583.591,,2024-01-26T05:00:00.000-0500,5,1,2024,2024-01-26,2755.3713000000002,-54.107426000000004,0.0
2024-01-26T06:00:00.000-0500,1683.333,1725.224,,2024-01-26T06:00:00.000-0500,5,1,2024,2024-01-26,2613.7383,-51.274766,0.0
2024-01-26T07:00:00.000-0500,1883.131,1916.281,,2024-01-26T07:00:00.000-0500,5,1,2024,2024-01-26,2422.6813,-47.45362600000001,0.0
2024-01-26T08:00:00.000-0500,2014.844,2065.425,,2024-01-26T08:00:00.000-0500,5,1,2024,2024-01-26,2273.5373,-44.470746,0.0
2024-01-26T09:00:00.000-0500,2065.352,2158.109,,2024-01-26T09:00:00.000-0500,5,1,2024,2024-01-26,2180.8533,-42.61706600000001,0.0
2024-01-26T10:00:00.000-0500,2093.003,2191.268,,2024-01-26T10:00:00.000-0500,5,1,2024,2024-01-26,2147.6943,-41.953886000000004,0.0
2024-01-26T11:00:00.000-0500,2100.415,2221.663,,2024-01-26T11:00:00.000-0500,5,1,2024,2024-01-26,2117.2993,-41.345986,0.0
2024-01-26T12:00:00.000-0500,2097.55,2232.298,,2024-01-26T12:00:00.000-0500,5,1,2024,2024-01-26,2106.6643000000004,-41.133286000000005,0.0
2024-01-26T13:00:00.000-0500,2095.859,2253.3,,2024-01-26T13:00:00.000-0500,5,1,2024,2024-01-26,2085.6623,-40.713246,0.0
2024-01-26T14:00:00.000-0500,2102.57,2224.877,,2024-01-26T14:00:00.000-0500,5,1,2024,2024-01-26,2114.0853,-41.28170600000001,0.0
2024-01-26T15:00:00.000-0500,2089.777,2189.937,,2024-01-26T15:00:00.000-0500,5,1,2024,2024-01-26,2149.0253000000002,-41.980506000000005,0.0
2024-01-26T16:00:00.000-0500,2095.801,2188.799,,2024-01-26T16:00:00.000-0500,5,1,2024,2024-01-26,2150.1633,-42.003266,0.0
2024-01-26T17:00:00.000-0500,2151.496,2221.831,,2024-01-26T17:00:00.000-0500,5,1,2024,2024-01-26,2117.1313,-41.342626,0.0
2024-01-26T18:00:00.000-0500,2207.421,2267.826,,2024-01-26T18:00:00.000-0500,5,1,2024,2024-01-26,2071.1363,-40.422726000000004,0.0
2024-01-26T19:00:00.000-0500,2163.213,2216.939,,2024-01-26T19:00:00.000-0500,5,1,2024,2024-01-26,2122.0233000000003,-41.44046600000001,0.0
2024-01-26T20:00:00.000-0500,2087.317,2133.366,,2024-01-26T20:00:00.000-0500,5,1,2024,2024-01-26,2205.5963,-43.111926000000004,0.0
2024-01-26T21:00:00.000-0500,2023.636,2032.624,,2024-01-26T21:00:00.000-0500,5,1,2024,2024-01-26,2306.3383000000003,-45.12676600000001,0.0
2024-01-26T22:00:00.000-0500,1929.99,1938.407,,2024-01-26T22:00:00.000-0500,5,1,2024,2024-01-26,2400.5553,-47.011106,0.0
2024-01-26T23:00:00.000-0500,1815.793,1808.643,,2024-01-26T23:00:00.000-0500,5,1,2024,2024-01-26,2530.3193,-49.606386,0.0
2024-01-27T00:00:00.000-0500,1712.442,1714.702,,2024-01-27T00:00:00.000-0500,6,1,2024,2024-01-27,2624.2603,-51.485206,0.0
2024-01-27T01:00:00.000-0500,1626.892,1624.481,4338.9623,2024-01-27T01:00:00.000-0500,6,1,2024,2024-01-27,2714.4813000000004,-53.289626000000005,0.0
2024-01-27T02:00:00.000-0500,1578.524,1562.577,,2024-01-27T02:00:00.000-0500,6,1,2024,2024-01-27,2776.3853,-54.527706,0.0
2024-01-27T03:00:00.000-0500,1541.054,1540.801,,2024-01-27T03:00:00.000-0500,6,1,2024,2024-01-27,2798.1613,-54.963226000000006,0.0
2024-01-27T04:00:00.000-0500,1526.195,1540.823,,2024-01-27T04:00:00.000-0500,6,1,2024,2024-01-27,2798.1393,-54.962785999999994,0.0
2024-01-27T05:00:00.000-0500,1542.729,1554.735,,2024-01-27T05:00:00.000-0500,6,1,2024,2024-01-27,2784.2273000000005,-54.68454600000001,0.0
2024-01-27T06:00:00.000-0500,1589.603,1615.193,,2024-01-27T06:00:00.000-0500,6,1,2024,2024-01-27,2723.7693,-53.475386,0.0
2024-01-27T07:00:00.000-0500,1662.716,1701.04,,2024-01-27T07:00:00.000-0500,6,1,2024,2024-01-27,2637.9223,-51.758446000000006,0.0
2024-01-27T08:00:00.000-0500,1744.525,1807.513,,2024-01-27T08:00:00.000-0500,6,1,2024,2024-01-27,2531.4493,-49.628986000000005,0.0
2024-01-27T09:00:00.000-0500,1807.923,1915.682,,2024-01-27T09:00:00.000-0500,6,1,2024,2024-01-27,2423.2803000000004,-47.46560600000001,0.0
2024-01-27T10:00:00.000-0500,1837.338,1987.596,,2024-01-27T10:00:00.000-0500,6,1,2024,2024-01-27,2351.3663,-46.027326,0.0
2024-01-27T11:00:00.000-0500,1858.773,1953.355,,2024-01-27T11:00:00.000-0500,6,1,2024,2024-01-27,2385.6073,-46.712146000000004,0.0
2024-01-27T12:00:00.000-0500,1872.544,1960.164,,2024-01-27T12:00:00.000-0500,6,1,2024,2024-01-27,2378.7983000000004,-46.57596600000001,0.0
2024-01-27T13:00:00.000-0500,1861.318,1900.452,,2024-01-27T13:00:00.000-0500,6,1,2024,2024-01-27,2438.5103,-47.770206,0.0
2024-01-27T14:00:00.000-0500,1856.269,1932.219,,2024-01-27T14:00:00.000-0500,6,1,2024,2024-01-27,2406.7433,-47.134866,0.0
2024-01-27T15:00:00.000-0500,1850.454,1944.296,,2024-01-27T15:00:00.000-0500,6,1,2024,2024-01-27,2394.6663,-46.893326,0.0
2024-01-27T16:00:00.000-0500,1900.535,1963.57,,2024-01-27T16:00:00.000-0500,6,1,2024,2024-01-27,2375.3923000000004,-46.50784600000001,0.0
2024-01-27T17:00:00.000-0500,1990.728,2072.832,,2024-01-27T17:00:00.000-0500,6,1,2024,2024-01-27,2266.1303000000003,-44.32260600000001,0.0
2024-01-27T18:00:00.000-0500,2059.771,2136.269,,2024-01-27T18:00:00.000-0500,6,1,2024,2024-01-27,2202.6933000000004,-43.053866000000006,0.0
2024-01-27T19:00:00.000-0500,2027.894,2094.737,,2024-01-27T19:00:00.000-0500,6,1,2024,2024-01-27,2244.2253,-43.884506,0.0
2024-01-27T20:00:00.000-0500,1971.191,2020.456,,2024-01-27T20:00:00.000-0500,6,1,2024,2024-01-27,2318.5063,-45.370126,0.0
2024-01-27T21:00:00.000-0500,1909.921,1942.813,,2024-01-27T21:00:00.000-0500,6,1,2024,2024-01-27,2396.1493,-46.922986,0.0
2024-01-27T22:00:00.000-0500,1834.481,1860.677,,2024-01-27T22:00:00.000-0500,6,1,2024,2024-01-27,2478.2853000000005,-48.56570600000001,0.0
2024-01-27T23:00:00.000-0500,1736.805,1752.075,,2024-01-27T23:00:00.000-0500,6,1,2024,2024-01-27,2586.8873000000003,-50.73774600000001,0.0
2024-01-28T00:00:00.000-0500,1649.559,1668.88,,2024-01-28T00:00:00.000-0500,7,1,2024,2024-01-28,2670.0823,-52.401646,0.0
2024-01-28T01:00:00.000-0500,1574.115,1593.949,4338.9623,2024-01-28T01:00:00.000-0500,7,1,2024,2024-01-28,2745.0133,-53.900266,0.0
2024-01-28T02:00:00.000-0500,1525.117,1537.248,,2024-01-28T02:00:00.000-0500,7,1,2024,2024-01-28,2801.7143,-55.034286,0.0
2024-01-28T03:00:00.000-0500,1495.206,1506.805,,2024-01-28T03:00:00.000-0500,7,1,2024,2024-01-28,2832.1573,-55.643146,0.0
2024-01-28T04:00:00.000-0500,1483.203,1496.452,,2024-01-28T04:00:00.000-0500,7,1,2024,2024-01-28,2842.5103,-55.850206,0.0
2024-01-28T05:00:00.000-0500,1491.233,1503.976,,2024-01-28T05:00:00.000-0500,7,1,2024,2024-01-28,2834.9863,-55.699726,0.0
2024-01-28T06:00:00.000-0500,1525.302,1578.923,,2024-01-28T06:00:00.000-0500,7,1,2024,2024-01-28,2760.0393000000004,-54.20078600000001,0.0
2024-01-28T07:00:00.000-0500,1583.776,1636.336,,2024-01-28T07:00:00.000-0500,7,1,2024,2024-01-28,2702.6263,-53.052526,0.0
2024-01-28T08:00:00.000-0500,1656.349,1720.269,,2024-01-28T08:00:00.000-0500,7,1,2024,2024-01-28,2618.6933,-51.373866,0.0
2024-01-28T09:00:00.000-0500,1759.027,1878.857,,2024-01-28T09:00:00.000-0500,7,1,2024,2024-01-28,2460.1053,-48.20210600000001,0.0
2024-01-28T10:00:00.000-0500,1874.212,1980.299,,2024-01-28T10:00:00.000-0500,7,1,2024,2024-01-28,2358.6633,-46.173266000000005,0.0
2024-01-28T11:00:00.000-0500,1971.44,2116.993,,2024-01-28T11:00:00.000-0500,7,1,2024,2024-01-28,2221.9693,-43.439386000000006,0.0
2024-01-28T12:00:00.000-0500,2025.707,2113.056,,2024-01-28T12:00:00.000-0500,7,1,2024,2024-01-28,2225.9063,-43.518126,0.0
2024-01-28T13:00:00.000-0500,2057.513,2190.729,,2024-01-28T13:00:00.000-0500,7,1,2024,2024-01-28,2148.2333000000003,-41.96466600000001,0.0
2024-01-28T14:00:00.000-0500,2068.512,2178.718,,2024-01-28T14:00:00.000-0500,7,1,2024,2024-01-28,2160.2443000000003,-42.20488600000001,0.0
2024-01-28T15:00:00.000-0500,2076.068,2181.793,,2024-01-28T15:00:00.000-0500,7,1,2024,2024-01-28,2157.1693,-42.143386,0.0
2024-01-28T16:00:00.000-0500,2091.556,2150.908,,2024-01-28T16:00:00.000-0500,7,1,2024,2024-01-28,2188.0543000000002,-42.761086000000006,0.0
2024-01-28T17:00:00.000-0500,2150.668,2212.963,,2024-01-28T17:00:00.000-0500,7,1,2024,2024-01-28,2125.9993,-41.519986,0.0
2024-01-28T18:00:00.000-0500,2222.467,2279.134,,2024-01-28T18:00:00.000-0500,7,1,2024,2024-01-28,2059.8283,-40.196566000000004,0.0
2024-01-28T19:00:00.000-0500,2195.602,2230.668,,2024-01-28T19:00:00.000-0500,7,1,2024,2024-01-28,2108.2943,-41.165886,0.0
2024-01-28T20:00:00.000-0500,2120.656,2130.091,,2024-01-28T20:00:00.000-0500,7,1,2024,2024-01-28,2208.8713000000002,-43.177426000000004,0.0
2024-01-28T21:00:00.000-0500,2043.85,2060.888,,2024-01-28T21:00:00.000-0500,7,1,2024,2024-01-28,2278.0743,-44.561486,0.0
2024-01-28T22:00:00.000-0500,1930.575,1929.966,,2024-01-28T22:00:00.000-0500,7,1,2024,2024-01-28,2408.9963000000002,-47.17992600000001,0.0
2024-01-28T23:00:00.000-0500,1805.196,1795.176,,2024-01-28T23:00:00.000-0500,7,1,2024,2024-01-28,2543.7863,-49.87572600000001,0.0
2024-01-29T00:00:00.000-0500,1694.454,1683.361,,2024-01-29T00:00:00.000-0500,1,1,2024,2024-01-29,2655.6013000000003,-52.11202600000001,0.0
2024-01-23T01:00:00.000-0500,1757.659,1783.007,4338.9623,2024-01-23T01:00:00.000-0500,2,1,2024,2024-01-23,2555.9553,-50.119106,0.0
2024-01-23T02:00:00.000-0500,1697.702,1735.438,,2024-01-23T02:00:00.000-0500,2,1,2024,2024-01-23,2603.5243,-51.070486,0.0
2024-01-23T03:00:00.000-0500,1675.188,1731.048,,2024-01-23T03:00:00.000-0500,2,1,2024,2024-01-23,2607.9143000000004,-51.15828600000001,0.0
2024-01-23T04:00:00.000-0500,1675.15,1729.165,,2024-01-23T04:00:00.000-0500,2,1,2024,2024-01-23,2609.7973,-51.195946000000006,0.0
2024-01-23T05:00:00.000-0500,1725.44,1739.056,,2024-01-23T05:00:00.000-0500,2,1,2024,2024-01-23,2599.9063,-50.998126000000006,0.0
2024-01-23T06:00:00.000-0500,1846.496,1868.864,,2024-01-23T06:00:00.000-0500,2,1,2024,2024-01-23,2470.0983,-48.401966,0.0
2024-01-23T07:00:00.000-0500,2044.48,2132.818,,2024-01-23T07:00:00.000-0500,2,1,2024,2024-01-23,2206.1443,-43.122886,0.0
2024-01-23T08:00:00.000-0500,2164.024,2282.644,,2024-01-23T08:00:00.000-0500,2,1,2024,2024-01-23,2056.3183000000004,-40.12636600000001,0.0
2024-01-23T09:00:00.000-0500,2186.961,2231.111,,2024-01-23T09:00:00.000-0500,2,1,2024,2024-01-23,2107.8513000000003,-41.15702600000001,0.0
2024-01-23T10:00:00.000-0500,2181.932,2192.854,,2024-01-23T10:00:00.000-0500,2,1,2024,2024-01-23,2146.1083000000003,-41.922166000000004,0.0
2024-01-23T11:00:00.000-0500,2193.816,2169.962,,2024-01-23T11:00:00.000-0500,2,1,2024,2024-01-23,2169.0003,-42.380006,0.0
2024-01-23T12:00:00.000-0500,2185.273,2167.917,,2024-01-23T12:00:00.000-0500,2,1,2024,2024-01-23,2171.0453,-42.420906,0.0
2024-01-23T13:00:00.000-0500,2165.327,2193.972,,2024-01-23T13:00:00.000-0500,2,1,2024,2024-01-23,2144.9903,-41.899806,0.0
2024-01-23T14:00:00.000-0500,2167.036,2261.189,,2024-01-23T14:00:00.000-0500,2,1,2024,2024-01-23,2077.7733000000003,-40.55546600000001,0.0
2024-01-23T15:00:00.000-0500,2146.515,2256.347,,2024-01-23T15:00:00.000-0500,2,1,2024,2024-01-23,2082.6153,-40.652306,0.0
2024-01-23T16:00:00.000-0500,2172.945,2279.715,,2024-01-23T16:00:00.000-0500,2,1,2024,2024-01-23,2059.2473,-40.184946000000004,0.0
2024-01-23T17:00:00.000-0500,2254.421,2358.357,,2024-01-23T17:00:00.000-0500,2,1,2024,2024-01-23,1980.6053000000002,-38.612106000000004,0.0
2024-01-23T18:00:00.000-0500,2354.256,2452.115,,2024-01-23T18:00:00.000-0500,2,1,2024,2024-01-23,1886.8473000000004,-36.73694600000001,0.0
2024-01-23T19:00:00.000-0500,2332.211,2407.711,,2024-01-23T19:00:00.000-0500,2,1,2024,2024-01-23,1931.2513000000004,-37.625026000000005,0.0
2024-01-23T20:00:00.000-0500,2262.107,2308.638,,2024-01-23T20:00:00.000-0500,2,1,2024,2024-01-23,2030.3243000000002,-39.606486000000004,0.0
2024-01-23T21:00:00.000-0500,2168.561,2197.768,,2024-01-23T21:00:00.000-0500,2,1,2024,2024-01-23,2141.1943,-41.823886,0.0
2024-01-23T22:00:00.000-0500,2058.775,2088.449,,2024-01-23T22:00:00.000-0500,2,1,2024,2024-01-23,2250.5133,-44.010266,0.0
2024-01-23T23:00:00.000-0500,1916.402,1934.793,,2024-01-23T23:00:00.000-0500,2,1,2024,2024-01-23,2404.1693000000005,-47.08338600000001,0.0
2024-01-24T00:00:00.000-0500,1783.978,1804.987,,2024-01-24T00:00:00.000-0500,3,1,2024,2024-01-24,2533.9753,-49.679506,0.0
2024-01-24T01:00:00.000-0500,1720.858,1735.637,4338.9623,2024-01-24T01:00:00.000-0500,3,1,2024,2024-01-24,2603.3253000000004,-51.06650600000001,0.0
2024-01-24T02:00:00.000-0500,1666.484,1684.332,,2024-01-24T02:00:00.000-0500,3,1,2024,2024-01-24,2654.6303,-52.092605999999996,0.0
2024-01-24T03:00:00.000-0500,1645.966,1668.56,,2024-01-24T03:00:00.000-0500,3,1,2024,2024-01-24,2670.4023,-52.408046000000006,0.0
2024-01-24T04:00:00.000-0500,1646.251,1676.564,,2024-01-24T04:00:00.000-0500,3,1,2024,2024-01-24,2662.3983,-52.247966,0.0
2024-01-24T05:00:00.000-0500,1693.533,1721.362,,2024-01-24T05:00:00.000-0500,3,1,2024,2024-01-24,2617.6003,-51.352006,0.0
2024-01-24T06:00:00.000-0500,1808.871,1844.365,,2024-01-24T06:00:00.000-0500,3,1,2024,2024-01-24,2494.5973000000004,-48.89194600000001,0.0
2024-01-24T07:00:00.000-0500,1984.803,2040.722,,2024-01-24T07:00:00.000-0500,3,1,2024,2024-01-24,2298.2403000000004,-44.96480600000001,0.0
2024-01-24T08:00:00.000-0500,2125.686,2217.481,,2024-01-24T08:00:00.000-0500,3,1,2024,2024-01-24,2121.4813,-41.429626,0.0
2024-01-24T09:00:00.000-0500,2194.852,2296.408,,2024-01-24T09:00:00.000-0500,3,1,2024,2024-01-24,2042.5543000000002,-39.851086,0.0
2024-01-24T10:00:00.000-0500,2227.572,2300.582,,2024-01-24T10:00:00.000-0500,3,1,2024,2024-01-24,2038.3803000000003,-39.76760600000001,0.0
2024-01-24T11:00:00.000-0500,2246.203,2319.869,,2024-01-24T11:00:00.000-0500,3,1,2024,2024-01-24,2019.0933,-39.381866,0.0
2024-01-24T12:00:00.000-0500,2256.508,2295.062,,2024-01-24T12:00:00.000-0500,3,1,2024,2024-01-24,2043.9003000000002,-39.878006000000006,0.0
2024-01-24T13:00:00.000-0500,2257.125,2313.968,,2024-01-24T13:00:00.000-0500,3,1,2024,2024-01-24,2024.9943000000003,-39.499886000000004,0.0
2024-01-24T14:00:00.000-0500,2243.651,2307.281,,2024-01-24T14:00:00.000-0500,3,1,2024,2024-01-24,2031.6813000000002,-39.63362600000001,0.0
2024-01-24T15:00:00.000-0500,2230.807,2275.165,,2024-01-24T15:00:00.000-0500,3,1,2024,2024-01-24,2063.7973,-40.275946000000005,0.0
2024-01-24T16:00:00.000-0500,2228.848,2272.154,,2024-01-24T16:00:00.000-0500,3,1,2024,2024-01-24,2066.8083,-40.336166000000006,0.0
2024-01-24T17:00:00.000-0500,2294.166,2317.952,,2024-01-24T17:00:00.000-0500,3,1,2024,2024-01-24,2021.0103,-39.420206,0.0
2024-01-24T18:00:00.000-0500,2357.196,2403.072,,2024-01-24T18:00:00.000-0500,3,1,2024,2024-01-24,1935.8903,-37.717806,0.0
2024-01-24T19:00:00.000-0500,2316.862,2343.332,,2024-01-24T19:00:00.000-0500,3,1,2024,2024-01-24,1995.6303000000003,-38.912606000000004,0.0
2024-01-24T20:00:00.000-0500,2236.902,2264.332,,2024-01-24T20:00:00.000-0500,3,1,2024,2024-01-24,2074.6303000000003,-40.49260600000001,0.0
2024-01-24T21:00:00.000-0500,2167.582,2145.71,,2024-01-24T21:00:00.000-0500,3,1,2024,2024-01-24,2193.2523,-42.865046,0.0
2024-01-24T22:00:00.000-0500,2041.144,2032.562,,2024-01-24T22:00:00.000-0500,3,1,2024,2024-01-24,2306.4003000000002,-45.128006000000006,0.0
2024-01-24T23:00:00.000-0500,1895.785,1859.18,,2024-01-24T23:00:00.000-0500,3,1,2024,2024-01-24,2479.7823,-48.595645999999995,0.0
2024-01-25T00:00:00.000-0500,1778.46,1745.169,,2024-01-25T00:00:00.000-0500,4,1,2024,2024-01-25,2593.7933000000003,-50.87586600000001,0.0
2024-01-25T01:00:00.000-0500,1685.23,1677.447,4338.9623,2024-01-25T01:00:00.000-0500,4,1,2024,2024-01-25,2661.5153,-52.230306,0.0
2024-01-25T02:00:00.000-0500,1626.138,1615.717,,2024-01-25T02:00:00.000-0500,4,1,2024,2024-01-25,2723.2453,-53.464906,0.0
2024-01-25T03:00:00.000-0500,1590.375,1562.228,,2024-01-25T03:00:00.000-0500,4,1,2024,2024-01-25,2776.7343,-54.534686,0.0
2024-01-25T04:00:00.000-0500,1584.996,1581.115,,2024-01-25T04:00:00.000-0500,4,1,2024,2024-01-25,2757.8473000000004,-54.156946000000005,0.0
2024-01-25T05:00:00.000-0500,1606.099,1606.554,,2024-01-25T05:00:00.000-0500,4,1,2024,2024-01-25,2732.4083,-53.648166,0.0
2024-01-25T06:00:00.000-0500,1732.393,1733.463,,2024-01-25T06:00:00.000-0500,4,1,2024,2024-01-25,2605.4993000000004,-51.109986000000006,0.0
2024-01-25T07:00:00.000-0500,1914.301,1932.952,,2024-01-25T07:00:00.000-0500,4,1,2024,2024-01-25,2406.0103,-47.120205999999996,0.0
2024-01-25T08:00:00.000-0500,2032.342,2052.267,,2024-01-25T08:00:00.000-0500,4,1,2024,2024-01-25,2286.6953000000003,-44.733906000000005,0.0
2024-01-25T09:00:00.000-0500,2053.908,2074.626,,2024-01-25T09:00:00.000-0500,4,1,2024,2024-01-25,2264.3363,-44.286726,0.0
2024-01-25T10:00:00.000-0500,2044.184,2067.926,,2024-01-25T10:00:00.000-0500,4,1,2024,2024-01-25,2271.0363,-44.420726,0.0
2024-01-25T11:00:00.000-0500,2020.374,2064.612,,2024-01-25T11:00:00.000-0500,4,1,2024,2024-01-25,2274.3503,-44.487006,0.0
2024-01-25T12:00:00.000-0500,1948.903,2039.35,,2024-01-25T12:00:00.000-0500,4,1,2024,2024-01-25,2299.6123000000002,-44.99224600000001,0.0
2024-01-25T13:00:00.000-0500,1883.053,1990.986,,2024-01-25T13:00:00.000-0500,4,1,2024,2024-01-25,2347.9763000000003,-45.959526000000004,0.0
2024-01-25T14:00:00.000-0500,1901.391,1884.516,,2024-01-25T14:00:00.000-0500,4,1,2024,2024-01-25,2454.4463,-48.088926,0.0
2024-01-25T15:00:00.000-0500,1916.708,1939.124,,2024-01-25T15:00:00.000-0500,4,1,2024,2024-01-25,2399.8383000000003,-46.99676600000001,0.0
2024-01-25T16:00:00.000-0500,1970.603,2011.637,,2024-01-25T16:00:00.000-0500,4,1,2024,2024-01-25,2327.3253000000004,-45.54650600000001,0.0
2024-01-25T17:00:00.000-0500,2072.187,2150.84,,2024-01-25T17:00:00.000-0500,4,1,2024,2024-01-25,2188.1223,-42.762446000000004,0.0
2024-01-25T18:00:00.000-0500,2176.112,2254.984,,2024-01-25T18:00:00.000-0500,4,1,2024,2024-01-25,2083.9783,-40.67956600000001,0.0
2024-01-25T19:00:00.000-0500,2159.148,2206.648,,2024-01-25T19:00:00.000-0500,4,1,2024,2024-01-25,2132.3143,-41.646286,0.0
2024-01-25T20:00:00.000-0500,2093.085,2128.312,,2024-01-25T20:00:00.000-0500,4,1,2024,2024-01-25,2210.6503000000002,-43.21300600000001,0.0
2024-01-25T21:00:00.000-0500,2013.412,2033.494,,2024-01-25T21:00:00.000-0500,4,1,2024,2024-01-25,2305.4683000000005,-45.10936600000001,0.0
2024-01-25T22:00:00.000-0500,1907.79,1941.71,,2024-01-25T22:00:00.000-0500,4,1,2024,2024-01-25,2397.2523,-46.945046000000005,0.0
2024-01-25T23:00:00.000-0500,1777.049,1789.231,,2024-01-25T23:00:00.000-0500,4,1,2024,2024-01-25,2549.7313000000004,-49.99462600000001,0.0
2024-01-26T00:00:00.000-0500,1663.059,1688.819,,2024-01-26T00:00:00.000-0500,5,1,2024,2024-01-26,2650.1433,-52.002866000000004,0.0
2024-01-26T01:00:00.000-0500,1591.967,1603.506,4338.9623,2024-01-26T01:00:00.000-0500,5,1,2024,2024-01-26,2735.4563,-53.709126,0.0
2024-01-26T02:00:00.000-0500,1534.517,1560.343,,2024-01-26T02:00:00.000-0500,5,1,2024,2024-01-26,2778.6193000000003,-54.57238600000001,0.0
2024-01-26T03:00:00.000-0500,1513.763,1530.355,,2024-01-26T03:00:00.000-0500,5,1,2024,2024-01-26,2808.6073,-55.172146000000005,0.0
2024-01-26T04:00:00.000-0500,1517.32,1545.64,,2024-01-26T04:00:00.000-0500,5,1,2024,2024-01-26,2793.3223,-54.866445999999996,0.0
2024-01-26T05:00:00.000-0500,1569.704,1583.591,,2024-01-26T05:00:00.000-0500,5,1,2024,2024-01-26,2755.3713000000002,-54.107426000000004,0.0
2024-01-26T06:00:00.000-0500,1683.333,1725.224,,2024-01-26T06:00:00.000-0500,5,1,2024,2024-01-26,2613.7383,-51.274766,0.0
2024-01-26T07:00:00.000-0500,1883.131,1916.281,,2024-01-26T07:00:00.000-0500,5,1,2024,2024-01-26,2422.6813,-47.45362600000001,0.0
2024-01-26T08:00:00.000-0500,2014.844,2065.425,,2024-01-26T08:00:00.000-0500,5,1,2024,2024-01-26,2273.5373,-44.470746,0.0
2024-01-26T09:00:00.000-0500,2065.352,2158.109,,2024-01-26T09:00:00.000-0500,5,1,2024,2024-01-26,2180.8533,-42.61706600000001,0.0
2024-01-26T10:00:00.000-0500,2093.003,2191.268,,2024-01-26T10:00:00.000-0500,5,1,2024,2024-01-26,2147.6943,-41.953886000000004,0.0
2024-01-26T11:00:00.000-0500,2100.415,2221.663,,2024-01-26T11:00:00.000-0500,5,1,2024,2024-01-26,2117.2993,-41.345986,0.0
2024-01-26T12:00:00.000-0500,2097.55,2232.298,,2024-01-26T12:00:00.000-0500,5,1,2024,2024-01-26,2106.6643000000004,-41.133286000000005,0.0
2024-01-26T13:00:00.000-0500,2095.859,2253.3,,2024-01-26T13:00:00.000-0500,5,1,2024,2024-01-26,2085.6623,-40.713246,0.0
2024-01-26T14:00:00.000-0500,2102.57,2224.877,,2024-01-26T14:00:00.000-0500,5,1,2024,2024-01-26,2114.0853,-41.28170600000001,0.0
2024-01-26T15:00:00.000-0500,2089.777,2189.937,,2024-01-26T15:00:00.000-0500,5,1,2024,2024-01-26,2149.0253000000002,-41.980506000000005,0.0
2024-01-26T16:00:00.000-0500,2095.801,2188.799,,2024-01-26T16:00:00.000-0500,5,1,2024,2024-01-26,2150.1633,-42.003266,0.0
2024-01-26T17:00:00.000-0500,2151.496,2221.831,,2024-01-26T17:00:00.000-0500,5,1,2024,2024-01-26,2117.1313,-41.342626,0.0
2024-01-26T18:00:00.000-0500,2207.421,2267.826,,2024-01-26T18:00:00.000-0500,5,1,2024,2024-01-26,2071.1363,-40.422726000000004,0.0
2024-01-26T19:00:00.000-0500,2163.213,2216.939,,2024-01-26T19:00:00.000-0500,5,1,2024,2024-01-26,2122.0233000000003,-41.44046600000001,0.0
2024-01-26T20:00:00.000-0500,2087.317,2133.366,,2024-01-26T20:00:00.000-0500,5,1,2024,2024-01-26,2205.5963,-43.111926000000004,0.0
2024-01-26T21:00:00.000-0500,2023.636,2032.624,,2024-01-26T21:00:00.000-0500,5,1,2024,2024-01-26,2306.3383000000003,-45.12676600000001,0.0
2024-01-26T22:00:00.000-0500,1929.99,1938.407,,2024-01-26T22:00:00.000-0500,5,1,2024,2024-01-26,2400.5553,-47.011106,0.0
2024-01-26T23:00:00.000-0500,1815.793,1808.643,,2024-01-26T23:00:00.000-0500,5,1,2024,2024-01-26,2530.3193,-49.606386,0.0
2024-01-27T00:00:00.000-0500,1712.442,1714.702,,2024-01-27T00:00:00.000-0500,6,1,2024,2024-01-27,2624.2603,-51.485206,0.0
2024-01-27T01:00:00.000-0500,1626.892,1624.481,4338.9623,2024-01-27T01:00:00.000-0500,6,1,2024,2024-01-27,2714.4813000000004,-53.289626000000005,0.0
2024-01-27T02:00:00.000-0500,1578.524,1562.577,,2024-01-27T02:00:00.000-0500,6,1,2024,2024-01-27,2776.3853,-54.527706,0.0
2024-01-27T03:00:00.000-0500,1541.054,1540.801,,2024-01-27T03:00:00.000-0500,6,1,2024,2024-01-27,2798.1613,-54.963226000000006,0.0
2024-01-27T04:00:00.000-0500,1526.195,1540.823,,2024-01-27T04:00:00.000-0500,6,1,2024,2024-01-27,2798.1393,-54.962785999999994,0.0
2024-01-27T05:00:00.000-0500,1542.729,1554.735,,2024-01-27T05:00:00.000-0500,6,1,2024,2024-01-27,2784.2273000000005,-54.68454600000001,0.0
2024-01-27T06:00:00.000-0500,1589.603,1615.193,,2024-01-27T06:00:00.000-0500,6,1,2024,2024-01-27,2723.7693,-53.475386,0.0
2024-01-27T07:00:00.000-0500,1662.716,1701.04,,2024-01-27T07:00:00.000-0500,6,1,2024,2024-01-27,2637.9223,-51.758446000000006,0.0
2024-01-27T08:00:00.000-0500,1744.525,1807.513,,2024-01-27T08:00:00.000-0500,6,1,2024,2024-01-27,2531.4493,-49.628986000000005,0.0
2024-01-27T09:00:00.000-0500,1807.923,1915.682,,2024-01-27T09:00:00.000-0500,6,1,2024,2024-01-27,2423.2803000000004,-47.46560600000001,0.0
2024-01-27T10:00:00.000-0500,1837.338,1987.596,,2024-01-27T10:00:00.000-0500,6,1,2024,2024-01-27,2351.3663,-46.027326,0.0
2024-01-27T11:00:00.000-0500,1858.773,1953.355,,2024-01-27T11:00:00.000-0500,6,1,2024,2024-01-27,2385.6073,-46.712146000000004,0.0
2024-01-27T12:00:00.000-0500,1872.544,1960.164,,2024-01-27T12:00:00.000-0500,6,1,2024,2024-01-27,2378.7983000000004,-46.57596600000001,0.0
2024-01-27T13:00:00.000-0500,1861.318,1900.452,,2024-01-27T13:00:00.000-0500,6,1,2024,2024-01-27,2438.5103,-47.770206,0.0
2024-01-27T14:00:00.000-0500,1856.269,1932.219,,2024-01-27T14:00:00.000-0500,6,1,2024,2024-01-27,2406.7433,-47.134866,0.0
2024-01-27T15:00:00.000-0500,1850.454,1944.296,,2024-01-27T15:00:00.000-0500,6,1,2024,2024-01-27,2394.6663,-46.893326,0.0
2024-01-27T16:00:00.000-0500,1900.535,1963.57,,2024-01-27T16:00:00.000-0500,6,1,2024,2024-01-27,2375.3923000000004,-46.50784600000001,0.0
2024-01-27T17:00:00.000-0500,1990.728,2072.832,,2024-01-27T17:00:00.000-0500,6,1,2024,2024-01-27,2266.1303000000003,-44.32260600000001,0.0
2024-01-27T18:00:00.000-0500,2059.771,2136.269,,2024-01-27T18:00:00.000-0500,6,1,2024,2024-01-27,2202.6933000000004,-43.053866000000006,0.0
2024-01-27T19:00:00.000-0500,2027.894,2094.737,,2024-01-27T19:00:00.000-0500,6,1,2024,2024-01-27,2244.2253,-43.884506,0.0
2024-01-27T20:00:00.000-0500,1971.191,2020.456,,2024-01-27T20:00:00.000-0500,6,1,2024,2024-01-27,2318.5063,-45.370126,0.0
2024-01-27T21:00:00.000-0500,1909.921,1942.813,,2024-01-27T21:00:00.000-0500,6,1,2024,2024-01-27,2396.1493,-46.922986,0.0
2024-01-27T22:00:00.000-0500,1834.481,1860.677,,2024-01-27T22:00:00.000-0500,6,1,2024,2024-01-27,2478.2853000000005,-48.56570600000001,0.0
2024-01-27T23:00:00.000-0500,1736.805,1752.075,,2024-01-27T23:00:00.000-0500,6,1,2024,2024-01-27,2586.8873000000003,-50.73774600000001,0.0
2024-01-28T00:00:00.000-0500,1649.559,1668.88,,2024-01-28T00:00:00.000-0500,7,1,2024,2024-01-28,2670.0823,-52.401646,0.0
2024-01-28T01:00:00.000-0500,1574.115,1593.949,4338.9623,2024-01-28T01:00:00.000-0500,7,1,2024,2024-01-28,2745.0133,-53.900266,0.0
2024-01-28T02:00:00.000-0500,1525.117,1537.248,,2024-01-28T02:00:00.000-0500,7,1,2024,2024-01-28,2801.7143,-55.034286,0.0
2024-01-28T03:00:00.000-0500,1495.206,1506.805,,2024-01-28T03:00:00.000-0500,7,1,2024,2024-01-28,2832.1573,-55.643146,0.0
2024-01-28T04:00:00.000-0500,1483.203,1496.452,,2024-01-28T04:00:00.000-0500,7,1,2024,2024-01-28,2842.5103,-55.850206,0.0
2024-01-28T05:00:00.000-0500,1491.233,1503.976,,2024-01-28T05:00:00.000-0500,7,1,2024,2024-01-28,2834.9863,-55.699726,0.0
2024-01-28T06:00:00.000-0500,1525.302,1578.923,,2024-01-28T06:00:00.000-0500,7,1,2024,2024-01-28,2760.0393000000004,-54.20078600000001,0.0
2024-01-28T07:00:00.000-0500,1583.776,1636.336,,2024-01-28T07:00:00.000-0500,7,1,2024,2024-01-28,2702.6263,-53.052526,0.0
2024-01-28T08:00:00.000-0500,1656.349,1720.269,,2024-01-28T08:00:00.000-0500,7,1,2024,2024-01-28,2618.6933,-51.373866,0.0
2024-01-28T09:00:00.000-0500,1759.027,1878.857,,2024-01-28T09:00:00.000-0500,7,1,2024,2024-01-28,2460.1053,-48.20210600000001,0.0
2024-01-28T10:00:00.000-0500,1874.212,1980.299,,2024-01-28T10:00:00.000-0500,7,1,2024,2024-01-28,2358.6633,-46.173266000000005,0.0
2024-01-28T11:00:00.000-0500,1971.44,2116.993,,2024-01-28T11:00:00.000-0500,7,1,2024,2024-01-28,2221.9693,-43.439386000000006,0.0
2024-01-28T12:00:00.000-0500,2025.707,2113.056,,2024-01-28T12:00:00.000-0500,7,1,2024,2024-01-28,2225.9063,-43.518126,0.0
2024-01-28T13:00:00.000-0500,2057.513,2190.729,,2024-01-28T13:00:00.000-0500,7,1,2024,2024-01-28,2148.2333000000003,-41.96466600000001,0.0
2024-01-28T14:00:00.000-0500,2068.512,2178.718,,2024-01-28T14:00:00.000-0500,7,1,2024,2024-01-28,2160.2443000000003,-42.20488600000001,0.0
2024-01-28T15:00:00.000-0500,2076.068,2181.793,,2024-01-28T15:00:00.000-0500,7,1,2024,2024-01-28,2157.1693,-42.143386,0.0
2024-01-28T16:00:00.000-0500,2091.556,2150.908,,2024-01-28T16:00:00.000-0500,7,1,2024,2024-01-28,2188.0543000000002,-42.761086000000006,0.0
2024-01-28T17:00:00.000-0500,2150.668,2212.963,,2024-01-28T17:00:00.000-0500,7,1,2024,2024-01-28,2125.9993,-41.519986,0.0
2024-01-28T18:00:00.000-0500,2222.467,2279.134,,2024-01-28T18:00:00.000-0500,7,1,2024,2024-01-28,2059.8283,-40.196566000000004,0.0
2024-01-28T19:00:00.000-0500,2195.602,2230.668,,2024-01-28T19:00:00.000-0500,7,1,2024,2024-01-28,2108.2943,-41.165886,0.0
2024-01-28T20:00:00.000-0500,2120.656,2130.091,,2024-01-28T20:00:00.000-0500,7,1,2024,2024-01-28,2208.8713000000002,-43.177426000000004,0.0
2024-01-28T21:00:00.000-0500,2043.85,2060.888,,2024-01-28T21:00:00.000-0500,7,1,2024,2024-01-28,2278.0743,-44.561486,0.0
2024-01-28T22:00:00.000-0500,1930.575,1929.966,,2024-01-28T22:00:00.000-0500,7,1,2024,2024-01-28,2408.9963000000002,-47.17992600000001,0.0
2024-01-28T23:00:00.000-0500,1805.196,1795.176,,2024-01-28T23:00:00.000-0500,7,1,2024,2024-01-28,2543.7863,-49.87572600000001,0.0
2024-01-29T00:00:00.000-0500,1694.454,1683.361,,2024-01-29T00:00:00.000-0500,1,1,2024,2024-01-29,2655.6013000000003,-52.11202600000001,0.0
2024-01-29T01:00:00.000-0500,1628.098,1598.558,4338.9623,2024-01-29T01:00:00.000-0500,1,1,2024,2024-01-29,2740.4043,-53.808086,0.0
2024-01-29T02:00:00.000-0500,1573.377,1547.904,,2024-01-29T02:00:00.000-0500,1,1,2024,2024-01-29,2791.0583,-54.821166000000005,0.0
2024-01-29T03:00:00.000-0500,1555.901,1546.688,,2024-01-29T03:00:00.000-0500,1,1,2024,2024-01-29,2792.2743,-54.845486,0.0
2024-01-29T04:00:00.000-0500,1555.299,1546.182,,2024-01-29T04:00:00.000-0500,1,1,2024,2024-01-29,2792.7803000000004,-54.85560600000001,0.0
2024-01-29T05:00:00.000-0500,1609.463,1600.04,,2024-01-29T05:00:00.000-0500,1,1,2024,2024-01-29,2738.9223,-53.778446,0.0
2024-01-29T06:00:00.000-0500,1734.469,1745.532,,2024-01-29T06:00:00.000-0500,1,1,2024,2024-01-29,2593.4303,-50.868606,0.0
2024-01-29T07:00:00.000-0500,1901.457,1939.195,,2024-01-29T07:00:00.000-0500,1,1,2024,2024-01-29,2399.7673000000004,-46.99534600000001,0.0
2024-01-29T08:00:00.000-0500,2037.476,2076.609,,2024-01-29T08:00:00.000-0500,1,1,2024,2024-01-29,2262.3533,-44.247066000000004,0.0
2024-01-29T09:00:00.000-0500,2132.953,2173.585,,2024-01-29T09:00:00.000-0500,1,1,2024,2024-01-29,2165.3773,-42.307546,0.0
2024-01-29T10:00:00.000-0500,2174.976,2232.27,,2024-01-29T10:00:00.000-0500,1,1,2024,2024-01-29,2106.6923,-41.133846000000005,0.0
2024-01-29T11:00:00.000-0500,2197.267,2247.362,,2024-01-29T11:00:00.000-0500,1,1,2024,2024-01-29,2091.6003,-40.832006,0.0
2024-01-29T12:00:00.000-0500,2217.567,2261.221,,2024-01-29T12:00:00.000-0500,1,1,2024,2024-01-29,2077.7413,-40.554826000000006,0.0
2024-01-29T13:00:00.000-0500,2226.209,2261.321,,2024-01-29T13:00:00.000-0500,1,1,2024,2024-01-29,2077.6413000000002,-40.552826,0.0
2024-01-29T14:00:00.000-0500,2216.096,2280.548,,2024-01-29T14:00:00.000-0500,1,1,2024,2024-01-29,2058.4143000000004,-40.16828600000001,0.0
2024-01-29T15:00:00.000-0500,2204.037,2243.317,,2024-01-29T15:00:00.000-0500,1,1,2024,2024-01-29,2095.6453,-40.91290600000001,0.0
2024-01-29T16:00:00.000-0500,2212.061,2242.319,,2024-01-29T16:00:00.000-0500,1,1,2024,2024-01-29,2096.6433,-40.932866000000004,0.0
2024-01-29T17:00:00.000-0500,2279.699,2287.717,,2024-01-29T17:00:00.000-0500,1,1,2024,2024-01-29,2051.2453,-40.024906,0.0
2024-01-29T18:00:00.000-0500,2374.87,2395.837,,2024-01-29T18:00:00.000-0500,1,1,2024,2024-01-29,1943.1253000000002,-37.862506,0.0
2024-01-29T19:00:00.000-0500,2349.518,2357.834,,2024-01-29T19:00:00.000-0500,1,1,2024,2024-01-29,1981.1283000000003,-38.622566000000006,0.0
2024-01-29T20:00:00.000-0500,2263.502,2273.708,,2024-01-29T20:00:00.000-0500,1,1,2024,2024-01-29,2065.2543,-40.305086,0.0
2024-01-29T21:00:00.000-0500,2175.629,2183.714,,2024-01-29T21:00:00.000-0500,1,1,2024,2024-01-29,2155.2483,-42.104966000000005,0.0
2024-01-29T22:00:00.000-0500,2057.733,2064.802,,2024-01-29T22:00:00.000-0500,1,1,2024,2024-01-29,2274.1603,-44.483206,0.0
2024-01-29T23:00:00.000-0500,1915.368,1913.081,,2024-01-29T23:00:00.000-0500,1,1,2024,2024-01-29,2425.8813,-47.517626,0.0
2024-01-30T00:00:00.000-0500,1786.119,1811.567,,2024-01-30T00:00:00.000-0500,2,1,2024,2024-01-30,2527.3953,-49.547906000000005,0.0
2024-01-24T01:00:00.000-0500,1720.858,1735.637,4338.9623,2024-01-24T01:00:00.000-0500,3,1,2024,2024-01-24,2603.3253000000004,-51.06650600000001,0.0
2024-01-24T02:00:00.000-0500,1666.484,1684.332,,2024-01-24T02:00:00.000-0500,3,1,2024,2024-01-24,2654.6303,-52.092605999999996,0.0
2024-01-24T03:00:00.000-0500,1645.966,1668.56,,2024-01-24T03:00:00.000-0500,3,1,2024,2024-01-24,2670.4023,-52.408046000000006,0.0
2024-01-24T04:00:00.000-0500,1646.251,1676.564,,2024-01-24T04:00:00.000-0500,3,1,2024,2024-01-24,2662.3983,-52.247966,0.0
2024-01-24T05:00:00.000-0500,1693.533,1721.362,,2024-01-24T05:00:00.000-0500,3,1,2024,2024-01-24,2617.6003,-51.352006,0.0
2024-01-24T06:00:00.000-0500,1808.871,1844.365,,2024-01-24T06:00:00.000-0500,3,1,2024,2024-01-24,2494.5973000000004,-48.89194600000001,0.0
2024-01-24T07:00:00.000-0500,1984.803,2040.722,,2024-01-24T07:00:00.000-0500,3,1,2024,2024-01-24,2298.2403000000004,-44.96480600000001,0.0
2024-01-24T08:00:00.000-0500,2125.686,2217.481,,2024-01-24T08:00:00.000-0500,3,1,2024,2024-01-24,2121.4813,-41.429626,0.0
2024-01-24T09:00:00.000-0500,2194.852,2296.408,,2024-01-24T09:00:00.000-0500,3,1,2024,2024-01-24,2042.5543000000002,-39.851086,0.0
2024-01-24T10:00:00.000-0500,2227.572,2300.582,,2024-01-24T10:00:00.000-0500,3,1,2024,2024-01-24,2038.3803000000003,-39.76760600000001,0.0
2024-01-24T11:00:00.000-0500,2246.203,2319.869,,2024-01-24T11:00:00.000-0500,3,1,2024,2024-01-24,2019.0933,-39.381866,0.0
2024-01-24T12:00:00.000-0500,2256.508,2295.062,,2024-01-24T12:00:00.000-0500,3,1,2024,2024-01-24,2043.9003000000002,-39.878006000000006,0.0
2024-01-24T13:00:00.000-0500,2257.125,2313.968,,2024-01-24T13:00:00.000-0500,3,1,2024,2024-01-24,2024.9943000000003,-39.499886000000004,0.0
2024-01-24T14:00:00.000-0500,2243.651,2307.281,,2024-01-24T14:00:00.000-0500,3,1,2024,2024-01-24,2031.6813000000002,-39.63362600000001,0.0
2024-01-24T15:00:00.000-0500,2230.807,2275.165,,2024-01-24T15:00:00.000-0500,3,1,2024,2024-01-24,2063.7973,-40.275946000000005,0.0
2024-01-24T16:00:00.000-0500,2228.848,2272.154,,2024-01-24T16:00:00.000-0500,3,1,2024,2024-01-24,2066.8083,-40.336166000000006,0.0
2024-01-24T17:00:00.000-0500,2294.166,2317.952,,2024-01-24T17:00:00.000-0500,3,1,2024,2024-01-24,2021.0103,-39.420206,0.0
2024-01-24T18:00:00.000-0500,2357.196,2403.072,,2024-01-24T18:00:00.000-0500,3,1,2024,2024-01-24,1935.8903,-37.717806,0.0
2024-01-24T19:00:00.000-0500,2316.862,2343.332,,2024-01-24T19:00:00.000-0500,3,1,2024,2024-01-24,1995.6303000000003,-38.912606000000004,0.0
2024-01-24T20:00:00.000-0500,2236.902,2264.332,,2024-01-24T20:00:00.000-0500,3,1,2024,2024-01-24,2074.6303000000003,-40.49260600000001,0.0
2024-01-24T21:00:00.000-0500,2167.582,2145.71,,2024-01-24T21:00:00.000-0500,3,1,2024,2024-01-24,2193.2523,-42.865046,0.0
2024-01-24T22:00:00.000-0500,2041.144,2032.562,,2024-01-24T22:00:00.000-0500,3,1,2024,2024-01-24,2306.4003000000002,-45.128006000000006,0.0
2024-01-24T23:00:00.000-0500,1895.785,1859.18,,2024-01-24T23:00:00.000-0500,3,1,2024,2024-01-24,2479.7823,-48.595645999999995,0.0
2024-01-25T00:00:00.000-0500,1778.46,1745.169,,2024-01-25T00:00:00.000-0500,4,1,2024,2024-01-25,2593.7933000000003,-50.87586600000001,0.0
2024-01-25T01:00:00.000-0500,1685.23,1677.447,4338.9623,2024-01-25T01:00:00.000-0500,4,1,2024,2024-01-25,2661.5153,-52.230306,0.0
2024-01-25T02:00:00.000-0500,1626.138,1615.717,,2024-01-25T02:00:00.000-0500,4,1,2024,2024-01-25,2723.2453,-53.464906,0.0
2024-01-25T03:00:00.000-0500,1590.375,1562.228,,2024-01-25T03:00:00.000-0500,4,1,2024,2024-01-25,2776.7343,-54.534686,0.0
2024-01-25T04:00:00.000-0500,1584.996,1581.115,,2024-01-25T04:00:00.000-0500,4,1,2024,2024-01-25,2757.8473000000004,-54.156946000000005,0.0
2024-01-25T05:00:00.000-0500,1606.099,1606.554,,2024-01-25T05:00:00.000-0500,4,1,2024,2024-01-25,2732.4083,-53.648166,0.0
2024-01-25T06:00:00.000-0500,1732.393,1733.463,,2024-01-25T06:00:00.000-0500,4,1,2024,2024-01-25,2605.4993000000004,-51.109986000000006,0.0
2024-01-25T07:00:00.000-0500,1914.301,1932.952,,2024-01-25T07:00:00.000-0500,4,1,2024,2024-01-25,2406.0103,-47.120205999999996,0.0
2024-01-25T08:00:00.000-0500,2032.342,2052.267,,2024-01-25T08:00:00.000-0500,4,1,2024,2024-01-25,2286.6953000000003,-44.733906000000005,0.0
2024-01-25T09:00:00.000-0500,2053.908,2074.626,,2024-01-25T09:00:00.000-0500,4,1,2024,2024-01-25,2264.3363,-44.286726,0.0
2024-01-25T10:00:00.000-0500,2044.184,2067.926,,2024-01-25T10:00:00.000-0500,4,1,2024,2024-01-25,2271.0363,-44.420726,0.0
2024-01-25T11:00:00.000-0500,2020.374,2064.612,,2024-01-25T11:00:00.000-0500,4,1,2024,2024-01-25,2274.3503,-44.487006,0.0
2024-01-25T12:00:00.000-0500,1948.903,2039.35,,2024-01-25T12:00:00.000-0500,4,1,2024,2024-01-25,2299.6123000000002,-44.99224600000001,0.0
2024-01-25T13:00:00.000-0500,1883.053,1990.986,,2024-01-25T13:00:00.000-0500,4,1,2024,2024-01-25,2347.9763000000003,-45.959526000000004,0.0
2024-01-25T14:00:00.000-0500,1901.391,1884.516,,2024-01-25T14:00:00.000-0500,4,1,2024,2024-01-25,2454.4463,-48.088926,0.0
2024-01-25T15:00:00.000-0500,1916.708,1939.124,,2024-01-25T15:00:00.000-0500,4,1,2024,2024-01-25,2399.8383000000003,-46.99676600000001,0.0
2024-01-25T16:00:00.000-0500,1970.603,2011.637,,2024-01-25T16:00:00.000-0500,4,1,2024,2024-01-25,2327.3253000000004,-45.54650600000001,0.0
2024-01-25T17:00:00.000-0500,2072.187,2150.84,,2024-01-25T17:00:00.000-0500,4,1,2024,2024-01-25,2188.1223,-42.762446000000004,0.0
2024-01-25T18:00:00.000-0500,2176.112,2254.984,,2024-01-25T18:00:00.000-0500,4,1,2024,2024-01-25,2083.9783,-40.67956600000001,0.0
2024-01-25T19:00:00.000-0500,2159.148,2206.648,,2024-01-25T19:00:00.000-0500,4,1,2024,2024-01-25,2132.3143,-41.646286,0.0
2024-01-25T20:00:00.000-0500,2093.085,2128.312,,2024-01-25T20:00:00.000-0500,4,1,2024,2024-01-25,2210.6503000000002,-43.21300600000001,0.0
2024-01-25T21:00:00.000-0500,2013.412,2033.494,,2024-01-25T21:00:00.000-0500,4,1,2024,2024-01-25,2305.4683000000005,-45.10936600000001,0.0
2024-01-25T22:00:00.000-0500,1907.79,1941.71,,2024-01-25T22:00:00.000-0500,4,1,2024,2024-01-25,2397.2523,-46.945046000000005,0.0
2024-01-25T23:00:00.000-0500,1777.049,1789.231,,2024-01-25T23:00:00.000-0500,4,1,2024,2024-01-25,2549.7313000000004,-49.99462600000001,0.0
2024-01-26T00:00:00.000-0500,1663.059,1688.819,,2024-01-26T00:00:00.000-0500,5,1,2024,2024-01-26,2650.1433,-52.002866000000004,0.0
2024-01-26T01:00:00.000-0500,1591.967,1603.506,4338.9623,2024-01-26T01:00:00.000-0500,5,1,2024,2024-01-26,2735.4563,-53.709126,0.0
2024-01-26T02:00:00.000-0500,1534.517,1560.343,,2024-01-26T02:00:00.000-0500,5,1,2024,2024-01-26,2778.6193000000003,-54.57238600000001,0.0
2024-01-26T03:00:00.000-0500,1513.763,1530.355,,2024-01-26T03:00:00.000-0500,5,1,2024,2024-01-26,2808.6073,-55.172146000000005,0.0
2024-01-26T04:00:00.000-0500,1517.32,1545.64,,2024-01-26T04:00:00.000-0500,5,1,2024,2024-01-26,2793.3223,-54.866445999999996,0.0
2024-01-26T05:00:00.000-0500,1569.704,1583.591,,2024-01-26T05:00:00.000-0500,5,1,2024,2024-01-26,2755.3713000000002,-54.107426000000004,0.0
2024-01-26T06:00:00.000-0500,1683.333,1725.224,,2024-01-26T06:00:00.000-0500,5,1,2024,2024-01-26,2613.7383,-51.274766,0.0
2024-01-26T07:00:00.000-0500,1883.131,1916.281,,2024-01-26T07:00:00.000-0500,5,1,2024,2024-01-26,2422.6813,-47.45362600000001,0.0
2024-01-26T08:00:00.000-0500,2014.844,2065.425,,2024-01-26T08:00:00.000-0500,5,1,2024,2024-01-26,2273.5373,-44.470746,0.0
2024-01-26T09:00:00.000-0500,2065.352,2158.109,,2024-01-26T09:00:00.000-0500,5,1,2024,2024-01-26,2180.8533,-42.61706600000001,0.0
2024-01-26T10:00:00.000-0500,2093.003,2191.268,,2024-01-26T10:00:00.000-0500,5,1,2024,2024-01-26,2147.6943,-41.953886000000004,0.0
2024-01-26T11:00:00.000-0500,2100.415,2221.663,,2024-01-26T11:00:00.000-0500,5,1,2024,2024-01-26,2117.2993,-41.345986,0.0
2024-01-26T12:00:00.000-0500,2097.55,2232.298,,2024-01-26T12:00:00.000-0500,5,1,2024,2024-01-26,2106.6643000000004,-41.133286000000005,0.0
2024-01-26T13:00:00.000-0500,2095.859,2253.3,,2024-01-26T13:00:00.000-0500,5,1,2024,2024-01-26,2085.6623,-40.713246,0.0
2024-01-26T14:00:00.000-0500,2102.57,2224.877,,2024-01-26T14:00:00.000-0500,5,1,2024,2024-01-26,2114.0853,-41.28170600000001,0.0
2024-01-26T15:00:00.000-0500,2089.777,2189.937,,2024-01-26T15:00:00.000-0500,5,1,2024,2024-01-26,2149.0253000000002,-41.980506000000005,0.0
2024-01-26T16:00:00.000-0500,2095.801,2188.799,,2024-01-26T16:00:00.000-0500,5,1,2024,2024-01-26,2150.1633,-42.003266,0.0
2024-01-26T17:00:00.000-0500,2151.496,2221.831,,2024-01-26T17:00:00.000-0500,5,1,2024,2024-01-26,2117.1313,-41.342626,0.0
2024-01-26T18:00:00.000-0500,2207.421,2267.826,,2024-01-26T18:00:00.000-0500,5,1,2024,2024-01-26,2071.1363,-40.422726000000004,0.0
2024-01-26T19:00:00.000-0500,2163.213,2216.939,,2024-01-26T19:00:00.000-0500,5,1,2024,2024-01-26,2122.0233000000003,-41.44046600000001,0.0
2024-01-26T20:00:00.000-0500,2087.317,2133.366,,2024-01-26T20:00:00.000-0500,5,1,2024,2024-01-26,2205.5963,-43.111926000000004,0.0
2024-01-26T21:00:00.000-0500,2023.636,2032.624,,2024-01-26T21:00:00.000-0500,5,1,2024,2024-01-26,2306.3383000000003,-45.12676600000001,0.0
2024-01-26T22:00:00.000-0500,1929.99,1938.407,,2024-01-26T22:00:00.000-0500,5,1,2024,2024-01-26,2400.5553,-47.011106,0.0
2024-01-26T23:00:00.000-0500,1815.793,1808.643,,2024-01-26T23:00:00.000-0500,5,1,2024,2024-01-26,2530.3193,-49.606386,0.0
2024-01-27T00:00:00.000-0500,1712.442,1714.702,,2024-01-27T00:00:00.000-0500,6,1,2024,2024-01-27,2624.2603,-51.485206,0.0
2024-01-27T01:00:00.000-0500,1626.892,1624.481,4338.9623,2024-01-27T01:00:00.000-0500,6,1,2024,2024-01-27,2714.4813000000004,-53.289626000000005,0.0
2024-01-27T02:00:00.000-0500,1578.524,1562.577,,2024-01-27T02:00:00.000-0500,6,1,2024,2024-01-27,2776.3853,-54.527706,0.0
2024-01-27T03:00:00.000-0500,1541.054,1540.801,,2024-01-27T03:00:00.000-0500,6,1,2024,2024-01-27,2798.1613,-54.963226000000006,0.0
2024-01-27T04:00:00.000-0500,1526.195,1540.823,,2024-01-27T04:00:00.000-0500,6,1,2024,2024-01-27,2798.1393,-54.962785999999994,0.0
2024-01-27T05:00:00.000-0500,1542.729,1554.735,,2024-01-27T05:00:00.000-0500,6,1,2024,2024-01-27,2784.2273000000005,-54.68454600000001,0.0
2024-01-27T06:00:00.000-0500,1589.603,1615.193,,2024-01-27T06:00:00.000-0500,6,1,2024,2024-01-27,2723.7693,-53.475386,0.0
2024-01-27T07:00:00.000-0500,1662.716,1701.04,,2024-01-27T07:00:00.000-0500,6,1,2024,2024-01-27,2637.9223,-51.758446000000006,0.0
2024-01-27T08:00:00.000-0500,1744.525,1807.513,,2024-01-27T08:00:00.000-0500,6,1,2024,2024-01-27,2531.4493,-49.628986000000005,0.0
2024-01-27T09:00:00.000-0500,1807.923,1915.682,,2024-01-27T09:00:00.000-0500,6,1,2024,2024-01-27,2423.2803000000004,-47.46560600000001,0.0
2024-01-27T10:00:00.000-0500,1837.338,1987.596,,2024-01-27T10:00:00.000-0500,6,1,2024,2024-01-27,2351.3663,-46.027326,0.0
2024-01-27T11:00:00.000-0500,1858.773,1953.355,,2024-01-27T11:00:00.000-0500,6,1,2024,2024-01-27,2385.6073,-46.712146000000004,0.0
2024-01-27T12:00:00.000-0500,1872.544,1960.164,,2024-01-27T12:00:00.000-0500,6,1,2024,2024-01-27,2378.7983000000004,-46.57596600000001,0.0
2024-01-27T13:00:00.000-0500,1861.318,1900.452,,2024-01-27T13:00:00.000-0500,6,1,2024,2024-01-27,2438.5103,-47.770206,0.0
2024-01-27T14:00:00.000-0500,1856.269,1932.219,,2024-01-27T14:00:00.000-0500,6,1,2024,2024-01-27,2406.7433,-47.134866,0.0
2024-01-27T15:00:00.000-0500,1850.454,1944.296,,2024-01-27T15:00:00.000-0500,6,1,2024,2024-01-27,2394.6663,-46.893326,0.0
2024-01-27T16:00:00.000-0500,1900.535,1963.57,,2024-01-27T16:00:00.000-0500,6,1,2024,2024-01-27,2375.3923000000004,-46.50784600000001,0.0
2024-01-27T17:00:00.000-0500,1990.728,2072.832,,2024-01-27T17:00:00.000-0500,6,1,2024,2024-01-27,2266.1303000000003,-44.32260600000001,0.0
2024-01-27T18:00:00.000-0500,2059.771,2136.269,,2024-01-27T18:00:00.000-0500,6,1,2024,2024-01-27,2202.6933000000004,-43.053866000000006,0.0
2024-01-27T19:00:00.000-0500,2027.894,2094.737,,2024-01-27T19:00:00.000-0500,6,1,2024,2024-01-27,2244.2253,-43.884506,0.0
2024-01-27T20:00:00.000-0500,1971.191,2020.456,,2024-01-27T20:00:00.000-0500,6,1,2024,2024-01-27,2318.5063,-45.370126,0.0
2024-01-27T21:00:00.000-0500,1909.921,1942.813,,2024-01-27T21:00:00.000-0500,6,1,2024,2024-01-27,2396.1493,-46.922986,0.0
2024-01-27T22:00:00.000-0500,1834.481,1860.677,,2024-01-27T22:00:00.000-0500,6,1,2024,2024-01-27,2478.2853000000005,-48.56570600000001,0.0
2024-01-27T23:00:00.000-0500,1736.805,1752.075,,2024-01-27T23:00:00.000-0500,6,1,2024,2024-01-27,2586.8873000000003,-50.73774600000001,0.0
2024-01-28T00:00:00.000-0500,1649.559,1668.88,,2024-01-28T00:00:00.000-0500,7,1,2024,2024-01-28,2670.0823,-52.401646,0.0
2024-01-28T01:00:00.000-0500,1574.115,1593.949,4338.9623,2024-01-28T01:00:00.000-0500,7,1,2024,2024-01-28,2745.0133,-53.900266,0.0
2024-01-28T02:00:00.000-0500,1525.117,1537.248,,2024-01-28T02:00:00.000-0500,7,1,2024,2024-01-28,2801.7143,-55.034286,0.0
2024-01-28T03:00:00.000-0500,1495.206,1506.805,,2024-01-28T03:00:00.000-0500,7,1,2024,2024-01-28,2832.1573,-55.643146,0.0
2024-01-28T04:00:00.000-0500,1483.203,1496.452,,2024-01-28T04:00:00.000-0500,7,1,2024,2024-01-28,2842.5103,-55.850206,0.0
2024-01-28T05:00:00.000-0500,1491.233,1503.976,,2024-01-28T05:00:00.000-0500,7,1,2024,2024-01-28,2834.9863,-55.699726,0.0
2024-01-28T06:00:00.000-0500,1525.302,1578.923,,2024-01-28T06:00:00.000-0500,7,1,2024,2024-01-28,2760.0393000000004,-54.20078600000001,0.0
2024-01-28T07:00:00.000-0500,1583.776,1636.336,,2024-01-28T07:00:00.000-0500,7,1,2024,2024-01-28,2702.6263,-53.052526,0.0
2024-01-28T08:00:00.000-0500,1656.349,1720.269,,2024-01-28T08:00:00.000-0500,7,1,2024,2024-01-28,2618.6933,-51.373866,0.0
2024-01-28T09:00:00.000-0500,1759.027,1878.857,,2024-01-28T09:00:00.000-0500,7,1,2024,2024-01-28,2460.1053,-48.20210600000001,0.0
2024-01-28T10:00:00.000-0500,1874.212,1980.299,,2024-01-28T10:00:00.000-0500,7,1,2024,2024-01-28,2358.6633,-46.173266000000005,0.0
2024-01-28T11:00:00.000-0500,1971.44,2116.993,,2024-01-28T11:00:00.000-0500,7,1,2024,2024-01-28,2221.9693,-43.439386000000006,0.0
2024-01-28T12:00:00.000-0500,2025.707,2113.056,,2024-01-28T12:00:00.000-0500,7,1,2024,2024-01-28,2225.9063,-43.518126,0.0
2024-01-28T13:00:00.000-0500,2057.513,2190.729,,2024-01-28T13:00:00.000-0500,7,1,2024,2024-01-28,2148.2333000000003,-41.96466600000001,0.0
2024-01-28T14:00:00.000-0500,2068.512,2178.718,,2024-01-28T14:00:00.000-0500,7,1,2024,2024-01-28,2160.2443000000003,-42.20488600000001,0.0
2024-01-28T15:00:00.000-0500,2076.068,2181.793,,2024-01-28T15:00:00.000-0500,7,1,2024,2024-01-28,2157.1693,-42.143386,0.0
2024-01-28T16:00:00.000-0500,2091.556,2150.908,,2024-01-28T16:00:00.000-0500,7,1,2024,2024-01-28,2188.0543000000002,-42.761086000000006,0.0
2024-01-28T17:00:00.000-0500,2150.668,2212.963,,2024-01-28T17:00:00.000-0500,7,1,2024,2024-01-28,2125.9993,-41.519986,0.0
2024-01-28T18:00:00.000-0500,2222.467,2279.134,,2024-01-28T18:00:00.000-0500,7,1,2024,2024-01-28,2059.8283,-40.196566000000004,0.0
2024-01-28T19:00:00.000-0500,2195.602,2230.668,,2024-01-28T19:00:00.000-0500,7,1,2024,2024-01-28,2108.2943,-41.165886,0.0
2024-01-28T20:00:00.000-0500,2120.656,2130.091,,2024-01-28T20:00:00.000-0500,7,1,2024,2024-01-28,2208.8713000000002,-43.177426000000004,0.0
2024-01-28T21:00:00.000-0500,2043.85,2060.888,,2024-01-28T21:00:00.000-0500,7,1,2024,2024-01-28,2278.0743,-44.561486,0.0
2024-01-28T22:00:00.000-0500,1930.575,1929.966,,2024-01-28T22:00:00.000-0500,7,1,2024,2024-01-28,2408.9963000000002,-47.17992600000001,0.0
2024-01-28T23:00:00.000-0500,1805.196,1795.176,,2024-01-28T23:00:00.000-0500,7,1,2024,2024-01-28,2543.7863,-49.87572600000001,0.0
2024-01-29T00:00:00.000-0500,1694.454,1683.361,,2024-01-29T00:00:00.000-0500,1,1,2024,2024-01-29,2655.6013000000003,-52.11202600000001,0.0
2024-01-29T01:00:00.000-0500,1628.098,1598.558,4338.9623,2024-01-29T01:00:00.000-0500,1,1,2024,2024-01-29,2740.4043,-53.808086,0.0
2024-01-29T02:00:00.000-0500,1573.377,1547.904,,2024-01-29T02:00:00.000-0500,1,1,2024,2024-01-29,2791.0583,-54.821166000000005,0.0
2024-01-29T03:00:00.000-0500,1555.901,1546.688,,2024-01-29T03:00:00.000-0500,1,1,2024,2024-01-29,2792.2743,-54.845486,0.0
2024-01-29T04:00:00.000-0500,1555.299,1546.182,,2024-01-29T04:00:00.000-0500,1,1,2024,2024-01-29,2792.7803000000004,-54.85560600000001,0.0
2024-01-29T05:00:00.000-0500,1609.463,1600.04,,2024-01-29T05:00:00.000-0500,1,1,2024,2024-01-29,2738.9223,-53.778446,0.0
2024-01-29T06:00:00.000-0500,1734.469,1745.532,,2024-01-29T06:00:00.000-0500,1,1,2024,2024-01-29,2593.4303,-50.868606,0.0
2024-01-29T07:00:00.000-0500,1901.457,1939.195,,2024-01-29T07:00:00.000-0500,1,1,2024,2024-01-29,2399.7673000000004,-46.99534600000001,0.0
2024-01-29T08:00:00.000-0500,2037.476,2076.609,,2024-01-29T08:00:00.000-0500,1,1,2024,2024-01-29,2262.3533,-44.247066000000004,0.0
2024-01-29T09:00:00.000-0500,2132.953,2173.585,,2024-01-29T09:00:00.000-0500,1,1,2024,2024-01-29,2165.3773,-42.307546,0.0
2024-01-29T10:00:00.000-0500,2174.976,2232.27,,2024-01-29T10:00:00.000-0500,1,1,2024,2024-01-29,2106.6923,-41.133846000000005,0.0
2024-01-29T11:00:00.000-0500,2197.267,2247.362,,2024-01-29T11:00:00.000-0500,1,1,2024,2024-01-29,2091.6003,-40.832006,0.0
2024-01-29T12:00:00.000-0500,2217.567,2261.221,,2024-01-29T12:00:00.000-0500,1,1,2024,2024-01-29,2077.7413,-40.554826000000006,0.0
2024-01-29T13:00:00.000-0500,2226.209,2261.321,,2024-01-29T13:00:00.000-0500,1,1,2024,2024-01-29,2077.6413000000002,-40.552826,0.0
2024-01-29T14:00:00.000-0500,2216.096,2280.548,,2024-01-29T14:00:00.000-0500,1,1,2024,2024-01-29,2058.4143000000004,-40.16828600000001,0.0
2024-01-29T15:00:00.000-0500,2204.037,2243.317,,2024-01-29T15:00:00.000-0500,1,1,2024,2024-01-29,2095.6453,-40.91290600000001,0.0
2024-01-29T16:00:00.000-0500,2212.061,2242.319,,2024-01-29T16:00:00.000-0500,1,1,2024,2024-01-29,2096.6433,-40.932866000000004,0.0
2024-01-29T17:00:00.000-0500,2279.699,2287.717,,2024-01-29T17:00:00.000-0500,1,1,2024,2024-01-29,2051.2453,-40.024906,0.0
2024-01-29T18:00:00.000-0500,2374.87,2395.837,,2024-01-29T18:00:00.000-0500,1,1,2024,2024-01-29,1943.1253000000002,-37.862506,0.0
2024-01-29T19:00:00.000-0500,2349.518,2357.834,,2024-01-29T19:00:00.000-0500,1,1,2024,2024-01-29,1981.1283000000003,-38.622566000000006,0.0
2024-01-29T20:00:00.000-0500,2263.502,2273.708,,2024-01-29T20:00:00.000-0500,1,1,2024,2024-01-29,2065.2543,-40.305086,0.0
2024-01-29T21:00:00.000-0500,2175.629,2183.714,,2024-01-29T21:00:00.000-0500,1,1,2024,2024-01-29,2155.2483,-42.104966000000005,0.0
2024-01-29T22:00:00.000-0500,2057.733,2064.802,,2024-01-29T22:00:00.000-0500,1,1,2024,2024-01-29,2274.1603,-44.483206,0.0
2024-01-29T23:00:00.000-0500,1915.368,1913.081,,2024-01-29T23:00:00.000-0500,1,1,2024,2024-01-29,2425.8813,-47.517626,0.0
2024-01-30T00:00:00.000-0500,1786.119,1811.567,,2024-01-30T00:00:00.000-0500,2,1,2024,2024-01-30,2527.3953,-49.547906000000005,0.0
2024-01-30T01:00:00.000-0500,1717.839,1726.918,4338.9623,2024-01-30T01:00:00.000-0500,2,1,2024,2024-01-30,2612.0443000000005,-51.24088600000001,0.0
2024-01-30T02:00:00.000-0500,1659.421,1679.647,,2024-01-30T02:00:00.000-0500,2,1,2024,2024-01-30,2659.3153,-52.186306,0.0
2024-01-30T03:00:00.000-0500,1642.051,1674.335,,2024-01-30T03:00:00.000-0500,2,1,2024,2024-01-30,2664.6273,-52.292546,0.0
2024-01-30T04:00:00.000-0500,1639.542,1694.042,,2024-01-30T04:00:00.000-0500,2,1,2024,2024-01-30,2644.9203,-51.89840600000001,0.0
2024-01-30T05:00:00.000-0500,1685.353,1743.096,,2024-01-30T05:00:00.000-0500,2,1,2024,2024-01-30,2595.8663,-50.917326,0.0
2024-01-30T06:00:00.000-0500,1817.339,1876.186,,2024-01-30T06:00:00.000-0500,2,1,2024,2024-01-30,2462.7763000000004,-48.25552600000001,0.0
2024-01-30T07:00:00.000-0500,2015.341,2074.773,,2024-01-30T07:00:00.000-0500,2,1,2024,2024-01-30,2264.1893,-44.283786,0.0
2024-01-30T08:00:00.000-0500,2144.756,2199.345,,2024-01-30T08:00:00.000-0500,2,1,2024,2024-01-30,2139.6173000000003,-41.79234600000001,0.0
2024-01-30T09:00:00.000-0500,2191.844,2251.812,,2024-01-30T09:00:00.000-0500,2,1,2024,2024-01-30,2087.1503000000002,-40.74300600000001,0.0
2024-01-30T10:00:00.000-0500,2231.73,2251.429,,2024-01-30T10:00:00.000-0500,2,1,2024,2024-01-30,2087.5333,-40.750666,0.0
2024-01-30T11:00:00.000-0500,2255.438,2251.643,,2024-01-30T11:00:00.000-0500,2,1,2024,2024-01-30,2087.3193,-40.746386,0.0
2024-01-30T12:00:00.000-0500,2262.03,2263.082,,2024-01-30T12:00:00.000-0500,2,1,2024,2024-01-30,2075.8803000000003,-40.51760600000001,0.0
2024-01-30T13:00:00.000-0500,2260.946,2271.58,,2024-01-30T13:00:00.000-0500,2,1,2024,2024-01-30,2067.3823,-40.347646000000005,0.0
2024-01-30T14:00:00.000-0500,2256.377,2269.843,,2024-01-30T14:00:00.000-0500,2,1,2024,2024-01-30,2069.1193000000003,-40.382386000000004,0.0
2024-01-30T15:00:00.000-0500,2247.682,2291.708,,2024-01-30T15:00:00.000-0500,2,1,2024,2024-01-30,2047.2543,-39.945086,0.0
2024-01-30T16:00:00.000-0500,2264.916,2296.395,,2024-01-30T16:00:00.000-0500,2,1,2024,2024-01-30,2042.5673000000002,-39.85134600000001,0.0
2024-01-30T17:00:00.000-0500,2320.812,2396.137,,2024-01-30T17:00:00.000-0500,2,1,2024,2024-01-30,1942.8253,-37.856506,0.0
2024-01-30T18:00:00.000-0500,2418.962,2480.808,,2024-01-30T18:00:00.000-0500,2,1,2024,2024-01-30,1858.1543000000001,-36.16308600000001,0.0
2024-01-30T19:00:00.000-0500,2401.672,2471.393,,2024-01-30T19:00:00.000-0500,2,1,2024,2024-01-30,1867.5693,-36.351386000000005,0.0
2024-01-30T20:00:00.000-0500,2330.421,2397.289,,2024-01-30T20:00:00.000-0500,2,1,2024,2024-01-30,1941.6733,-37.833466,0.0
2024-01-30T21:00:00.000-0500,2240.241,2286.137,,2024-01-30T21:00:00.000-0500,2,1,2024,2024-01-30,2052.8253,-40.056506,0.0
2024-01-30T22:00:00.000-0500,2120.683,2169.554,,2024-01-30T22:00:00.000-0500,2,1,2024,2024-01-30,2169.4083,-42.388166000000005,0.0
2024-01-30T23:00:00.000-0500,1971.562,2018.341,,2024-01-30T23:00:00.000-0500,2,1,2024,2024-01-30,2320.6213000000002,-45.412426,0.0
2024-01-31T00:00:00.000-0500,1850.36,1908.868,,2024-01-31T00:00:00.000-0500,3,1,2024,2024-01-31,2430.0943,-47.60188600000001,0.0
2024-01-25T01:00:00.000-0500,1685.23,1677.447,4338.9623,2024-01-25T01:00:00.000-0500,4,1,2024,2024-01-25,2661.5153,-52.230306,0.0
2024-01-25T02:00:00.000-0500,1626.138,1615.717,,2024-01-25T02:00:00.000-0500,4,1,2024,2024-01-25,2723.2453,-53.464906,0.0
2024-01-25T03:00:00.000-0500,1590.375,1562.228,,2024-01-25T03:00:00.000-0500,4,1,2024,2024-01-25,2776.7343,-54.534686,0.0
2024-01-25T04:00:00.000-0500,1584.996,1581.115,,2024-01-25T04:00:00.000-0500,4,1,2024,2024-01-25,2757.8473000000004,-54.156946000000005,0.0
2024-01-25T05:00:00.000-0500,1606.099,1606.554,,2024-01-25T05:00:00.000-0500,4,1,2024,2024-01-25,2732.4083,-53.648166,0.0
2024-01-25T06:00:00.000-0500,1732.393,1733.463,,2024-01-25T06:00:00.000-0500,4,1,2024,2024-01-25,2605.4993000000004,-51.109986000000006,0.0
2024-01-25T07:00:00.000-0500,1914.301,1932.952,,2024-01-25T07:00:00.000-0500,4,1,2024,2024-01-25,2406.0103,-47.120205999999996,0.0
2024-01-25T08:00:00.000-0500,2032.342,2052.267,,2024-01-25T08:00:00.000-0500,4,1,2024,2024-01-25,2286.6953000000003,-44.733906000000005,0.0
2024-01-25T09:00:00.000-0500,2053.908,2074.626,,2024-01-25T09:00:00.000-0500,4,1,2024,2024-01-25,2264.3363,-44.286726,0.0
2024-01-25T10:00:00.000-0500,2044.184,2067.926,,2024-01-25T10:00:00.000-0500,4,1,2024,2024-01-25,2271.0363,-44.420726,0.0
2024-01-25T11:00:00.000-0500,2020.374,2064.612,,2024-01-25T11:00:00.000-0500,4,1,2024,2024-01-25,2274.3503,-44.487006,0.0
2024-01-25T12:00:00.000-0500,1948.903,2039.35,,2024-01-25T12:00:00.000-0500,4,1,2024,2024-01-25,2299.6123000000002,-44.99224600000001,0.0
2024-01-25T13:00:00.000-0500,1883.053,1990.986,,2024-01-25T13:00:00.000-0500,4,1,2024,2024-01-25,2347.9763000000003,-45.959526000000004,0.0
2024-01-25T14:00:00.000-0500,1901.391,1884.516,,2024-01-25T14:00:00.000-0500,4,1,2024,2024-01-25,2454.4463,-48.088926,0.0
2024-01-25T15:00:00.000-0500,1916.708,1939.124,,2024-01-25T15:00:00.000-0500,4,1,2024,2024-01-25,2399.8383000000003,-46.99676600000001,0.0
2024-01-25T16:00:00.000-0500,1970.603,2011.637,,2024-01-25T16:00:00.000-0500,4,1,2024,2024-01-25,2327.3253000000004,-45.54650600000001,0.0
2024-01-25T17:00:00.000-0500,2072.187,2150.84,,2024-01-25T17:00:00.000-0500,4,1,2024,2024-01-25,2188.1223,-42.762446000000004,0.0
2024-01-25T18:00:00.000-0500,2176.112,2254.984,,2024-01-25T18:00:00.000-0500,4,1,2024,2024-01-25,2083.9783,-40.67956600000001,0.0
2024-01-25T19:00:00.000-0500,2159.148,2206.648,,2024-01-25T19:00:00.000-0500,4,1,2024,2024-01-25,2132.3143,-41.646286,0.0
2024-01-25T20:00:00.000-0500,2093.085,2128.312,,2024-01-25T20:00:00.000-0500,4,1,2024,2024-01-25,2210.6503000000002,-43.21300600000001,0.0
2024-01-25T21:00:00.000-0500,2013.412,2033.494,,2024-01-25T21:00:00.000-0500,4,1,2024,2024-01-25,2305.4683000000005,-45.10936600000001,0.0
2024-01-25T22:00:00.000-0500,1907.79,1941.71,,2024-01-25T22:00:00.000-0500,4,1,2024,2024-01-25,2397.2523,-46.945046000000005,0.0
2024-01-25T23:00:00.000-0500,1777.049,1789.231,,2024-01-25T23:00:00.000-0500,4,1,2024,2024-01-25,2549.7313000000004,-49.99462600000001,0.0
2024-01-26T00:00:00.000-0500,1663.059,1688.819,,2024-01-26T00:00:00.000-0500,5,1,2024,2024-01-26,2650.1433,-52.002866000000004,0.0
2024-01-26T01:00:00.000-0500,1591.967,1603.506,4338.9623,2024-01-26T01:00:00.000-0500,5,1,2024,2024-01-26,2735.4563,-53.709126,0.0
2024-01-26T02:00:00.000-0500,1534.517,1560.343,,2024-01-26T02:00:00.000-0500,5,1,2024,2024-01-26,2778.6193000000003,-54.57238600000001,0.0
2024-01-26T03:00:00.000-0500,1513.763,1530.355,,2024-01-26T03:00:00.000-0500,5,1,2024,2024-01-26,2808.6073,-55.172146000000005,0.0
2024-01-26T04:00:00.000-0500,1517.32,1545.64,,2024-01-26T04:00:00.000-0500,5,1,2024,2024-01-26,2793.3223,-54.866445999999996,0.0
2024-01-26T05:00:00.000-0500,1569.704,1583.591,,2024-01-26T05:00:00.000-0500,5,1,2024,2024-01-26,2755.3713000000002,-54.107426000000004,0.0
2024-01-26T06:00:00.000-0500,1683.333,1725.224,,2024-01-26T06:00:00.000-0500,5,1,2024,2024-01-26,2613.7383,-51.274766,0.0
2024-01-26T07:00:00.000-0500,1883.131,1916.281,,2024-01-26T07:00:00.000-0500,5,1,2024,2024-01-26,2422.6813,-47.45362600000001,0.0
2024-01-26T08:00:00.000-0500,2014.844,2065.425,,2024-01-26T08:00:00.000-0500,5,1,2024,2024-01-26,2273.5373,-44.470746,0.0
2024-01-26T09:00:00.000-0500,2065.352,2158.109,,2024-01-26T09:00:00.000-0500,5,1,2024,2024-01-26,2180.8533,-42.61706600000001,0.0
2024-01-26T10:00:00.000-0500,2093.003,2191.268,,2024-01-26T10:00:00.000-0500,5,1,2024,2024-01-26,2147.6943,-41.953886000000004,0.0
2024-01-26T11:00:00.000-0500,2100.415,2221.663,,2024-01-26T11:00:00.000-0500,5,1,2024,2024-01-26,2117.2993,-41.345986,0.0
2024-01-26T12:00:00.000-0500,2097.55,2232.298,,2024-01-26T12:00:00.000-0500,5,1,2024,2024-01-26,2106.6643000000004,-41.133286000000005,0.0
2024-01-26T13:00:00.000-0500,2095.859,2253.3,,2024-01-26T13:00:00.000-0500,5,1,2024,2024-01-26,2085.6623,-40.713246,0.0
2024-01-26T14:00:00.000-0500,2102.57,2224.877,,2024-01-26T14:00:00.000-0500,5,1,2024,2024-01-26,2114.0853,-41.28170600000001,0.0
2024-01-26T15:00:00.000-0500,2089.777,2189.937,,2024-01-26T15:00:00.000-0500,5,1,2024,2024-01-26,2149.0253000000002,-41.980506000000005,0.0
2024-01-26T16:00:00.000-0500,2095.801,2188.799,,2024-01-26T16:00:00.000-0500,5,1,2024,2024-01-26,2150.1633,-42.003266,0.0
2024-01-26T17:00:00.000-0500,2151.496,2221.831,,2024-01-26T17:00:00.000-0500,5,1,2024,2024-01-26,2117.1313,-41.342626,0.0
2024-01-26T18:00:00.000-0500,2207.421,2267.826,,2024-01-26T18:00:00.000-0500,5,1,2024,2024-01-26,2071.1363,-40.422726000000004,0.0
2024-01-26T19:00:00.000-0500,2163.213,2216.939,,2024-01-26T19:00:00.000-0500,5,1,2024,2024-01-26,2122.0233000000003,-41.44046600000001,0.0
2024-01-26T20:00:00.000-0500,2087.317,2133.366,,2024-01-26T20:00:00.000-0500,5,1,2024,2024-01-26,2205.5963,-43.111926000000004,0.0
2024-01-26T21:00:00.000-0500,2023.636,2032.624,,2024-01-26T21:00:00.000-0500,5,1,2024,2024-01-26,2306.3383000000003,-45.12676600000001,0.0
2024-01-26T22:00:00.000-0500,1929.99,1938.407,,2024-01-26T22:00:00.000-0500,5,1,2024,2024-01-26,2400.5553,-47.011106,0.0
2024-01-26T23:00:00.000-0500,1815.793,1808.643,,2024-01-26T23:00:00.000-0500,5,1,2024,2024-01-26,2530.3193,-49.606386,0.0
2024-01-27T00:00:00.000-0500,1712.442,1714.702,,2024-01-27T00:00:00.000-0500,6,1,2024,2024-01-27,2624.2603,-51.485206,0.0
2024-01-27T01:00:00.000-0500,1626.892,1624.481,4338.9623,2024-01-27T01:00:00.000-0500,6,1,2024,2024-01-27,2714.4813000000004,-53.289626000000005,0.0
2024-01-27T02:00:00.000-0500,1578.524,1562.577,,2024-01-27T02:00:00.000-0500,6,1,2024,2024-01-27,2776.3853,-54.527706,0.0
2024-01-27T03:00:00.000-0500,1541.054,1540.801,,2024-01-27T03:00:00.000-0500,6,1,2024,2024-01-27,2798.1613,-54.963226000000006,0.0
2024-01-27T04:00:00.000-0500,1526.195,1540.823,,2024-01-27T04:00:00.000-0500,6,1,2024,2024-01-27,2798.1393,-54.962785999999994,0.0
2024-01-27T05:00:00.000-0500,1542.729,1554.735,,2024-01-27T05:00:00.000-0500,6,1,2024,2024-01-27,2784.2273000000005,-54.68454600000001,0.0
2024-01-27T06:00:00.000-0500,1589.603,1615.193,,2024-01-27T06:00:00.000-0500,6,1,2024,2024-01-27,2723.7693,-53.475386,0.0
2024-01-27T07:00:00.000-0500,1662.716,1701.04,,2024-01-27T07:00:00.000-0500,6,1,2024,2024-01-27,2637.9223,-51.758446000000006,0.0
2024-01-27T08:00:00.000-0500,1744.525,1807.513,,2024-01-27T08:00:00.000-0500,6,1,2024,2024-01-27,2531.4493,-49.628986000000005,0.0
2024-01-27T09:00:00.000-0500,1807.923,1915.682,,2024-01-27T09:00:00.000-0500,6,1,2024,2024-01-27,2423.2803000000004,-47.46560600000001,0.0
2024-01-27T10:00:00.000-0500,1837.338,1987.596,,2024-01-27T10:00:00.000-0500,6,1,2024,2024-01-27,2351.3663,-46.027326,0.0
2024-01-27T11:00:00.000-0500,1858.773,1953.355,,2024-01-27T11:00:00.000-0500,6,1,2024,2024-01-27,2385.6073,-46.712146000000004,0.0
2024-01-27T12:00:00.000-0500,1872.544,1960.164,,2024-01-27T12:00:00.000-0500,6,1,2024,2024-01-27,2378.7983000000004,-46.57596600000001,0.0
2024-01-27T13:00:00.000-0500,1861.318,1900.452,,2024-01-27T13:00:00.000-0500,6,1,2024,2024-01-27,2438.5103,-47.770206,0.0
2024-01-27T14:00:00.000-0500,1856.269,1932.219,,2024-01-27T14:00:00.000-0500,6,1,2024,2024-01-27,2406.7433,-47.134866,0.0
2024-01-27T15:00:00.000-0500,1850.454,1944.296,,2024-01-27T15:00:00.000-0500,6,1,2024,2024-01-27,2394.6663,-46.893326,0.0
2024-01-27T16:00:00.000-0500,1900.535,1963.57,,2024-01-27T16:00:00.000-0500,6,1,2024,2024-01-27,2375.3923000000004,-46.50784600000001,0.0
2024-01-27T17:00:00.000-0500,1990.728,2072.832,,2024-01-27T17:00:00.000-0500,6,1,2024,2024-01-27,2266.1303000000003,-44.32260600000001,0.0
2024-01-27T18:00:00.000-0500,2059.771,2136.269,,2024-01-27T18:00:00.000-0500,6,1,2024,2024-01-27,2202.6933000000004,-43.053866000000006,0.0
2024-01-27T19:00:00.000-0500,2027.894,2094.737,,2024-01-27T19:00:00.000-0500,6,1,2024,2024-01-27,2244.2253,-43.884506,0.0
2024-01-27T20:00:00.000-0500,1971.191,2020.456,,2024-01-27T20:00:00.000-0500,6,1,2024,2024-01-27,2318.5063,-45.370126,0.0
2024-01-27T21:00:00.000-0500,1909.921,1942.813,,2024-01-27T21:00:00.000-0500,6,1,2024,2024-01-27,2396.1493,-46.922986,0.0
2024-01-27T22:00:00.000-0500,1834.481,1860.677,,2024-01-27T22:00:00.000-0500,6,1,2024,2024-01-27,2478.2853000000005,-48.56570600000001,0.0
2024-01-27T23:00:00.000-0500,1736.805,1752.075,,2024-01-27T23:00:00.000-0500,6,1,2024,2024-01-27,2586.8873000000003,-50.73774600000001,0.0
2024-01-28T00:00:00.000-0500,1649.559,1668.88,,2024-01-28T00:00:00.000-0500,7,1,2024,2024-01-28,2670.0823,-52.401646,0.0
2024-01-28T01:00:00.000-0500,1574.115,1593.949,4338.9623,2024-01-28T01:00:00.000-0500,7,1,2024,2024-01-28,2745.0133,-53.900266,0.0
2024-01-28T02:00:00.000-0500,1525.117,1537.248,,2024-01-28T02:00:00.000-0500,7,1,2024,2024-01-28,2801.7143,-55.034286,0.0
2024-01-28T03:00:00.000-0500,1495.206,1506.805,,2024-01-28T03:00:00.000-0500,7,1,2024,2024-01-28,2832.1573,-55.643146,0.0
2024-01-28T04:00:00.000-0500,1483.203,1496.452,,2024-01-28T04:00:00.000-0500,7,1,2024,2024-01-28,2842.5103,-55.850206,0.0
2024-01-28T05:00:00.000-0500,1491.233,1503.976,,2024-01-28T05:00:00.000-0500,7,1,2024,2024-01-28,2834.9863,-55.699726,0.0
2024-01-28T06:00:00.000-0500,1525.302,1578.923,,2024-01-28T06:00:00.000-0500,7,1,2024,2024-01-28,2760.0393000000004,-54.20078600000001,0.0
2024-01-28T07:00:00.000-0500,1583.776,1636.336,,2024-01-28T07:00:00.000-0500,7,1,2024,2024-01-28,2702.6263,-53.052526,0.0
2024-01-28T08:00:00.000-0500,1656.349,1720.269,,2024-01-28T08:00:00.000-0500,7,1,2024,2024-01-28,2618.6933,-51.373866,0.0
2024-01-28T09:00:00.000-0500,1759.027,1878.857,,2024-01-28T09:00:00.000-0500,7,1,2024,2024-01-28,2460.1053,-48.20210600000001,0.0
2024-01-28T10:00:00.000-0500,1874.212,1980.299,,2024-01-28T10:00:00.000-0500,7,1,2024,2024-01-28,2358.6633,-46.173266000000005,0.0
2024-01-28T11:00:00.000-0500,1971.44,2116.993,,2024-01-28T11:00:00.000-0500,7,1,2024,2024-01-28,2221.9693,-43.439386000000006,0.0
2024-01-28T12:00:00.000-0500,2025.707,2113.056,,2024-01-28T12:00:00.000-0500,7,1,2024,2024-01-28,2225.9063,-43.518126,0.0
2024-01-28T13:00:00.000-0500,2057.513,2190.729,,2024-01-28T13:00:00.000-0500,7,1,2024,2024-01-28,2148.2333000000003,-41.96466600000001,0.0
2024-01-28T14:00:00.000-0500,2068.512,2178.718,,2024-01-28T14:00:00.000-0500,7,1,2024,2024-01-28,2160.2443000000003,-42.20488600000001,0.0
2024-01-28T15:00:00.000-0500,2076.068,2181.793,,2024-01-28T15:00:00.000-0500,7,1,2024,2024-01-28,2157.1693,-42.143386,0.0
2024-01-28T16:00:00.000-0500,2091.556,2150.908,,2024-01-28T16:00:00.000-0500,7,1,2024,2024-01-28,2188.0543000000002,-42.761086000000006,0.0
2024-01-28T17:00:00.000-0500,2150.668,2212.963,,2024-01-28T17:00:00.000-0500,7,1,2024,2024-01-28,2125.9993,-41.519986,0.0
2024-01-28T18:00:00.000-0500,2222.467,2279.134,,2024-01-28T18:00:00.000-0500,7,1,2024,2024-01-28,2059.8283,-40.196566000000004,0.0
2024-01-28T19:00:00.000-0500,2195.602,2230.668,,2024-01-28T19:00:00.000-0500,7,1,2024,2024-01-28,2108.2943,-41.165886,0.0
2024-01-28T20:00:00.000-0500,2120.656,2130.091,,2024-01-28T20:00:00.000-0500,7,1,2024,2024-01-28,2208.8713000000002,-43.177426000000004,0.0
2024-01-28T21:00:00.000-0500,2043.85,2060.888,,2024-01-28T21:00:00.000-0500,7,1,2024,2024-01-28,2278.0743,-44.561486,0.0
2024-01-28T22:00:00.000-0500,1930.575,1929.966,,2024-01-28T22:00:00.000-0500,7,1,2024,2024-01-28,2408.9963000000002,-47.17992600000001,0.0
2024-01-28T23:00:00.000-0500,1805.196,1795.176,,2024-01-28T23:00:00.000-0500,7,1,2024,2024-01-28,2543.7863,-49.87572600000001,0.0
2024-01-29T00:00:00.000-0500,1694.454,1683.361,,2024-01-29T00:00:00.000-0500,1,1,2024,2024-01-29,2655.6013000000003,-52.11202600000001,0.0
2024-01-29T01:00:00.000-0500,1628.098,1598.558,4338.9623,2024-01-29T01:00:00.000-0500,1,1,2024,2024-01-29,2740.4043,-53.808086,0.0
2024-01-29T02:00:00.000-0500,1573.377,1547.904,,2024-01-29T02:00:00.000-0500,1,1,2024,2024-01-29,2791.0583,-54.821166000000005,0.0
2024-01-29T03:00:00.000-0500,1555.901,1546.688,,2024-01-29T03:00:00.000-0500,1,1,2024,2024-01-29,2792.2743,-54.845486,0.0
2024-01-29T04:00:00.000-0500,1555.299,1546.182,,2024-01-29T04:00:00.000-0500,1,1,2024,2024-01-29,2792.7803000000004,-54.85560600000001,0.0
2024-01-29T05:00:00.000-0500,1609.463,1600.04,,2024-01-29T05:00:00.000-0500,1,1,2024,2024-01-29,2738.9223,-53.778446,0.0
2024-01-29T06:00:00.000-0500,1734.469,1745.532,,2024-01-29T06:00:00.000-0500,1,1,2024,2024-01-29,2593.4303,-50.868606,0.0
2024-01-29T07:00:00.000-0500,1901.457,1939.195,,2024-01-29T07:00:00.000-0500,1,1,2024,2024-01-29,2399.7673000000004,-46.99534600000001,0.0
2024-01-29T08:00:00.000-0500,2037.476,2076.609,,2024-01-29T08:00:00.000-0500,1,1,2024,2024-01-29,2262.3533,-44.247066000000004,0.0
2024-01-29T09:00:00.000-0500,2132.953,2173.585,,2024-01-29T09:00:00.000-0500,1,1,2024,2024-01-29,2165.3773,-42.307546,0.0
2024-01-29T10:00:00.000-0500,2174.976,2232.27,,2024-01-29T10:00:00.000-0500,1,1,2024,2024-01-29,2106.6923,-41.133846000000005,0.0
2024-01-29T11:00:00.000-0500,2197.267,2247.362,,2024-01-29T11:00:00.000-0500,1,1,2024,2024-01-29,2091.6003,-40.832006,0.0
2024-01-29T12:00:00.000-0500,2217.567,2261.221,,2024-01-29T12:00:00.000-0500,1,1,2024,2024-01-29,2077.7413,-40.554826000000006,0.0
2024-01-29T13:00:00.000-0500,2226.209,2261.321,,2024-01-29T13:00:00.000-0500,1,1,2024,2024-01-29,2077.6413000000002,-40.552826,0.0
2024-01-29T14:00:00.000-0500,2216.096,2280.548,,2024-01-29T14:00:00.000-0500,1,1,2024,2024-01-29,2058.4143000000004,-40.16828600000001,0.0
2024-01-29T15:00:00.000-0500,2204.037,2243.317,,2024-01-29T15:00:00.000-0500,1,1,2024,2024-01-29,2095.6453,-40.91290600000001,0.0
2024-01-29T16:00:00.000-0500,2212.061,2242.319,,2024-01-29T16:00:00.000-0500,1,1,2024,2024-01-29,2096.6433,-40.932866000000004,0.0
2024-01-29T17:00:00.000-0500,2279.699,2287.717,,2024-01-29T17:00:00.000-0500,1,1,2024,2024-01-29,2051.2453,-40.024906,0.0
2024-01-29T18:00:00.000-0500,2374.87,2395.837,,2024-01-29T18:00:00.000-0500,1,1,2024,2024-01-29,1943.1253000000002,-37.862506,0.0
2024-01-29T19:00:00.000-0500,2349.518,2357.834,,2024-01-29T19:00:00.000-0500,1,1,2024,2024-01-29,1981.1283000000003,-38.622566000000006,0.0
2024-01-29T20:00:00.000-0500,2263.502,2273.708,,2024-01-29T20:00:00.000-0500,1,1,2024,2024-01-29,2065.2543,-40.305086,0.0
2024-01-29T21:00:00.000-0500,2175.629,2183.714,,2024-01-29T21:00:00.000-0500,1,1,2024,2024-01-29,2155.2483,-42.104966000000005,0.0
2024-01-29T22:00:00.000-0500,2057.733,2064.802,,2024-01-29T22:00:00.000-0500,1,1,2024,2024-01-29,2274.1603,-44.483206,0.0
2024-01-29T23:00:00.000-0500,1915.368,1913.081,,2024-01-29T23:00:00.000-0500,1,1,2024,2024-01-29,2425.8813,-47.517626,0.0
2024-01-30T00:00:00.000-0500,1786.119,1811.567,,2024-01-30T00:00:00.000-0500,2,1,2024,2024-01-30,2527.3953,-49.547906000000005,0.0
2024-01-30T01:00:00.000-0500,1717.839,1726.918,4338.9623,2024-01-30T01:00:00.000-0500,2,1,2024,2024-01-30,2612.0443000000005,-51.24088600000001,0.0
2024-01-30T02:00:00.000-0500,1659.421,1679.647,,2024-01-30T02:00:00.000-0500,2,1,2024,2024-01-30,2659.3153,-52.186306,0.0
2024-01-30T03:00:00.000-0500,1642.051,1674.335,,2024-01-30T03:00:00.000-0500,2,1,2024,2024-01-30,2664.6273,-52.292546,0.0
2024-01-30T04:00:00.000-0500,1639.542,1694.042,,2024-01-30T04:00:00.000-0500,2,1,2024,2024-01-30,2644.9203,-51.89840600000001,0.0
2024-01-30T05:00:00.000-0500,1685.353,1743.096,,2024-01-30T05:00:00.000-0500,2,1,2024,2024-01-30,2595.8663,-50.917326,0.0
2024-01-30T06:00:00.000-0500,1817.339,1876.186,,2024-01-30T06:00:00.000-0500,2,1,2024,2024-01-30,2462.7763000000004,-48.25552600000001,0.0
2024-01-30T07:00:00.000-0500,2015.341,2074.773,,2024-01-30T07:00:00.000-0500,2,1,2024,2024-01-30,2264.1893,-44.283786,0.0
2024-01-30T08:00:00.000-0500,2144.756,2199.345,,2024-01-30T08:00:00.000-0500,2,1,2024,2024-01-30,2139.6173000000003,-41.79234600000001,0.0
2024-01-30T09:00:00.000-0500,2191.844,2251.812,,2024-01-30T09:00:00.000-0500,2,1,2024,2024-01-30,2087.1503000000002,-40.74300600000001,0.0
2024-01-30T10:00:00.000-0500,2231.73,2251.429,,2024-01-30T10:00:00.000-0500,2,1,2024,2024-01-30,2087.5333,-40.750666,0.0
2024-01-30T11:00:00.000-0500,2255.438,2251.643,,2024-01-30T11:00:00.000-0500,2,1,2024,2024-01-30,2087.3193,-40.746386,0.0
2024-01-30T12:00:00.000-0500,2262.03,2263.082,,2024-01-30T12:00:00.000-0500,2,1,2024,2024-01-30,2075.8803000000003,-40.51760600000001,0.0
2024-01-30T13:00:00.000-0500,2260.946,2271.58,,2024-01-30T13:00:00.000-0500,2,1,2024,2024-01-30,2067.3823,-40.347646000000005,0.0
2024-01-30T14:00:00.000-0500,2256.377,2269.843,,2024-01-30T14:00:00.000-0500,2,1,2024,2024-01-30,2069.1193000000003,-40.382386000000004,0.0
2024-01-30T15:00:00.000-0500,2247.682,2291.708,,2024-01-30T15:00:00.000-0500,2,1,2024,2024-01-30,2047.2543,-39.945086,0.0
2024-01-30T16:00:00.000-0500,2264.916,2296.395,,2024-01-30T16:00:00.000-0500,2,1,2024,2024-01-30,2042.5673000000002,-39.85134600000001,0.0
2024-01-30T17:00:00.000-0500,2320.812,2396.137,,2024-01-30T17:00:00.000-0500,2,1,2024,2024-01-30,1942.8253,-37.856506,0.0
2024-01-30T18:00:00.000-0500,2418.962,2480.808,,2024-01-30T18:00:00.000-0500,2,1,2024,2024-01-30,1858.1543000000001,-36.16308600000001,0.0
2024-01-30T19:00:00.000-0500,2401.672,2471.393,,2024-01-30T19:00:00.000-0500,2,1,2024,2024-01-30,1867.5693,-36.351386000000005,0.0
2024-01-30T20:00:00.000-0500,2330.421,2397.289,,2024-01-30T20:00:00.000-0500,2,1,2024,2024-01-30,1941.6733,-37.833466,0.0
2024-01-30T21:00:00.000-0500,2240.241,2286.137,,2024-01-30T21:00:00.000-0500,2,1,2024,2024-01-30,2052.8253,-40.056506,0.0
2024-01-30T22:00:00.000-0500,2120.683,2169.554,,2024-01-30T22:00:00.000-0500,2,1,2024,2024-01-30,2169.4083,-42.388166000000005,0.0
2024-01-30T23:00:00.000-0500,1971.562,2018.341,,2024-01-30T23:00:00.000-0500,2,1,2024,2024-01-30,2320.6213000000002,-45.412426,0.0
2024-01-31T00:00:00.000-0500,1850.36,1908.868,,2024-01-31T00:00:00.000-0500,3,1,2024,2024-01-31,2430.0943,-47.60188600000001,0.0
2024-01-31T01:00:00.000-0500,1774.952,1808.282,4338.9623,2024-01-31T01:00:00.000-0500,3,1,2024,2024-01-31,2530.6803,-49.613606000000004,0.0
2024-01-31T02:00:00.000-0500,1725.235,1735.403,,2024-01-31T02:00:00.000-0500,3,1,2024,2024-01-31,2603.5593,-51.071186,0.0
2024-01-31T03:00:00.000-0500,1698.073,1737.245,,2024-01-31T03:00:00.000-0500,3,1,2024,2024-01-31,2601.7173000000003,-51.034346000000006,0.0
2024-01-31T04:00:00.000-0500,1702.55,1744.331,,2024-01-31T04:00:00.000-0500,3,1,2024,2024-01-31,2594.6313,-50.892626,0.0
2024-01-31T05:00:00.000-0500,1747.502,1777.34,,2024-01-31T05:00:00.000-0500,3,1,2024,2024-01-31,2561.6223,-50.232446,0.0
2024-01-31T06:00:00.000-0500,1879.972,1931.836,,2024-01-31T06:00:00.000-0500,3,1,2024,2024-01-31,2407.1263,-47.142526,0.0
2024-01-31T07:00:00.000-0500,2071.618,2122.214,,2024-01-31T07:00:00.000-0500,3,1,2024,2024-01-31,2216.7483,-43.334966,0.0
2024-01-31T08:00:00.000-0500,2199.027,2235.573,,2024-01-31T08:00:00.000-0500,3,1,2024,2024-01-31,2103.3893000000003,-41.067786000000005,0.0
2024-01-31T09:00:00.000-0500,2246.714,2240.784,,2024-01-31T09:00:00.000-0500,3,1,2024,2024-01-31,2098.1783,-40.963566,0.0
2024-01-31T10:00:00.000-0500,2257.455,2210.031,,2024-01-31T10:00:00.000-0500,3,1,2024,2024-01-31,2128.9313,-41.57862600000001,0.0
2024-01-31T11:00:00.000-0500,2272.546,2268.081,,2024-01-31T11:00:00.000-0500,3,1,2024,2024-01-31,2070.8813,-40.417626,0.0
2024-01-31T12:00:00.000-0500,2251.146,2322.739,,2024-01-31T12:00:00.000-0500,3,1,2024,2024-01-31,2016.2233,-39.324466,0.0
2024-01-31T13:00:00.000-0500,2236.561,2297.766,,2024-01-31T13:00:00.000-0500,3,1,2024,2024-01-31,2041.1963,-39.823926,0.0
2024-01-31T14:00:00.000-0500,2231.096,2305.84,,2024-01-31T14:00:00.000-0500,3,1,2024,2024-01-31,2033.1223,-39.662446,0.0
2024-01-31T15:00:00.000-0500,2208.538,2290.39,,2024-01-31T15:00:00.000-0500,3,1,2024,2024-01-31,2048.5723000000003,-39.97144600000001,0.0
2024-01-31T16:00:00.000-0500,2228.002,2281.222,,2024-01-31T16:00:00.000-0500,3,1,2024,2024-01-31,2057.7403,-40.154806,0.0
2024-01-31T17:00:00.000-0500,2279.22,2310.672,,2024-01-31T17:00:00.000-0500,3,1,2024,2024-01-31,2028.2903000000001,-39.565806,0.0
2024-01-31T18:00:00.000-0500,2374.261,2385.008,,2024-01-31T18:00:00.000-0500,3,1,2024,2024-01-31,1953.9543000000003,-38.07908600000001,0.0
2024-01-31T19:00:00.000-0500,2352.227,2370.402,,2024-01-31T19:00:00.000-0500,3,1,2024,2024-01-31,1968.5603,-38.371206,0.0
2024-01-31T20:00:00.000-0500,2267.475,2304.003,,2024-01-31T20:00:00.000-0500,3,1,2024,2024-01-31,2034.9593,-39.699186,0.0
2024-01-31T21:00:00.000-0500,2182.58,2207.872,,2024-01-31T21:00:00.000-0500,3,1,2024,2024-01-31,2131.0903000000003,-41.62180600000001,0.0
2024-01-31T22:00:00.000-0500,2063.761,2090.914,,2024-01-31T22:00:00.000-0500,3,1,2024,2024-01-31,2248.0483,-43.960966,0.0
2024-01-31T23:00:00.000-0500,1913.957,1938.745,,2024-01-31T23:00:00.000-0500,3,1,2024,2024-01-31,2400.2173000000003,-47.004346000000005,0.0
2024-01-26T01:00:00.000-0500,1591.967,1603.506,4338.9623,2024-01-26T01:00:00.000-0500,5,1,2024,2024-01-26,2735.4563,-53.709126,0.0
2024-01-26T02:00:00.000-0500,1534.517,1560.343,,2024-01-26T02:00:00.000-0500,5,1,2024,2024-01-26,2778.6193000000003,-54.57238600000001,0.0
2024-01-26T03:00:00.000-0500,1513.763,1530.355,,2024-01-26T03:00:00.000-0500,5,1,2024,2024-01-26,2808.6073,-55.172146000000005,0.0
2024-01-26T04:00:00.000-0500,1517.32,1545.64,,2024-01-26T04:00:00.000-0500,5,1,2024,2024-01-26,2793.3223,-54.866445999999996,0.0
2024-01-26T05:00:00.000-0500,1569.704,1583.591,,2024-01-26T05:00:00.000-0500,5,1,2024,2024-01-26,2755.3713000000002,-54.107426000000004,0.0
2024-01-26T06:00:00.000-0500,1683.333,1725.224,,2024-01-26T06:00:00.000-0500,5,1,2024,2024-01-26,2613.7383,-51.274766,0.0
2024-01-26T07:00:00.000-0500,1883.131,1916.281,,2024-01-26T07:00:00.000-0500,5,1,2024,2024-01-26,2422.6813,-47.45362600000001,0.0
2024-01-26T08:00:00.000-0500,2014.844,2065.425,,2024-01-26T08:00:00.000-0500,5,1,2024,2024-01-26,2273.5373,-44.470746,0.0
2024-01-26T09:00:00.000-0500,2065.352,2158.109,,2024-01-26T09:00:00.000-0500,5,1,2024,2024-01-26,2180.8533,-42.61706600000001,0.0
2024-01-26T10:00:00.000-0500,2093.003,2191.268,,2024-01-26T10:00:00.000-0500,5,1,2024,2024-01-26,2147.6943,-41.953886000000004,0.0
2024-01-26T11:00:00.000-0500,2100.415,2221.663,,2024-01-26T11:00:00.000-0500,5,1,2024,2024-01-26,2117.2993,-41.345986,0.0
2024-01-26T12:00:00.000-0500,2097.55,2232.298,,2024-01-26T12:00:00.000-0500,5,1,2024,2024-01-26,2106.6643000000004,-41.133286000000005,0.0
2024-01-26T13:00:00.000-0500,2095.859,2253.3,,2024-01-26T13:00:00.000-0500,5,1,2024,2024-01-26,2085.6623,-40.713246,0.0
2024-01-26T14:00:00.000-0500,2102.57,2224.877,,2024-01-26T14:00:00.000-0500,5,1,2024,2024-01-26,2114.0853,-41.28170600000001,0.0
2024-01-26T15:00:00.000-0500,2089.777,2189.937,,2024-01-26T15:00:00.000-0500,5,1,2024,2024-01-26,2149.0253000000002,-41.980506000000005,0.0
2024-01-26T16:00:00.000-0500,2095.801,2188.799,,2024-01-26T16:00:00.000-0500,5,1,2024,2024-01-26,2150.1633,-42.003266,0.0
2024-01-26T17:00:00.000-0500,2151.496,2221.831,,2024-01-26T17:00:00.000-0500,5,1,2024,2024-01-26,2117.1313,-41.342626,0.0
2024-01-26T18:00:00.000-0500,2207.421,2267.826,,2024-01-26T18:00:00.000-0500,5,1,2024,2024-01-26,2071.1363,-40.422726000000004,0.0
2024-01-26T19:00:00.000-0500,2163.213,2216.939,,2024-01-26T19:00:00.000-0500,5,1,2024,2024-01-26,2122.0233000000003,-41.44046600000001,0.0
2024-01-26T20:00:00.000-0500,2087.317,2133.366,,2024-01-26T20:00:00.000-0500,5,1,2024,2024-01-26,2205.5963,-43.111926000000004,0.0
2024-01-26T21:00:00.000-0500,2023.636,2032.624,,2024-01-26T21:00:00.000-0500,5,1,2024,2024-01-26,2306.3383000000003,-45.12676600000001,0.0
2024-01-26T22:00:00.000-0500,1929.99,1938.407,,2024-01-26T22:00:00.000-0500,5,1,2024,2024-01-26,2400.5553,-47.011106,0.0
2024-01-26T23:00:00.000-0500,1815.793,1808.643,,2024-01-26T23:00:00.000-0500,5,1,2024,2024-01-26,2530.3193,-49.606386,0.0
2024-01-27T00:00:00.000-0500,1712.442,1714.702,,2024-01-27T00:00:00.000-0500,6,1,2024,2024-01-27,2624.2603,-51.485206,0.0
2024-01-27T01:00:00.000-0500,1626.892,1624.481,4338.9623,2024-01-27T01:00:00.000-0500,6,1,2024,2024-01-27,2714.4813000000004,-53.289626000000005,0.0
2024-01-27T02:00:00.000-0500,1578.524,1562.577,,2024-01-27T02:00:00.000-0500,6,1,2024,2024-01-27,2776.3853,-54.527706,0.0
2024-01-27T03:00:00.000-0500,1541.054,1540.801,,2024-01-27T03:00:00.000-0500,6,1,2024,2024-01-27,2798.1613,-54.963226000000006,0.0
2024-01-27T04:00:00.000-0500,1526.195,1540.823,,2024-01-27T04:00:00.000-0500,6,1,2024,2024-01-27,2798.1393,-54.962785999999994,0.0
2024-01-27T05:00:00.000-0500,1542.729,1554.735,,2024-01-27T05:00:00.000-0500,6,1,2024,2024-01-27,2784.2273000000005,-54.68454600000001,0.0
2024-01-27T06:00:00.000-0500,1589.603,1615.193,,2024-01-27T06:00:00.000-0500,6,1,2024,2024-01-27,2723.7693,-53.475386,0.0
2024-01-27T07:00:00.000-0500,1662.716,1701.04,,2024-01-27T07:00:00.000-0500,6,1,2024,2024-01-27,2637.9223,-51.758446000000006,0.0
2024-01-27T08:00:00.000-0500,1744.525,1807.513,,2024-01-27T08:00:00.000-0500,6,1,2024,2024-01-27,2531.4493,-49.628986000000005,0.0
2024-01-27T09:00:00.000-0500,1807.923,1915.682,,2024-01-27T09:00:00.000-0500,6,1,2024,2024-01-27,2423.2803000000004,-47.46560600000001,0.0
2024-01-27T10:00:00.000-0500,1837.338,1987.596,,2024-01-27T10:00:00.000-0500,6,1,2024,2024-01-27,2351.3663,-46.027326,0.0
2024-01-27T11:00:00.000-0500,1858.773,1953.355,,2024-01-27T11:00:00.000-0500,6,1,2024,2024-01-27,2385.6073,-46.712146000000004,0.0
2024-01-27T12:00:00.000-0500,1872.544,1960.164,,2024-01-27T12:00:00.000-0500,6,1,2024,2024-01-27,2378.7983000000004,-46.57596600000001,0.0
2024-01-27T13:00:00.000-0500,1861.318,1900.452,,2024-01-27T13:00:00.000-0500,6,1,2024,2024-01-27,2438.5103,-47.770206,0.0
2024-01-27T14:00:00.000-0500,1856.269,1932.219,,2024-01-27T14:00:00.000-0500,6,1,2024,2024-01-27,2406.7433,-47.134866,0.0
2024-01-27T15:00:00.000-0500,1850.454,1944.296,,2024-01-27T15:00:00.000-0500,6,1,2024,2024-01-27,2394.6663,-46.893326,0.0
2024-01-27T16:00:00.000-0500,1900.535,1963.57,,2024-01-27T16:00:00.000-0500,6,1,2024,2024-01-27,2375.3923000000004,-46.50784600000001,0.0
2024-01-27T17:00:00.000-0500,1990.728,2072.832,,2024-01-27T17:00:00.000-0500,6,1,2024,2024-01-27,2266.1303000000003,-44.32260600000001,0.0
2024-01-27T18:00:00.000-0500,2059.771,2136.269,,2024-01-27T18:00:00.000-0500,6,1,2024,2024-01-27,2202.6933000000004,-43.053866000000006,0.0
2024-01-27T19:00:00.000-0500,2027.894,2094.737,,2024-01-27T19:00:00.000-0500,6,1,2024,2024-01-27,2244.2253,-43.884506,0.0
2024-01-27T20:00:00.000-0500,1971.191,2020.456,,2024-01-27T20:00:00.000-0500,6,1,2024,2024-01-27,2318.5063,-45.370126,0.0
2024-01-27T21:00:00.000-0500,1909.921,1942.813,,2024-01-27T21:00:00.000-0500,6,1,2024,2024-01-27,2396.1493,-46.922986,0.0
2024-01-27T22:00:00.000-0500,1834.481,1860.677,,2024-01-27T22:00:00.000-0500,6,1,2024,2024-01-27,2478.2853000000005,-48.56570600000001,0.0
2024-01-27T23:00:00.000-0500,1736.805,1752.075,,2024-01-27T23:00:00.000-0500,6,1,2024,2024-01-27,2586.8873000000003,-50.73774600000001,0.0
2024-01-28T00:00:00.000-0500,1649.559,1668.88,,2024-01-28T00:00:00.000-0500,7,1,2024,2024-01-28,2670.0823,-52.401646,0.0
2024-01-28T01:00:00.000-0500,1574.115,1593.949,4338.9623,2024-01-28T01:00:00.000-0500,7,1,2024,2024-01-28,2745.0133,-53.900266,0.0
2024-01-28T02:00:00.000-0500,1525.117,1537.248,,2024-01-28T02:00:00.000-0500,7,1,2024,2024-01-28,2801.7143,-55.034286,0.0
2024-01-28T03:00:00.000-0500,1495.206,1506.805,,2024-01-28T03:00:00.000-0500,7,1,2024,2024-01-28,2832.1573,-55.643146,0.0
2024-01-28T04:00:00.000-0500,1483.203,1496.452,,2024-01-28T04:00:00.000-0500,7,1,2024,2024-01-28,2842.5103,-55.850206,0.0
2024-01-28T05:00:00.000-0500,1491.233,1503.976,,2024-01-28T05:00:00.000-0500,7,1,2024,2024-01-28,2834.9863,-55.699726,0.0
2024-01-28T06:00:00.000-0500,1525.302,1578.923,,2024-01-28T06:00:00.000-0500,7,1,2024,2024-01-28,2760.0393000000004,-54.20078600000001,0.0
2024-01-28T07:00:00.000-0500,1583.776,1636.336,,2024-01-28T07:00:00.000-0500,7,1,2024,2024-01-28,2702.6263,-53.052526,0.0
2024-01-28T08:00:00.000-0500,1656.349,1720.269,,2024-01-28T08:00:00.000-0500,7,1,2024,2024-01-28,2618.6933,-51.373866,0.0
2024-01-28T09:00:00.000-0500,1759.027,1878.857,,2024-01-28T09:00:00.000-0500,7,1,2024,2024-01-28,2460.1053,-48.20210600000001,0.0
2024-01-28T10:00:00.000-0500,1874.212,1980.299,,2024-01-28T10:00:00.000-0500,7,1,2024,2024-01-28,2358.6633,-46.173266000000005,0.0
2024-01-28T11:00:00.000-0500,1971.44,2116.993,,2024-01-28T11:00:00.000-0500,7,1,2024,2024-01-28,2221.9693,-43.439386000000006,0.0
2024-01-28T12:00:00.000-0500,2025.707,2113.056,,2024-01-28T12:00:00.000-0500,7,1,2024,2024-01-28,2225.9063,-43.518126,0.0
2024-01-28T13:00:00.000-0500,2057.513,2190.729,,2024-01-28T13:00:00.000-0500,7,1,2024,2024-01-28,2148.2333000000003,-41.96466600000001,0.0
2024-01-28T14:00:00.000-0500,2068.512,2178.718,,2024-01-28T14:00:00.000-0500,7,1,2024,2024-01-28,2160.2443000000003,-42.20488600000001,0.0
2024-01-28T15:00:00.000-0500,2076.068,2181.793,,2024-01-28T15:00:00.000-0500,7,1,2024,2024-01-28,2157.1693,-42.143386,0.0
2024-01-28T16:00:00.000-0500,2091.556,2150.908,,2024-01-28T16:00:00.000-0500,7,1,2024,2024-01-28,2188.0543000000002,-42.761086000000006,0.0
2024-01-28T17:00:00.000-0500,2150.668,2212.963,,2024-01-28T17:00:00.000-0500,7,1,2024,2024-01-28,2125.9993,-41.519986,0.0
2024-01-28T18:00:00.000-0500,2222.467,2279.134,,2024-01-28T18:00:00.000-0500,7,1,2024,2024-01-28,2059.8283,-40.196566000000004,0.0
2024-01-28T19:00:00.000-0500,2195.602,2230.668,,2024-01-28T19:00:00.000-0500,7,1,2024,2024-01-28,2108.2943,-41.165886,0.0
2024-01-28T20:00:00.000-0500,2120.656,2130.091,,2024-01-28T20:00:00.000-0500,7,1,2024,2024-01-28,2208.8713000000002,-43.177426000000004,0.0
2024-01-28T21:00:00.000-0500,2043.85,2060.888,,2024-01-28T21:00:00.000-0500,7,1,2024,2024-01-28,2278.0743,-44.561486,0.0
2024-01-28T22:00:00.000-0500,1930.575,1929.966,,2024-01-28T22:00:00.000-0500,7,1,2024,2024-01-28,2408.9963000000002,-47.17992600000001,0.0
2024-01-28T23:00:00.000-0500,1805.196,1795.176,,2024-01-28T23:00:00.000-0500,7,1,2024,2024-01-28,2543.7863,-49.87572600000001,0.0
2024-01-29T00:00:00.000-0500,1694.454,1683.361,,2024-01-29T00:00:00.000-0500,1,1,2024,2024-01-29,2655.6013000000003,-52.11202600000001,0.0
2024-01-29T01:00:00.000-0500,1628.098,1598.558,4338.9623,2024-01-29T01:00:00.000-0500,1,1,2024,2024-01-29,2740.4043,-53.808086,0.0
2024-01-29T02:00:00.000-0500,1573.377,1547.904,,2024-01-29T02:00:00.000-0500,1,1,2024,2024-01-29,2791.0583,-54.821166000000005,0.0
2024-01-29T03:00:00.000-0500,1555.901,1546.688,,2024-01-29T03:00:00.000-0500,1,1,2024,2024-01-29,2792.2743,-54.845486,0.0
2024-01-29T04:00:00.000-0500,1555.299,1546.182,,2024-01-29T04:00:00.000-0500,1,1,2024,2024-01-29,2792.7803000000004,-54.85560600000001,0.0
2024-01-29T05:00:00.000-0500,1609.463,1600.04,,2024-01-29T05:00:00.000-0500,1,1,2024,2024-01-29,2738.9223,-53.778446,0.0
2024-01-29T06:00:00.000-0500,1734.469,1745.532,,2024-01-29T06:00:00.000-0500,1,1,2024,2024-01-29,2593.4303,-50.868606,0.0
2024-01-29T07:00:00.000-0500,1901.457,1939.195,,2024-01-29T07:00:00.000-0500,1,1,2024,2024-01-29,2399.7673000000004,-46.99534600000001,0.0
2024-01-29T08:00:00.000-0500,2037.476,2076.609,,2024-01-29T08:00:00.000-0500,1,1,2024,2024-01-29,2262.3533,-44.247066000000004,0.0
2024-01-29T09:00:00.000-0500,2132.953,2173.585,,2024-01-29T09:00:00.000-0500,1,1,2024,2024-01-29,2165.3773,-42.307546,0.0
2024-01-29T10:00:00.000-0500,2174.976,2232.27,,2024-01-29T10:00:00.000-0500,1,1,2024,2024-01-29,2106.6923,-41.133846000000005,0.0
2024-01-29T11:00:00.000-0500,2197.267,2247.362,,2024-01-29T11:00:00.000-0500,1,1,2024,2024-01-29,2091.6003,-40.832006,0.0
2024-01-29T12:00:00.000-0500,2217.567,2261.221,,2024-01-29T12:00:00.000-0500,1,1,2024,2024-01-29,2077.7413,-40.554826000000006,0.0
2024-01-29T13:00:00.000-0500,2226.209,2261.321,,2024-01-29T13:00:00.000-0500,1,1,2024,2024-01-29,2077.6413000000002,-40.552826,0.0
2024-01-29T14:00:00.000-0500,2216.096,2280.548,,2024-01-29T14:00:00.000-0500,1,1,2024,2024-01-29,2058.4143000000004,-40.16828600000001,0.0
2024-01-29T15:00:00.000-0500,2204.037,2243.317,,2024-01-29T15:00:00.000-0500,1,1,2024,2024-01-29,2095.6453,-40.91290600000001,0.0
2024-01-29T16:00:00.000-0500,2212.061,2242.319,,2024-01-29T16:00:00.000-0500,1,1,2024,2024-01-29,2096.6433,-40.932866000000004,0.0
2024-01-29T17:00:00.000-0500,2279.699,2287.717,,2024-01-29T17:00:00.000-0500,1,1,2024,2024-01-29,2051.2453,-40.024906,0.0
2024-01-29T18:00:00.000-0500,2374.87,2395.837,,2024-01-29T18:00:00.000-0500,1,1,2024,2024-01-29,1943.1253000000002,-37.862506,0.0
2024-01-29T19:00:00.000-0500,2349.518,2357.834,,2024-01-29T19:00:00.000-0500,1,1,2024,2024-01-29,1981.1283000000003,-38.622566000000006,0.0
2024-01-29T20:00:00.000-0500,2263.502,2273.708,,2024-01-29T20:00:00.000-0500,1,1,2024,2024-01-29,2065.2543,-40.305086,0.0
2024-01-29T21:00:00.000-0500,2175.629,2183.714,,2024-01-29T21:00:00.000-0500,1,1,2024,2024-01-29,2155.2483,-42.104966000000005,0.0
2024-01-29T22:00:00.000-0500,2057.733,2064.802,,2024-01-29T22:00:00.000-0500,1,1,2024,2024-01-29,2274.1603,-44.483206,0.0
2024-01-29T23:00:00.000-0500,1915.368,1913.081,,2024-01-29T23:00:00.000-0500,1,1,2024,2024-01-29,2425.8813,-47.517626,0.0
2024-01-30T00:00:00.000-0500,1786.119,1811.567,,2024-01-30T00:00:00.000-0500,2,1,2024,2024-01-30,2527.3953,-49.547906000000005,0.0
2024-01-30T01:00:00.000-0500,1717.839,1726.918,4338.9623,2024-01-30T01:00:00.000-0500,2,1,2024,2024-01-30,2612.0443000000005,-51.24088600000001,0.0
2024-01-30T02:00:00.000-0500,1659.421,1679.647,,2024-01-30T02:00:00.000-0500,2,1,2024,2024-01-30,2659.3153,-52.186306,0.0
2024-01-30T03:00:00.000-0500,1642.051,1674.335,,2024-01-30T03:00:00.000-0500,2,1,2024,2024-01-30,2664.6273,-52.292546,0.0
2024-01-30T04:00:00.000-0500,1639.542,1694.042,,2024-01-30T04:00:00.000-0500,2,1,2024,2024-01-30,2644.9203,-51.89840600000001,0.0
2024-01-30T05:00:00.000-0500,1685.353,1743.096,,2024-01-30T05:00:00.000-0500,2,1,2024,2024-01-30,2595.8663,-50.917326,0.0
2024-01-30T06:00:00.000-0500,1817.339,1876.186,,2024-01-30T06:00:00.000-0500,2,1,2024,2024-01-30,2462.7763000000004,-48.25552600000001,0.0
2024-01-30T07:00:00.000-0500,2015.341,2074.773,,2024-01-30T07:00:00.000-0500,2,1,2024,2024-01-30,2264.1893,-44.283786,0.0
2024-01-30T08:00:00.000-0500,2144.756,2199.345,,2024-01-30T08:00:00.000-0500,2,1,2024,2024-01-30,2139.6173000000003,-41.79234600000001,0.0
2024-01-30T09:00:00.000-0500,2191.844,2251.812,,2024-01-30T09:00:00.000-0500,2,1,2024,2024-01-30,2087.1503000000002,-40.74300600000001,0.0
2024-01-30T10:00:00.000-0500,2231.73,2251.429,,2024-01-30T10:00:00.000-0500,2,1,2024,2024-01-30,2087.5333,-40.750666,0.0
2024-01-30T11:00:00.000-0500,2255.438,2251.643,,2024-01-30T11:00:00.000-0500,2,1,2024,2024-01-30,2087.3193,-40.746386,0.0
2024-01-30T12:00:00.000-0500,2262.03,2263.082,,2024-01-30T12:00:00.000-0500,2,1,2024,2024-01-30,2075.8803000000003,-40.51760600000001,0.0
2024-01-30T13:00:00.000-0500,2260.946,2271.58,,2024-01-30T13:00:00.000-0500,2,1,2024,2024-01-30,2067.3823,-40.347646000000005,0.0
2024-01-30T14:00:00.000-0500,2256.377,2269.843,,2024-01-30T14:00:00.000-0500,2,1,2024,2024-01-30,2069.1193000000003,-40.382386000000004,0.0
2024-01-30T15:00:00.000-0500,2247.682,2291.708,,2024-01-30T15:00:00.000-0500,2,1,2024,2024-01-30,2047.2543,-39.945086,0.0
2024-01-30T16:00:00.000-0500,2264.916,2296.395,,2024-01-30T16:00:00.000-0500,2,1,2024,2024-01-30,2042.5673000000002,-39.85134600000001,0.0
2024-01-30T17:00:00.000-0500,2320.812,2396.137,,2024-01-30T17:00:00.000-0500,2,1,2024,2024-01-30,1942.8253,-37.856506,0.0
2024-01-30T18:00:00.000-0500,2418.962,2480.808,,2024-01-30T18:00:00.000-0500,2,1,2024,2024-01-30,1858.1543000000001,-36.16308600000001,0.0
2024-01-30T19:00:00.000-0500,2401.672,2471.393,,2024-01-30T19:00:00.000-0500,2,1,2024,2024-01-30,1867.5693,-36.351386000000005,0.0
2024-01-30T20:00:00.000-0500,2330.421,2397.289,,2024-01-30T20:00:00.000-0500,2,1,2024,2024-01-30,1941.6733,-37.833466,0.0
2024-01-30T21:00:00.000-0500,2240.241,2286.137,,2024-01-30T21:00:00.000-0500,2,1,2024,2024-01-30,2052.8253,-40.056506,0.0
2024-01-30T22:00:00.000-0500,2120.683,2169.554,,2024-01-30T22:00:00.000-0500,2,1,2024,2024-01-30,2169.4083,-42.388166000000005,0.0
2024-01-30T23:00:00.000-0500,1971.562,2018.341,,2024-01-30T23:00:00.000-0500,2,1,2024,2024-01-30,2320.6213000000002,-45.412426,0.0
2024-01-31T00:00:00.000-0500,1850.36,1908.868,,2024-01-31T00:00:00.000-0500,3,1,2024,2024-01-31,2430.0943,-47.60188600000001,0.0
2024-01-31T01:00:00.000-0500,1774.952,1808.282,4338.9623,2024-01-31T01:00:00.000-0500,3,1,2024,2024-01-31,2530.6803,-49.613606000000004,0.0
2024-01-31T02:00:00.000-0500,1725.235,1735.403,,2024-01-31T02:00:00.000-0500,3,1,2024,2024-01-31,2603.5593,-51.071186,0.0
2024-01-31T03:00:00.000-0500,1698.073,1737.245,,2024-01-31T03:00:00.000-0500,3,1,2024,2024-01-31,2601.7173000000003,-51.034346000000006,0.0
2024-01-31T04:00:00.000-0500,1702.55,1744.331,,2024-01-31T04:00:00.000-0500,3,1,2024,2024-01-31,2594.6313,-50.892626,0.0
2024-01-31T05:00:00.000-0500,1747.502,1777.34,,2024-01-31T05:00:00.000-0500,3,1,2024,2024-01-31,2561.6223,-50.232446,0.0
2024-01-31T06:00:00.000-0500,1879.972,1931.836,,2024-01-31T06:00:00.000-0500,3,1,2024,2024-01-31,2407.1263,-47.142526,0.0
2024-01-31T07:00:00.000-0500,2071.618,2122.214,,2024-01-31T07:00:00.000-0500,3,1,2024,2024-01-31,2216.7483,-43.334966,0.0
2024-01-31T08:00:00.000-0500,2199.027,2235.573,,2024-01-31T08:00:00.000-0500,3,1,2024,2024-01-31,2103.3893000000003,-41.067786000000005,0.0
2024-01-31T09:00:00.000-0500,2246.714,2240.784,,2024-01-31T09:00:00.000-0500,3,1,2024,2024-01-31,2098.1783,-40.963566,0.0
2024-01-31T10:00:00.000-0500,2257.455,2210.031,,2024-01-31T10:00:00.000-0500,3,1,2024,2024-01-31,2128.9313,-41.57862600000001,0.0
2024-01-31T11:00:00.000-0500,2272.546,2268.081,,2024-01-31T11:00:00.000-0500,3,1,2024,2024-01-31,2070.8813,-40.417626,0.0
2024-01-31T12:00:00.000-0500,2251.146,2322.739,,2024-01-31T12:00:00.000-0500,3,1,2024,2024-01-31,2016.2233,-39.324466,0.0
2024-01-31T13:00:00.000-0500,2236.561,2297.766,,2024-01-31T13:00:00.000-0500,3,1,2024,2024-01-31,2041.1963,-39.823926,0.0
2024-01-31T14:00:00.000-0500,2231.096,2305.84,,2024-01-31T14:00:00.000-0500,3,1,2024,2024-01-31,2033.1223,-39.662446,0.0
2024-01-31T15:00:00.000-0500,2208.538,2290.39,,2024-01-31T15:00:00.000-0500,3,1,2024,2024-01-31,2048.5723000000003,-39.97144600000001,0.0
2024-01-31T16:00:00.000-0500,2228.002,2281.222,,2024-01-31T16:00:00.000-0500,3,1,2024,2024-01-31,2057.7403,-40.154806,0.0
2024-01-31T17:00:00.000-0500,2279.22,2310.672,,2024-01-31T17:00:00.000-0500,3,1,2024,2024-01-31,2028.2903000000001,-39.565806,0.0
2024-01-31T18:00:00.000-0500,2374.261,2385.008,,2024-01-31T18:00:00.000-0500,3,1,2024,2024-01-31,1953.9543000000003,-38.07908600000001,0.0
2024-01-31T19:00:00.000-0500,2352.227,2370.402,,2024-01-31T19:00:00.000-0500,3,1,2024,2024-01-31,1968.5603,-38.371206,0.0
2024-01-31T20:00:00.000-0500,2267.475,2304.003,,2024-01-31T20:00:00.000-0500,3,1,2024,2024-01-31,2034.9593,-39.699186,0.0
2024-01-31T21:00:00.000-0500,2182.58,2207.872,,2024-01-31T21:00:00.000-0500,3,1,2024,2024-01-31,2131.0903000000003,-41.62180600000001,0.0
2024-01-31T22:00:00.000-0500,2063.761,2090.914,,2024-01-31T22:00:00.000-0500,3,1,2024,2024-01-31,2248.0483,-43.960966,0.0
2024-01-31T23:00:00.000-0500,1913.957,1938.745,,2024-01-31T23:00:00.000-0500,3,1,2024,2024-01-31,2400.2173000000003,-47.004346000000005,0.0
2024-02-01T01:00:00.000-0500,1712.591,1756.185,2832.8205,2024-02-01T01:00:00.000-0500,4,2,2024,2024-02-01,574.116,-10.48232,0.0
2024-02-01T02:00:00.000-0500,1651.908,1717.709,,2024-02-01T02:00:00.000-0500,4,2,2024,2024-02-01,612.5919999999999,-11.251839999999998,0.0
2024-02-01T03:00:00.000-0500,1624.531,1698.003,,2024-02-01T03:00:00.000-0500,4,2,2024,2024-02-01,632.298,-11.64596,0.0
2024-02-01T04:00:00.000-0500,1627.738,1703.288,,2024-02-01T04:00:00.000-0500,4,2,2024,2024-02-01,627.0129999999999,-11.540259999999998,0.0
2024-02-01T05:00:00.000-0500,1676.294,1710.614,,2024-02-01T05:00:00.000-0500,4,2,2024,2024-02-01,619.6869999999999,-11.393739999999998,0.0
2024-02-01T06:00:00.000-0500,1794.996,1832.544,,2024-02-01T06:00:00.000-0500,4,2,2024,2024-02-01,497.75699999999983,-8.955139999999997,0.0
2024-02-01T07:00:00.000-0500,1990.225,2064.427,,2024-02-01T07:00:00.000-0500,4,2,2024,2024-02-01,265.8739999999998,-4.317479999999996,0.0
2024-02-01T08:00:00.000-0500,2112.359,2222.449,,2024-02-01T08:00:00.000-0500,4,2,2024,2024-02-01,107.85199999999986,-1.1570399999999972,0.0
2024-02-01T09:00:00.000-0500,2140.44,2234.009,,2024-02-01T09:00:00.000-0500,4,2,2024,2024-02-01,96.29199999999992,-0.9258399999999984,0.0
2024-02-01T10:00:00.000-0500,2119.974,2186.309,,2024-02-01T10:00:00.000-0500,4,2,2024,2024-02-01,143.99199999999973,-1.8798399999999948,0.0
2024-02-01T11:00:00.000-0500,2122.672,2156.315,,2024-02-01T11:00:00.000-0500,4,2,2024,2024-02-01,173.98599999999988,-2.4797199999999977,0.0
2024-02-01T12:00:00.000-0500,2130.167,2120.007,,2024-02-01T12:00:00.000-0500,4,2,2024,2024-02-01,210.29399999999987,-3.205879999999998,0.0
2024-02-01T13:00:00.000-0500,2143.911,2120.643,,2024-02-01T13:00:00.000-0500,4,2,2024,2024-02-01,209.6579999999999,-3.193159999999998,0.0
2024-02-01T14:00:00.000-0500,2146.929,2131.555,,2024-02-01T14:00:00.000-0500,4,2,2024,2024-02-01,198.7460000000001,-2.974920000000002,0.0
2024-02-01T15:00:00.000-0500,2135.563,2141.917,,2024-02-01T15:00:00.000-0500,4,2,2024,2024-02-01,188.38400000000001,-2.7676800000000004,0.0
2024-02-01T16:00:00.000-0500,2145.873,2171.486,,2024-02-01T16:00:00.000-0500,4,2,2024,2024-02-01,158.81500000000005,-2.1763000000000012,0.0
2024-02-01T17:00:00.000-0500,2190.466,2240.762,,2024-02-01T17:00:00.000-0500,4,2,2024,2024-02-01,89.53899999999976,-0.7907799999999952,0.0
2024-02-01T18:00:00.000-0500,2276.398,2330.301,,2024-02-01T18:00:00.000-0500,4,2,2024,2024-02-01,0.0,1.0,1.0
2024-02-01T19:00:00.000-0500,2253.491,2300.866,,2024-02-01T19:00:00.000-0500,4,2,2024,2024-02-01,29.434999999999945,0.4113000000000011,0.4113000000000011
2024-02-01T20:00:00.000-0500,2195.422,2225.388,,2024-02-01T20:00:00.000-0500,4,2,2024,2024-02-01,104.91300000000001,-1.0982600000000002,0.0
2024-02-01T21:00:00.000-0500,2101.728,2144.2,,2024-02-01T21:00:00.000-0500,4,2,2024,2024-02-01,186.1010000000001,-2.7220200000000023,0.0
2024-02-01T22:00:00.000-0500,1994.908,2031.744,,2024-02-01T22:00:00.000-0500,4,2,2024,2024-02-01,298.557,-4.97114,0.0
2024-02-01T23:00:00.000-0500,1859.648,1880.58,,2024-02-01T23:00:00.000-0500,4,2,2024,2024-02-01,449.721,-7.99442,0.0
2024-02-02T00:00:00.000-0500,1744.857,1775.239,,2024-02-02T00:00:00.000-0500,5,2,2024,2024-02-02,555.0619999999999,-10.101239999999997,0.0
2024-01-27T01:00:00.000-0500,1626.892,1624.481,4338.9623,2024-01-27T01:00:00.000-0500,6,1,2024,2024-01-27,2714.4813000000004,-53.289626000000005,0.0
2024-01-27T02:00:00.000-0500,1578.524,1562.577,,2024-01-27T02:00:00.000-0500,6,1,2024,2024-01-27,2776.3853,-54.527706,0.0
2024-01-27T03:00:00.000-0500,1541.054,1540.801,,2024-01-27T03:00:00.000-0500,6,1,2024,2024-01-27,2798.1613,-54.963226000000006,0.0
2024-01-27T04:00:00.000-0500,1526.195,1540.823,,2024-01-27T04:00:00.000-0500,6,1,2024,2024-01-27,2798.1393,-54.962785999999994,0.0
2024-01-27T05:00:00.000-0500,1542.729,1554.735,,2024-01-27T05:00:00.000-0500,6,1,2024,2024-01-27,2784.2273000000005,-54.68454600000001,0.0
2024-01-27T06:00:00.000-0500,1589.603,1615.193,,2024-01-27T06:00:00.000-0500,6,1,2024,2024-01-27,2723.7693,-53.475386,0.0
2024-01-27T07:00:00.000-0500,1662.716,1701.04,,2024-01-27T07:00:00.000-0500,6,1,2024,2024-01-27,2637.9223,-51.758446000000006,0.0
2024-01-27T08:00:00.000-0500,1744.525,1807.513,,2024-01-27T08:00:00.000-0500,6,1,2024,2024-01-27,2531.4493,-49.628986000000005,0.0
2024-01-27T09:00:00.000-0500,1807.923,1915.682,,2024-01-27T09:00:00.000-0500,6,1,2024,2024-01-27,2423.2803000000004,-47.46560600000001,0.0
2024-01-27T10:00:00.000-0500,1837.338,1987.596,,2024-01-27T10:00:00.000-0500,6,1,2024,2024-01-27,2351.3663,-46.027326,0.0
2024-01-27T11:00:00.000-0500,1858.773,1953.355,,2024-01-27T11:00:00.000-0500,6,1,2024,2024-01-27,2385.6073,-46.712146000000004,0.0
2024-01-27T12:00:00.000-0500,1872.544,1960.164,,2024-01-27T12:00:00.000-0500,6,1,2024,2024-01-27,2378.7983000000004,-46.57596600000001,0.0
2024-01-27T13:00:00.000-0500,1861.318,1900.452,,2024-01-27T13:00:00.000-0500,6,1,2024,2024-01-27,2438.5103,-47.770206,0.0
2024-01-27T14:00:00.000-0500,1856.269,1932.219,,2024-01-27T14:00:00.000-0500,6,1,2024,2024-01-27,2406.7433,-47.134866,0.0
2024-01-27T15:00:00.000-0500,1850.454,1944.296,,2024-01-27T15:00:00.000-0500,6,1,2024,2024-01-27,2394.6663,-46.893326,0.0
2024-01-27T16:00:00.000-0500,1900.535,1963.57,,2024-01-27T16:00:00.000-0500,6,1,2024,2024-01-27,2375.3923000000004,-46.50784600000001,0.0
2024-01-27T17:00:00.000-0500,1990.728,2072.832,,2024-01-27T17:00:00.000-0500,6,1,2024,2024-01-27,2266.1303000000003,-44.32260600000001,0.0
2024-01-27T18:00:00.000-0500,2059.771,2136.269,,2024-01-27T18:00:00.000-0500,6,1,2024,2024-01-27,2202.6933000000004,-43.053866000000006,0.0
2024-01-27T19:00:00.000-0500,2027.894,2094.737,,2024-01-27T19:00:00.000-0500,6,1,2024,2024-01-27,2244.2253,-43.884506,0.0
2024-01-27T20:00:00.000-0500,1971.191,2020.456,,2024-01-27T20:00:00.000-0500,6,1,2024,2024-01-27,2318.5063,-45.370126,0.0
2024-01-27T21:00:00.000-0500,1909.921,1942.813,,2024-01-27T21:00:00.000-0500,6,1,2024,2024-01-27,2396.1493,-46.922986,0.0
2024-01-27T22:00:00.000-0500,1834.481,1860.677,,2024-01-27T22:00:00.000-0500,6,1,2024,2024-01-27,2478.2853000000005,-48.56570600000001,0.0
2024-01-27T23:00:00.000-0500,1736.805,1752.075,,2024-01-27T23:00:00.000-0500,6,1,2024,2024-01-27,2586.8873000000003,-50.73774600000001,0.0
2024-01-28T00:00:00.000-0500,1649.559,1668.88,,2024-01-28T00:00:00.000-0500,7,1,2024,2024-01-28,2670.0823,-52.401646,0.0
2024-01-28T01:00:00.000-0500,1574.115,1593.949,4338.9623,2024-01-28T01:00:00.000-0500,7,1,2024,2024-01-28,2745.0133,-53.900266,0.0
2024-01-28T02:00:00.000-0500,1525.117,1537.248,,2024-01-28T02:00:00.000-0500,7,1,2024,2024-01-28,2801.7143,-55.034286,0.0
2024-01-28T03:00:00.000-0500,1495.206,1506.805,,2024-01-28T03:00:00.000-0500,7,1,2024,2024-01-28,2832.1573,-55.643146,0.0
2024-01-28T04:00:00.000-0500,1483.203,1496.452,,2024-01-28T04:00:00.000-0500,7,1,2024,2024-01-28,2842.5103,-55.850206,0.0
2024-01-28T05:00:00.000-0500,1491.233,1503.976,,2024-01-28T05:00:00.000-0500,7,1,2024,2024-01-28,2834.9863,-55.699726,0.0
2024-01-28T06:00:00.000-0500,1525.302,1578.923,,2024-01-28T06:00:00.000-0500,7,1,2024,2024-01-28,2760.0393000000004,-54.20078600000001,0.0
2024-01-28T07:00:00.000-0500,1583.776,1636.336,,2024-01-28T07:00:00.000-0500,7,1,2024,2024-01-28,2702.6263,-53.052526,0.0
2024-01-28T08:00:00.000-0500,1656.349,1720.269,,2024-01-28T08:00:00.000-0500,7,1,2024,2024-01-28,2618.6933,-51.373866,0.0
2024-01-28T09:00:00.000-0500,1759.027,1878.857,,2024-01-28T09:00:00.000-0500,7,1,2024,2024-01-28,2460.1053,-48.20210600000001,0.0
2024-01-28T10:00:00.000-0500,1874.212,1980.299,,2024-01-28T10:00:00.000-0500,7,1,2024,2024-01-28,2358.6633,-46.173266000000005,0.0
2024-01-28T11:00:00.000-0500,1971.44,2116.993,,2024-01-28T11:00:00.000-0500,7,1,2024,2024-01-28,2221.9693,-43.439386000000006,0.0
2024-01-28T12:00:00.000-0500,2025.707,2113.056,,2024-01-28T12:00:00.000-0500,7,1,2024,2024-01-28,2225.9063,-43.518126,0.0
2024-01-28T13:00:00.000-0500,2057.513,2190.729,,2024-01-28T13:00:00.000-0500,7,1,2024,2024-01-28,2148.2333000000003,-41.96466600000001,0.0
2024-01-28T14:00:00.000-0500,2068.512,2178.718,,2024-01-28T14:00:00.000-0500,7,1,2024,2024-01-28,2160.2443000000003,-42.20488600000001,0.0
2024-01-28T15:00:00.000-0500,2076.068,2181.793,,2024-01-28T15:00:00.000-0500,7,1,2024,2024-01-28,2157.1693,-42.143386,0.0
2024-01-28T16:00:00.000-0500,2091.556,2150.908,,2024-01-28T16:00:00.000-0500,7,1,2024,2024-01-28,2188.0543000000002,-42.761086000000006,0.0
2024-01-28T17:00:00.000-0500,2150.668,2212.963,,2024-01-28T17:00:00.000-0500,7,1,2024,2024-01-28,2125.9993,-41.519986,0.0
2024-01-28T18:00:00.000-0500,2222.467,2279.134,,2024-01-28T18:00:00.000-0500,7,1,2024,2024-01-28,2059.8283,-40.196566000000004,0.0
2024-01-28T19:00:00.000-0500,2195.602,2230.668,,2024-01-28T19:00:00.000-0500,7,1,2024,2024-01-28,2108.2943,-41.165886,0.0
2024-01-28T20:00:00.000-0500,2120.656,2130.091,,2024-01-28T20:00:00.000-0500,7,1,2024,2024-01-28,2208.8713000000002,-43.177426000000004,0.0
2024-01-28T21:00:00.000-0500,2043.85,2060.888,,2024-01-28T21:00:00.000-0500,7,1,2024,2024-01-28,2278.0743,-44.561486,0.0
2024-01-28T22:00:00.000-0500,1930.575,1929.966,,2024-01-28T22:00:00.000-0500,7,1,2024,2024-01-28,2408.9963000000002,-47.17992600000001,0.0
2024-01-28T23:00:00.000-0500,1805.196,1795.176,,2024-01-28T23:00:00.000-0500,7,1,2024,2024-01-28,2543.7863,-49.87572600000001,0.0
2024-01-29T00:00:00.000-0500,1694.454,1683.361,,2024-01-29T00:00:00.000-0500,1,1,2024,2024-01-29,2655.6013000000003,-52.11202600000001,0.0
2024-01-29T01:00:00.000-0500,1628.098,1598.558,4338.9623,2024-01-29T01:00:00.000-0500,1,1,2024,2024-01-29,2740.4043,-53.808086,0.0
2024-01-29T02:00:00.000-0500,1573.377,1547.904,,2024-01-29T02:00:00.000-0500,1,1,2024,2024-01-29,2791.0583,-54.821166000000005,0.0
2024-01-29T03:00:00.000-0500,1555.901,1546.688,,2024-01-29T03:00:00.000-0500,1,1,2024,2024-01-29,2792.2743,-54.845486,0.0
2024-01-29T04:00:00.000-0500,1555.299,1546.182,,2024-01-29T04:00:00.000-0500,1,1,2024,2024-01-29,2792.7803000000004,-54.85560600000001,0.0
2024-01-29T05:00:00.000-0500,1609.463,1600.04,,2024-01-29T05:00:00.000-0500,1,1,2024,2024-01-29,2738.9223,-53.778446,0.0
2024-01-29T06:00:00.000-0500,1734.469,1745.532,,2024-01-29T06:00:00.000-0500,1,1,2024,2024-01-29,2593.4303,-50.868606,0.0
2024-01-29T07:00:00.000-0500,1901.457,1939.195,,2024-01-29T07:00:00.000-0500,1,1,2024,2024-01-29,2399.7673000000004,-46.99534600000001,0.0
2024-01-29T08:00:00.000-0500,2037.476,2076.609,,2024-01-29T08:00:00.000-0500,1,1,2024,2024-01-29,2262.3533,-44.247066000000004,0.0
2024-01-29T09:00:00.000-0500,2132.953,2173.585,,2024-01-29T09:00:00.000-0500,1,1,2024,2024-01-29,2165.3773,-42.307546,0.0
2024-01-29T10:00:00.000-0500,2174.976,2232.27,,2024-01-29T10:00:00.000-0500,1,1,2024,2024-01-29,2106.6923,-41.133846000000005,0.0
2024-01-29T11:00:00.000-0500,2197.267,2247.362,,2024-01-29T11:00:00.000-0500,1,1,2024,2024-01-29,2091.6003,-40.832006,0.0
2024-01-29T12:00:00.000-0500,2217.567,2261.221,,2024-01-29T12:00:00.000-0500,1,1,2024,2024-01-29,2077.7413,-40.554826000000006,0.0
2024-01-29T13:00:00.000-0500,2226.209,2261.321,,2024-01-29T13:00:00.000-0500,1,1,2024,2024-01-29,2077.6413000000002,-40.552826,0.0
2024-01-29T14:00:00.000-0500,2216.096,2280.548,,2024-01-29T14:00:00.000-0500,1,1,2024,2024-01-29,2058.4143000000004,-40.16828600000001,0.0
2024-01-29T15:00:00.000-0500,2204.037,2243.317,,2024-01-29T15:00:00.000-0500,1,1,2024,2024-01-29,2095.6453,-40.91290600000001,0.0
2024-01-29T16:00:00.000-0500,2212.061,2242.319,,2024-01-29T16:00:00.000-0500,1,1,2024,2024-01-29,2096.6433,-40.932866000000004,0.0
2024-01-29T17:00:00.000-0500,2279.699,2287.717,,2024-01-29T17:00:00.000-0500,1,1,2024,2024-01-29,2051.2453,-40.024906,0.0
2024-01-29T18:00:00.000-0500,2374.87,2395.837,,2024-01-29T18:00:00.000-0500,1,1,2024,2024-01-29,1943.1253000000002,-37.862506,0.0
2024-01-29T19:00:00.000-0500,2349.518,2357.834,,2024-01-29T19:00:00.000-0500,1,1,2024,2024-01-29,1981.1283000000003,-38.622566000000006,0.0
2024-01-29T20:00:00.000-0500,2263.502,2273.708,,2024-01-29T20:00:00.000-0500,1,1,2024,2024-01-29,2065.2543,-40.305086,0.0
2024-01-29T21:00:00.000-0500,2175.629,2183.714,,2024-01-29T21:00:00.000-0500,1,1,2024,2024-01-29,2155.2483,-42.104966000000005,0.0
2024-01-29T22:00:00.000-0500,2057.733,2064.802,,2024-01-29T22:00:00.000-0500,1,1,2024,2024-01-29,2274.1603,-44.483206,0.0
2024-01-29T23:00:00.000-0500,1915.368,1913.081,,2024-01-29T23:00:00.000-0500,1,1,2024,2024-01-29,2425.8813,-47.517626,0.0
2024-01-30T00:00:00.000-0500,1786.119,1811.567,,2024-01-30T00:00:00.000-0500,2,1,2024,2024-01-30,2527.3953,-49.547906000000005,0.0
2024-01-30T01:00:00.000-0500,1717.839,1726.918,4338.9623,2024-01-30T01:00:00.000-0500,2,1,2024,2024-01-30,2612.0443000000005,-51.24088600000001,0.0
2024-01-30T02:00:00.000-0500,1659.421,1679.647,,2024-01-30T02:00:00.000-0500,2,1,2024,2024-01-30,2659.3153,-52.186306,0.0
2024-01-30T03:00:00.000-0500,1642.051,1674.335,,2024-01-30T03:00:00.000-0500,2,1,2024,2024-01-30,2664.6273,-52.292546,0.0
2024-01-30T04:00:00.000-0500,1639.542,1694.042,,2024-01-30T04:00:00.000-0500,2,1,2024,2024-01-30,2644.9203,-51.89840600000001,0.0
2024-01-30T05:00:00.000-0500,1685.353,1743.096,,2024-01-30T05:00:00.000-0500,2,1,2024,2024-01-30,2595.8663,-50.917326,0.0
2024-01-30T06:00:00.000-0500,1817.339,1876.186,,2024-01-30T06:00:00.000-0500,2,1,2024,2024-01-30,2462.7763000000004,-48.25552600000001,0.0
2024-01-30T07:00:00.000-0500,2015.341,2074.773,,2024-01-30T07:00:00.000-0500,2,1,2024,2024-01-30,2264.1893,-44.283786,0.0
2024-01-30T08:00:00.000-0500,2144.756,2199.345,,2024-01-30T08:00:00.000-0500,2,1,2024,2024-01-30,2139.6173000000003,-41.79234600000001,0.0
2024-01-30T09:00:00.000-0500,2191.844,2251.812,,2024-01-30T09:00:00.000-0500,2,1,2024,2024-01-30,2087.1503000000002,-40.74300600000001,0.0
2024-01-30T10:00:00.000-0500,2231.73,2251.429,,2024-01-30T10:00:00.000-0500,2,1,2024,2024-01-30,2087.5333,-40.750666,0.0
2024-01-30T11:00:00.000-0500,2255.438,2251.643,,2024-01-30T11:00:00.000-0500,2,1,2024,2024-01-30,2087.3193,-40.746386,0.0
2024-01-30T12:00:00.000-0500,2262.03,2263.082,,2024-01-30T12:00:00.000-0500,2,1,2024,2024-01-30,2075.8803000000003,-40.51760600000001,0.0
2024-01-30T13:00:00.000-0500,2260.946,2271.58,,2024-01-30T13:00:00.000-0500,2,1,2024,2024-01-30,2067.3823,-40.347646000000005,0.0
2024-01-30T14:00:00.000-0500,2256.377,2269.843,,2024-01-30T14:00:00.000-0500,2,1,2024,2024-01-30,2069.1193000000003,-40.382386000000004,0.0
2024-01-30T15:00:00.000-0500,2247.682,2291.708,,2024-01-30T15:00:00.000-0500,2,1,2024,2024-01-30,2047.2543,-39.945086,0.0
2024-01-30T16:00:00.000-0500,2264.916,2296.395,,2024-01-30T16:00:00.000-0500,2,1,2024,2024-01-30,2042.5673000000002,-39.85134600000001,0.0
2024-01-30T17:00:00.000-0500,2320.812,2396.137,,2024-01-30T17:00:00.000-0500,2,1,2024,2024-01-30,1942.8253,-37.856506,0.0
2024-01-30T18:00:00.000-0500,2418.962,2480.808,,2024-01-30T18:00:00.000-0500,2,1,2024,2024-01-30,1858.1543000000001,-36.16308600000001,0.0
2024-01-30T19:00:00.000-0500,2401.672,2471.393,,2024-01-30T19:00:00.000-0500,2,1,2024,2024-01-30,1867.5693,-36.351386000000005,0.0
2024-01-30T20:00:00.000-0500,2330.421,2397.289,,2024-01-30T20:00:00.000-0500,2,1,2024,2024-01-30,1941.6733,-37.833466,0.0
2024-01-30T21:00:00.000-0500,2240.241,2286.137,,2024-01-30T21:00:00.000-0500,2,1,2024,2024-01-30,2052.8253,-40.056506,0.0
2024-01-30T22:00:00.000-0500,2120.683,2169.554,,2024-01-30T22:00:00.000-0500,2,1,2024,2024-01-30,2169.4083,-42.388166000000005,0.0
2024-01-30T23:00:00.000-0500,1971.562,2018.341,,2024-01-30T23:00:00.000-0500,2,1,2024,2024-01-30,2320.6213000000002,-45.412426,0.0
2024-01-31T00:00:00.000-0500,1850.36,1908.868,,2024-01-31T00:00:00.000-0500,3,1,2024,2024-01-31,2430.0943,-47.60188600000001,0.0
2024-01-31T01:00:00.000-0500,1774.952,1808.282,4338.9623,2024-01-31T01:00:00.000-0500,3,1,2024,2024-01-31,2530.6803,-49.613606000000004,0.0
2024-01-31T02:00:00.000-0500,1725.235,1735.403,,2024-01-31T02:00:00.000-0500,3,1,2024,2024-01-31,2603.5593,-51.071186,0.0
2024-01-31T03:00:00.000-0500,1698.073,1737.245,,2024-01-31T03:00:00.000-0500,3,1,2024,2024-01-31,2601.7173000000003,-51.034346000000006,0.0
2024-01-31T04:00:00.000-0500,1702.55,1744.331,,2024-01-31T04:00:00.000-0500,3,1,2024,2024-01-31,2594.6313,-50.892626,0.0
2024-01-31T05:00:00.000-0500,1747.502,1777.34,,2024-01-31T05:00:00.000-0500,3,1,2024,2024-01-31,2561.6223,-50.232446,0.0
2024-01-31T06:00:00.000-0500,1879.972,1931.836,,2024-01-31T06:00:00.000-0500,3,1,2024,2024-01-31,2407.1263,-47.142526,0.0
2024-01-31T07:00:00.000-0500,2071.618,2122.214,,2024-01-31T07:00:00.000-0500,3,1,2024,2024-01-31,2216.7483,-43.334966,0.0
2024-01-31T08:00:00.000-0500,2199.027,2235.573,,2024-01-31T08:00:00.000-0500,3,1,2024,2024-01-31,2103.3893000000003,-41.067786000000005,0.0
2024-01-31T09:00:00.000-0500,2246.714,2240.784,,2024-01-31T09:00:00.000-0500,3,1,2024,2024-01-31,2098.1783,-40.963566,0.0
2024-01-31T10:00:00.000-0500,2257.455,2210.031,,2024-01-31T10:00:00.000-0500,3,1,2024,2024-01-31,2128.9313,-41.57862600000001,0.0
2024-01-31T11:00:00.000-0500,2272.546,2268.081,,2024-01-31T11:00:00.000-0500,3,1,2024,2024-01-31,2070.8813,-40.417626,0.0
2024-01-31T12:00:00.000-0500,2251.146,2322.739,,2024-01-31T12:00:00.000-0500,3,1,2024,2024-01-31,2016.2233,-39.324466,0.0
2024-01-31T13:00:00.000-0500,2236.561,2297.766,,2024-01-31T13:00:00.000-0500,3,1,2024,2024-01-31,2041.1963,-39.823926,0.0
2024-01-31T14:00:00.000-0500,2231.096,2305.84,,2024-01-31T14:00:00.000-0500,3,1,2024,2024-01-31,2033.1223,-39.662446,0.0
2024-01-31T15:00:00.000-0500,2208.538,2290.39,,2024-01-31T15:00:00.000-0500,3,1,2024,2024-01-31,2048.5723000000003,-39.97144600000001,0.0
2024-01-31T16:00:00.000-0500,2228.002,2281.222,,2024-01-31T16:00:00.000-0500,3,1,2024,2024-01-31,2057.7403,-40.154806,0.0
2024-01-31T17:00:00.000-0500,2279.22,2310.672,,2024-01-31T17:00:00.000-0500,3,1,2024,2024-01-31,2028.2903000000001,-39.565806,0.0
2024-01-31T18:00:00.000-0500,2374.261,2385.008,,2024-01-31T18:00:00.000-0500,3,1,2024,2024-01-31,1953.9543000000003,-38.07908600000001,0.0
2024-01-31T19:00:00.000-0500,2352.227,2370.402,,2024-01-31T19:00:00.000-0500,3,1,2024,2024-01-31,1968.5603,-38.371206,0.0
2024-01-31T20:00:00.000-0500,2267.475,2304.003,,2024-01-31T20:00:00.000-0500,3,1,2024,2024-01-31,2034.9593,-39.699186,0.0
2024-01-31T21:00:00.000-0500,2182.58,2207.872,,2024-01-31T21:00:00.000-0500,3,1,2024,2024-01-31,2131.0903000000003,-41.62180600000001,0.0
2024-01-31T22:00:00.000-0500,2063.761,2090.914,,2024-01-31T22:00:00.000-0500,3,1,2024,2024-01-31,2248.0483,-43.960966,0.0
2024-01-31T23:00:00.000-0500,1913.957,1938.745,,2024-01-31T23:00:00.000-0500,3,1,2024,2024-01-31,2400.2173000000003,-47.004346000000005,0.0
2024-02-01T01:00:00.000-0500,1712.591,1756.185,2832.8205,2024-02-01T01:00:00.000-0500,4,2,2024,2024-02-01,574.116,-10.48232,0.0
2024-02-01T02:00:00.000-0500,1651.908,1717.709,,2024-02-01T02:00:00.000-0500,4,2,2024,2024-02-01,612.5919999999999,-11.251839999999998,0.0
2024-02-01T03:00:00.000-0500,1624.531,1698.003,,2024-02-01T03:00:00.000-0500,4,2,2024,2024-02-01,632.298,-11.64596,0.0
2024-02-01T04:00:00.000-0500,1627.738,1703.288,,2024-02-01T04:00:00.000-0500,4,2,2024,2024-02-01,627.0129999999999,-11.540259999999998,0.0
2024-02-01T05:00:00.000-0500,1676.294,1710.614,,2024-02-01T05:00:00.000-0500,4,2,2024,2024-02-01,619.6869999999999,-11.393739999999998,0.0
2024-02-01T06:00:00.000-0500,1794.996,1832.544,,2024-02-01T06:00:00.000-0500,4,2,2024,2024-02-01,497.75699999999983,-8.955139999999997,0.0
2024-02-01T07:00:00.000-0500,1990.225,2064.427,,2024-02-01T07:00:00.000-0500,4,2,2024,2024-02-01,265.8739999999998,-4.317479999999996,0.0
2024-02-01T08:00:00.000-0500,2112.359,2222.449,,2024-02-01T08:00:00.000-0500,4,2,2024,2024-02-01,107.85199999999986,-1.1570399999999972,0.0
2024-02-01T09:00:00.000-0500,2140.44,2234.009,,2024-02-01T09:00:00.000-0500,4,2,2024,2024-02-01,96.29199999999992,-0.9258399999999984,0.0
2024-02-01T10:00:00.000-0500,2119.974,2186.309,,2024-02-01T10:00:00.000-0500,4,2,2024,2024-02-01,143.99199999999973,-1.8798399999999948,0.0
2024-02-01T11:00:00.000-0500,2122.672,2156.315,,2024-02-01T11:00:00.000-0500,4,2,2024,2024-02-01,173.98599999999988,-2.4797199999999977,0.0
2024-02-01T12:00:00.000-0500,2130.167,2120.007,,2024-02-01T12:00:00.000-0500,4,2,2024,2024-02-01,210.29399999999987,-3.205879999999998,0.0
2024-02-01T13:00:00.000-0500,2143.911,2120.643,,2024-02-01T13:00:00.000-0500,4,2,2024,2024-02-01,209.6579999999999,-3.193159999999998,0.0
2024-02-01T14:00:00.000-0500,2146.929,2131.555,,2024-02-01T14:00:00.000-0500,4,2,2024,2024-02-01,198.7460000000001,-2.974920000000002,0.0
2024-02-01T15:00:00.000-0500,2135.563,2141.917,,2024-02-01T15:00:00.000-0500,4,2,2024,2024-02-01,188.38400000000001,-2.7676800000000004,0.0
2024-02-01T16:00:00.000-0500,2145.873,2171.486,,2024-02-01T16:00:00.000-0500,4,2,2024,2024-02-01,158.81500000000005,-2.1763000000000012,0.0
2024-02-01T17:00:00.000-0500,2190.466,2240.762,,2024-02-01T17:00:00.000-0500,4,2,2024,2024-02-01,89.53899999999976,-0.7907799999999952,0.0
2024-02-01T18:00:00.000-0500,2276.398,2330.301,,2024-02-01T18:00:00.000-0500,4,2,2024,2024-02-01,0.0,1.0,1.0
2024-02-01T19:00:00.000-0500,2253.491,2300.866,,2024-02-01T19:00:00.000-0500,4,2,2024,2024-02-01,29.434999999999945,0.4113000000000011,0.4113000000000011
2024-02-01T20:00:00.000-0500,2195.422,2225.388,,2024-02-01T20:00:00.000-0500,4,2,2024,2024-02-01,104.91300000000001,-1.0982600000000002,0.0
2024-02-01T21:00:00.000-0500,2101.728,2144.2,,2024-02-01T21:00:00.000-0500,4,2,2024,2024-02-01,186.1010000000001,-2.7220200000000023,0.0
2024-02-01T22:00:00.000-0500,1994.908,2031.744,,2024-02-01T22:00:00.000-0500,4,2,2024,2024-02-01,298.557,-4.97114,0.0
2024-02-01T23:00:00.000-0500,1859.648,1880.58,,2024-02-01T23:00:00.000-0500,4,2,2024,2024-02-01,449.721,-7.99442,0.0
2024-02-02T00:00:00.000-0500,1744.857,1775.239,,2024-02-02T00:00:00.000-0500,5,2,2024,2024-02-02,555.0619999999999,-10.101239999999999,0.0
2024-02-02T01:00:00.000-0500,1650.543,1656.75,3860.4363,2024-02-02T01:00:00.000-0500,5,2,2024,2024-02-02,673.5509999999999,-12.47102,0.0
2024-02-02T02:00:00.000-0500,1597.817,1601.082,,2024-02-02T02:00:00.000-0500,5,2,2024,2024-02-02,729.2189999999998,-13.584379999999996,0.0
2024-02-02T03:00:00.000-0500,1570.629,1583.04,,2024-02-02T03:00:00.000-0500,5,2,2024,2024-02-02,747.261,-13.945219999999999,0.0
2024-02-02T04:00:00.000-0500,1570.007,1600.071,,2024-02-02T04:00:00.000-0500,5,2,2024,2024-02-02,730.23,-13.604600000000001,0.0
2024-02-02T05:00:00.000-0500,1615.129,1654.238,,2024-02-02T05:00:00.000-0500,5,2,2024,2024-02-02,676.0629999999999,-12.521259999999998,0.0
2024-02-02T06:00:00.000-0500,1725.484,1789.272,,2024-02-02T06:00:00.000-0500,5,2,2024,2024-02-02,541.029,-9.82058,0.0
2024-02-02T07:00:00.000-0500,1923.309,1991.321,,2024-02-02T07:00:00.000-0500,5,2,2024,2024-02-02,338.98,-5.7796,0.0
2024-02-02T08:00:00.000-0500,2055.282,2172.108,,2024-02-02T08:00:00.000-0500,5,2,2024,2024-02-02,158.19299999999976,-2.1638599999999952,0.0
2024-02-02T09:00:00.000-0500,2096.879,2221.902,,2024-02-02T09:00:00.000-0500,5,2,2024,2024-02-02,108.39899999999989,-1.1679799999999978,0.0
2024-02-02T10:00:00.000-0500,2110.07,2232.372,,2024-02-02T10:00:00.000-0500,5,2,2024,2024-02-02,97.92900000000009,-0.9585800000000018,0.0
2024-02-02T11:00:00.000-0500,2102.334,2206.054,,2024-02-02T11:00:00.000-0500,5,2,2024,2024-02-02,124.24699999999984,-1.4849399999999968,0.0
2024-02-02T12:00:00.000-0500,2077.759,2184.718,,2024-02-02T12:00:00.000-0500,5,2,2024,2024-02-02,145.58300000000008,-1.9116600000000017,0.0
2024-02-02T13:00:00.000-0500,2051.234,2190.409,,2024-02-02T13:00:00.000-0500,5,2,2024,2024-02-02,139.89199999999983,-1.7978399999999968,0.0
2024-02-02T14:00:00.000-0500,2017.296,2168.581,,2024-02-02T14:00:00.000-0500,5,2,2024,2024-02-02,161.7199999999998,-2.234399999999996,0.0
2024-02-02T15:00:00.000-0500,2001.89,2205.885,,2024-02-02T15:00:00.000-0500,5,2,2024,2024-02-02,124.41599999999971,-1.488319999999994,0.0
2024-02-02T16:00:00.000-0500,2028.316,2191.421,,2024-02-02T16:00:00.000-0500,5,2,2024,2024-02-02,138.8800000000001,-1.7776000000000023,0.0
2024-02-02T17:00:00.000-0500,2100.361,2228.544,,2024-02-02T17:00:00.000-0500,5,2,2024,2024-02-02,101.75700000000006,-1.035140000000001,0.0
2024-02-02T18:00:00.000-0500,2181.049,2312.042,,2024-02-02T18:00:00.000-0500,5,2,2024,2024-02-02,18.259000000000015,0.6348199999999997,0.6348199999999997
2024-02-02T19:00:00.000-0500,2162.122,2255.49,,2024-02-02T19:00:00.000-0500,5,2,2024,2024-02-02,74.81100000000015,-0.496220000000003,0.0
2024-02-02T20:00:00.000-0500,2093.069,2179.287,,2024-02-02T20:00:00.000-0500,5,2,2024,2024-02-02,151.01400000000012,-2.0202800000000027,0.0
2024-02-02T21:00:00.000-0500,2042.724,2098.489,,2024-02-02T21:00:00.000-0500,5,2,2024,2024-02-02,231.8119999999999,-3.636239999999998,0.0
2024-02-02T22:00:00.000-0500,1957.709,1996.928,,2024-02-02T22:00:00.000-0500,5,2,2024,2024-02-02,333.3729999999998,-5.667459999999997,0.0
2024-02-02T23:00:00.000-0500,1844.074,1888.975,,2024-02-02T23:00:00.000-0500,5,2,2024,2024-02-02,441.326,-7.82652,0.0
2024-02-03T00:00:00.000-0500,1738.108,1792.046,,2024-02-03T00:00:00.000-0500,6,2,2024,2024-02-03,538.2549999999999,-9.765099999999999,0.0
2024-01-28T01:00:00.000-0500,1574.115,1593.949,4338.9623,2024-01-28T01:00:00.000-0500,7,1,2024,2024-01-28,2745.0133,-53.900266,0.0
2024-01-28T02:00:00.000-0500,1525.117,1537.248,,2024-01-28T02:00:00.000-0500,7,1,2024,2024-01-28,2801.7143,-55.034286,0.0
2024-01-28T03:00:00.000-0500,1495.206,1506.805,,2024-01-28T03:00:00.000-0500,7,1,2024,2024-01-28,2832.1573,-55.643146,0.0
2024-01-28T04:00:00.000-0500,1483.203,1496.452,,2024-01-28T04:00:00.000-0500,7,1,2024,2024-01-28,2842.5103,-55.850206,0.0
2024-01-28T05:00:00.000-0500,1491.233,1503.976,,2024-01-28T05:00:00.000-0500,7,1,2024,2024-01-28,2834.9863,-55.699726,0.0
2024-01-28T06:00:00.000-0500,1525.302,1578.923,,2024-01-28T06:00:00.000-0500,7,1,2024,2024-01-28,2760.0393000000004,-54.20078600000001,0.0
2024-01-28T07:00:00.000-0500,1583.776,1636.336,,2024-01-28T07:00:00.000-0500,7,1,2024,2024-01-28,2702.6263,-53.052526,0.0
2024-01-28T08:00:00.000-0500,1656.349,1720.269,,2024-01-28T08:00:00.000-0500,7,1,2024,2024-01-28,2618.6933,-51.373866,0.0
2024-01-28T09:00:00.000-0500,1759.027,1878.857,,2024-01-28T09:00:00.000-0500,7,1,2024,2024-01-28,2460.1053,-48.20210600000001,0.0
2024-01-28T10:00:00.000-0500,1874.212,1980.299,,2024-01-28T10:00:00.000-0500,7,1,2024,2024-01-28,2358.6633,-46.173266000000005,0.0
2024-01-28T11:00:00.000-0500,1971.44,2116.993,,2024-01-28T11:00:00.000-0500,7,1,2024,2024-01-28,2221.9693,-43.439386000000006,0.0
2024-01-28T12:00:00.000-0500,2025.707,2113.056,,2024-01-28T12:00:00.000-0500,7,1,2024,2024-01-28,2225.9063,-43.518126,0.0
2024-01-28T13:00:00.000-0500,2057.513,2190.729,,2024-01-28T13:00:00.000-0500,7,1,2024,2024-01-28,2148.2333000000003,-41.96466600000001,0.0
2024-01-28T14:00:00.000-0500,2068.512,2178.718,,2024-01-28T14:00:00.000-0500,7,1,2024,2024-01-28,2160.2443000000003,-42.20488600000001,0.0
2024-01-28T15:00:00.000-0500,2076.068,2181.793,,2024-01-28T15:00:00.000-0500,7,1,2024,2024-01-28,2157.1693,-42.143386,0.0
2024-01-28T16:00:00.000-0500,2091.556,2150.908,,2024-01-28T16:00:00.000-0500,7,1,2024,2024-01-28,2188.0543000000002,-42.761086000000006,0.0
2024-01-28T17:00:00.000-0500,2150.668,2212.963,,2024-01-28T17:00:00.000-0500,7,1,2024,2024-01-28,2125.9993,-41.519986,0.0
2024-01-28T18:00:00.000-0500,2222.467,2279.134,,2024-01-28T18:00:00.000-0500,7,1,2024,2024-01-28,2059.8283,-40.196566000000004,0.0
2024-01-28T19:00:00.000-0500,2195.602,2230.668,,2024-01-28T19:00:00.000-0500,7,1,2024,2024-01-28,2108.2943,-41.165886,0.0
2024-01-28T20:00:00.000-0500,2120.656,2130.091,,2024-01-28T20:00:00.000-0500,7,1,2024,2024-01-28,2208.8713000000002,-43.177426000000004,0.0
2024-01-28T21:00:00.000-0500,2043.85,2060.888,,2024-01-28T21:00:00.000-0500,7,1,2024,2024-01-28,2278.0743,-44.561486,0.0
2024-01-28T22:00:00.000-0500,1930.575,1929.966,,2024-01-28T22:00:00.000-0500,7,1,2024,2024-01-28,2408.9963000000002,-47.17992600000001,0.0
2024-01-28T23:00:00.000-0500,1805.196,1795.176,,2024-01-28T23:00:00.000-0500,7,1,2024,2024-01-28,2543.7863,-49.87572600000001,0.0
2024-01-29T00:00:00.000-0500,1694.454,1683.361,,2024-01-29T00:00:00.000-0500,1,1,2024,2024-01-29,2655.6013000000003,-52.11202600000001,0.0
2024-01-29T01:00:00.000-0500,1628.098,1598.558,4338.9623,2024-01-29T01:00:00.000-0500,1,1,2024,2024-01-29,2740.4043,-53.808086,0.0
2024-01-29T02:00:00.000-0500,1573.377,1547.904,,2024-01-29T02:00:00.000-0500,1,1,2024,2024-01-29,2791.0583,-54.821166000000005,0.0
2024-01-29T03:00:00.000-0500,1555.901,1546.688,,2024-01-29T03:00:00.000-0500,1,1,2024,2024-01-29,2792.2743,-54.845486,0.0
2024-01-29T04:00:00.000-0500,1555.299,1546.182,,2024-01-29T04:00:00.000-0500,1,1,2024,2024-01-29,2792.7803000000004,-54.85560600000001,0.0
2024-01-29T05:00:00.000-0500,1609.463,1600.04,,2024-01-29T05:00:00.000-0500,1,1,2024,2024-01-29,2738.9223,-53.778446,0.0
2024-01-29T06:00:00.000-0500,1734.469,1745.532,,2024-01-29T06:00:00.000-0500,1,1,2024,2024-01-29,2593.4303,-50.868606,0.0
2024-01-29T07:00:00.000-0500,1901.457,1939.195,,2024-01-29T07:00:00.000-0500,1,1,2024,2024-01-29,2399.7673000000004,-46.99534600000001,0.0
2024-01-29T08:00:00.000-0500,2037.476,2076.609,,2024-01-29T08:00:00.000-0500,1,1,2024,2024-01-29,2262.3533,-44.247066000000004,0.0
2024-01-29T09:00:00.000-0500,2132.953,2173.585,,2024-01-29T09:00:00.000-0500,1,1,2024,2024-01-29,2165.3773,-42.307546,0.0
2024-01-29T10:00:00.000-0500,2174.976,2232.27,,2024-01-29T10:00:00.000-0500,1,1,2024,2024-01-29,2106.6923,-41.133846000000005,0.0
2024-01-29T11:00:00.000-0500,2197.267,2247.362,,2024-01-29T11:00:00.000-0500,1,1,2024,2024-01-29,2091.6003,-40.832006,0.0
2024-01-29T12:00:00.000-0500,2217.567,2261.221,,2024-01-29T12:00:00.000-0500,1,1,2024,2024-01-29,2077.7413,-40.554826000000006,0.0
2024-01-29T13:00:00.000-0500,2226.209,2261.321,,2024-01-29T13:00:00.000-0500,1,1,2024,2024-01-29,2077.6413000000002,-40.552826,0.0
2024-01-29T14:00:00.000-0500,2216.096,2280.548,,2024-01-29T14:00:00.000-0500,1,1,2024,2024-01-29,2058.4143000000004,-40.16828600000001,0.0
2024-01-29T15:00:00.000-0500,2204.037,2243.317,,2024-01-29T15:00:00.000-0500,1,1,2024,2024-01-29,2095.6453,-40.91290600000001,0.0
2024-01-29T16:00:00.000-0500,2212.061,2242.319,,2024-01-29T16:00:00.000-0500,1,1,2024,2024-01-29,2096.6433,-40.932866000000004,0.0
2024-01-29T17:00:00.000-0500,2279.699,2287.717,,2024-01-29T17:00:00.000-0500,1,1,2024,2024-01-29,2051.2453,-40.024906,0.0
2024-01-29T18:00:00.000-0500,2374.87,2395.837,,2024-01-29T18:00:00.000-0500,1,1,2024,2024-01-29,1943.1253000000002,-37.862506,0.0
2024-01-29T19:00:00.000-0500,2349.518,2357.834,,2024-01-29T19:00:00.000-0500,1,1,2024,2024-01-29,1981.1283000000003,-38.622566000000006,0.0
2024-01-29T20:00:00.000-0500,2263.502,2273.708,,2024-01-29T20:00:00.000-0500,1,1,2024,2024-01-29,2065.2543,-40.305086,0.0
2024-01-29T21:00:00.000-0500,2175.629,2183.714,,2024-01-29T21:00:00.000-0500,1,1,2024,2024-01-29,2155.2483,-42.104966000000005,0.0
2024-01-29T22:00:00.000-0500,2057.733,2064.802,,2024-01-29T22:00:00.000-0500,1,1,2024,2024-01-29,2274.1603,-44.483206,0.0
2024-01-29T23:00:00.000-0500,1915.368,1913.081,,2024-01-29T23:00:00.000-0500,1,1,2024,2024-01-29,2425.8813,-47.517626,0.0
2024-01-30T00:00:00.000-0500,1786.119,1811.567,,2024-01-30T00:00:00.000-0500,2,1,2024,2024-01-30,2527.3953,-49.547906000000005,0.0
2024-01-30T01:00:00.000-0500,1717.839,1726.918,4338.9623,2024-01-30T01:00:00.000-0500,2,1,2024,2024-01-30,2612.0443000000005,-51.24088600000001,0.0
2024-01-30T02:00:00.000-0500,1659.421,1679.647,,2024-01-30T02:00:00.000-0500,2,1,2024,2024-01-30,2659.3153,-52.186306,0.0
2024-01-30T03:00:00.000-0500,1642.051,1674.335,,2024-01-30T03:00:00.000-0500,2,1,2024,2024-01-30,2664.6273,-52.292546,0.0
2024-01-30T04:00:00.000-0500,1639.542,1694.042,,2024-01-30T04:00:00.000-0500,2,1,2024,2024-01-30,2644.9203,-51.89840600000001,0.0
2024-01-30T05:00:00.000-0500,1685.353,1743.096,,2024-01-30T05:00:00.000-0500,2,1,2024,2024-01-30,2595.8663,-50.917326,0.0
2024-01-30T06:00:00.000-0500,1817.339,1876.186,,2024-01-30T06:00:00.000-0500,2,1,2024,2024-01-30,2462.7763000000004,-48.25552600000001,0.0
2024-01-30T07:00:00.000-0500,2015.341,2074.773,,2024-01-30T07:00:00.000-0500,2,1,2024,2024-01-30,2264.1893,-44.283786,0.0
2024-01-30T08:00:00.000-0500,2144.756,2199.345,,2024-01-30T08:00:00.000-0500,2,1,2024,2024-01-30,2139.6173000000003,-41.79234600000001,0.0
2024-01-30T09:00:00.000-0500,2191.844,2251.812,,2024-01-30T09:00:00.000-0500,2,1,2024,2024-01-30,2087.1503000000002,-40.74300600000001,0.0
2024-01-30T10:00:00.000-0500,2231.73,2251.429,,2024-01-30T10:00:00.000-0500,2,1,2024,2024-01-30,2087.5333,-40.750666,0.0
2024-01-30T11:00:00.000-0500,2255.438,2251.643,,2024-01-30T11:00:00.000-0500,2,1,2024,2024-01-30,2087.3193,-40.746386,0.0
2024-01-30T12:00:00.000-0500,2262.03,2263.082,,2024-01-30T12:00:00.000-0500,2,1,2024,2024-01-30,2075.8803000000003,-40.51760600000001,0.0
2024-01-30T13:00:00.000-0500,2260.946,2271.58,,2024-01-30T13:00:00.000-0500,2,1,2024,2024-01-30,2067.3823,-40.347646000000005,0.0
2024-01-30T14:00:00.000-0500,2256.377,2269.843,,2024-01-30T14:00:00.000-0500,2,1,2024,2024-01-30,2069.1193000000003,-40.382386000000004,0.0
2024-01-30T15:00:00.000-0500,2247.682,2291.708,,2024-01-30T15:00:00.000-0500,2,1,2024,2024-01-30,2047.2543,-39.945086,0.0
2024-01-30T16:00:00.000-0500,2264.916,2296.395,,2024-01-30T16:00:00.000-0500,2,1,2024,2024-01-30,2042.5673000000002,-39.85134600000001,0.0
2024-01-30T17:00:00.000-0500,2320.812,2396.137,,2024-01-30T17:00:00.000-0500,2,1,2024,2024-01-30,1942.8253,-37.856506,0.0
2024-01-30T18:00:00.000-0500,2418.962,2480.808,,2024-01-30T18:00:00.000-0500,2,1,2024,2024-01-30,1858.1543000000001,-36.16308600000001,0.0
2024-01-30T19:00:00.000-0500,2401.672,2471.393,,2024-01-30T19:00:00.000-0500,2,1,2024,2024-01-30,1867.5693,-36.351386000000005,0.0
2024-01-30T20:00:00.000-0500,2330.421,2397.289,,2024-01-30T20:00:00.000-0500,2,1,2024,2024-01-30,1941.6733,-37.833466,0.0
2024-01-30T21:00:00.000-0500,2240.241,2286.137,,2024-01-30T21:00:00.000-0500,2,1,2024,2024-01-30,2052.8253,-40.056506,0.0
2024-01-30T22:00:00.000-0500,2120.683,2169.554,,2024-01-30T22:00:00.000-0500,2,1,2024,2024-01-30,2169.4083,-42.388166000000005,0.0
2024-01-30T23:00:00.000-0500,1971.562,2018.341,,2024-01-30T23:00:00.000-0500,2,1,2024,2024-01-30,2320.6213000000002,-45.412426,0.0
2024-01-31T00:00:00.000-0500,1850.36,1908.868,,2024-01-31T00:00:00.000-0500,3,1,2024,2024-01-31,2430.0943,-47.60188600000001,0.0
2024-01-31T01:00:00.000-0500,1774.952,1808.282,4338.9623,2024-01-31T01:00:00.000-0500,3,1,2024,2024-01-31,2530.6803,-49.613606000000004,0.0
2024-01-31T02:00:00.000-0500,1725.235,1735.403,,2024-01-31T02:00:00.000-0500,3,1,2024,2024-01-31,2603.5593,-51.071186,0.0
2024-01-31T03:00:00.000-0500,1698.073,1737.245,,2024-01-31T03:00:00.000-0500,3,1,2024,2024-01-31,2601.7173000000003,-51.034346000000006,0.0
2024-01-31T04:00:00.000-0500,1702.55,1744.331,,2024-01-31T04:00:00.000-0500,3,1,2024,2024-01-31,2594.6313,-50.892626,0.0
2024-01-31T05:00:00.000-0500,1747.502,1777.34,,2024-01-31T05:00:00.000-0500,3,1,2024,2024-01-31,2561.6223,-50.232446,0.0
2024-01-31T06:00:00.000-0500,1879.972,1931.836,,2024-01-31T06:00:00.000-0500,3,1,2024,2024-01-31,2407.1263,-47.142526,0.0
2024-01-31T07:00:00.000-0500,2071.618,2122.214,,2024-01-31T07:00:00.000-0500,3,1,2024,2024-01-31,2216.7483,-43.334966,0.0
2024-01-31T08:00:00.000-0500,2199.027,2235.573,,2024-01-31T08:00:00.000-0500,3,1,2024,2024-01-31,2103.3893000000003,-41.067786000000005,0.0
2024-01-31T09:00:00.000-0500,2246.714,2240.784,,2024-01-31T09:00:00.000-0500,3,1,2024,2024-01-31,2098.1783,-40.963566,0.0
2024-01-31T10:00:00.000-0500,2257.455,2210.031,,2024-01-31T10:00:00.000-0500,3,1,2024,2024-01-31,2128.9313,-41.57862600000001,0.0
2024-01-31T11:00:00.000-0500,2272.546,2268.081,,2024-01-31T11:00:00.000-0500,3,1,2024,2024-01-31,2070.8813,-40.417626,0.0
2024-01-31T12:00:00.000-0500,2251.146,2322.739,,2024-01-31T12:00:00.000-0500,3,1,2024,2024-01-31,2016.2233,-39.324466,0.0
2024-01-31T13:00:00.000-0500,2236.561,2297.766,,2024-01-31T13:00:00.000-0500,3,1,2024,2024-01-31,2041.1963,-39.823926,0.0
2024-01-31T14:00:00.000-0500,2231.096,2305.84,,2024-01-31T14:00:00.000-0500,3,1,2024,2024-01-31,2033.1223,-39.662446,0.0
2024-01-31T15:00:00.000-0500,2208.538,2290.39,,2024-01-31T15:00:00.000-0500,3,1,2024,2024-01-31,2048.5723000000003,-39.97144600000001,0.0
2024-01-31T16:00:00.000-0500,2228.002,2281.222,,2024-01-31T16:00:00.000-0500,3,1,2024,2024-01-31,2057.7403,-40.154806,0.0
2024-01-31T17:00:00.000-0500,2279.22,2310.672,,2024-01-31T17:00:00.000-0500,3,1,2024,2024-01-31,2028.2903000000001,-39.565806,0.0
2024-01-31T18:00:00.000-0500,2374.261,2385.008,,2024-01-31T18:00:00.000-0500,3,1,2024,2024-01-31,1953.9543000000003,-38.07908600000001,0.0
2024-01-31T19:00:00.000-0500,2352.227,2370.402,,2024-01-31T19:00:00.000-0500,3,1,2024,2024-01-31,1968.5603,-38.371206,0.0
2024-01-31T20:00:00.000-0500,2267.475,2304.003,,2024-01-31T20:00:00.000-0500,3,1,2024,2024-01-31,2034.9593,-39.699186,0.0
2024-01-31T21:00:00.000-0500,2182.58,2207.872,,2024-01-31T21:00:00.000-0500,3,1,2024,2024-01-31,2131.0903000000003,-41.62180600000001,0.0
2024-01-31T22:00:00.000-0500,2063.761,2090.914,,2024-01-31T22:00:00.000-0500,3,1,2024,2024-01-31,2248.0483,-43.960966,0.0
2024-01-31T23:00:00.000-0500,1913.957,1938.745,,2024-01-31T23:00:00.000-0500,3,1,2024,2024-01-31,2400.2173000000003,-47.004346000000005,0.0
2024-02-01T01:00:00.000-0500,1712.591,1756.185,2832.8205,2024-02-01T01:00:00.000-0500,4,2,2024,2024-02-01,574.116,-10.48232,0.0
2024-02-01T02:00:00.000-0500,1651.908,1717.709,,2024-02-01T02:00:00.000-0500,4,2,2024,2024-02-01,612.5919999999999,-11.251839999999998,0.0
2024-02-01T03:00:00.000-0500,1624.531,1698.003,,2024-02-01T03:00:00.000-0500,4,2,2024,2024-02-01,632.298,-11.64596,0.0
2024-02-01T04:00:00.000-0500,1627.738,1703.288,,2024-02-01T04:00:00.000-0500,4,2,2024,2024-02-01,627.0129999999999,-11.540259999999998,0.0
2024-02-01T05:00:00.000-0500,1676.294,1710.614,,2024-02-01T05:00:00.000-0500,4,2,2024,2024-02-01,619.6869999999999,-11.393739999999998,0.0
2024-02-01T06:00:00.000-0500,1794.996,1832.544,,2024-02-01T06:00:00.000-0500,4,2,2024,2024-02-01,497.75699999999983,-8.955139999999997,0.0
2024-02-01T07:00:00.000-0500,1990.225,2064.427,,2024-02-01T07:00:00.000-0500,4,2,2024,2024-02-01,265.8739999999998,-4.317479999999996,0.0
2024-02-01T08:00:00.000-0500,2112.359,2222.449,,2024-02-01T08:00:00.000-0500,4,2,2024,2024-02-01,107.85199999999986,-1.1570399999999972,0.0
2024-02-01T09:00:00.000-0500,2140.44,2234.009,,2024-02-01T09:00:00.000-0500,4,2,2024,2024-02-01,96.29199999999992,-0.9258399999999984,0.0
2024-02-01T10:00:00.000-0500,2119.974,2186.309,,2024-02-01T10:00:00.000-0500,4,2,2024,2024-02-01,143.99199999999973,-1.8798399999999948,0.0
2024-02-01T11:00:00.000-0500,2122.672,2156.315,,2024-02-01T11:00:00.000-0500,4,2,2024,2024-02-01,173.98599999999988,-2.4797199999999977,0.0
2024-02-01T12:00:00.000-0500,2130.167,2120.007,,2024-02-01T12:00:00.000-0500,4,2,2024,2024-02-01,210.29399999999987,-3.205879999999998,0.0
2024-02-01T13:00:00.000-0500,2143.911,2120.643,,2024-02-01T13:00:00.000-0500,4,2,2024,2024-02-01,209.6579999999999,-3.193159999999998,0.0
2024-02-01T14:00:00.000-0500,2146.929,2131.555,,2024-02-01T14:00:00.000-0500,4,2,2024,2024-02-01,198.7460000000001,-2.974920000000002,0.0
2024-02-01T15:00:00.000-0500,2135.563,2141.917,,2024-02-01T15:00:00.000-0500,4,2,2024,2024-02-01,188.38400000000001,-2.7676800000000004,0.0
2024-02-01T16:00:00.000-0500,2145.873,2171.486,,2024-02-01T16:00:00.000-0500,4,2,2024,2024-02-01,158.81500000000005,-2.1763000000000012,0.0
2024-02-01T17:00:00.000-0500,2190.466,2240.762,,2024-02-01T17:00:00.000-0500,4,2,2024,2024-02-01,89.53899999999976,-0.7907799999999952,0.0
2024-02-01T18:00:00.000-0500,2276.398,2330.301,,2024-02-01T18:00:00.000-0500,4,2,2024,2024-02-01,0.0,1.0,1.0
2024-02-01T19:00:00.000-0500,2253.491,2300.866,,2024-02-01T19:00:00.000-0500,4,2,2024,2024-02-01,29.434999999999945,0.4113000000000011,0.4113000000000011
2024-02-01T20:00:00.000-0500,2195.422,2225.388,,2024-02-01T20:00:00.000-0500,4,2,2024,2024-02-01,104.91300000000001,-1.0982600000000002,0.0
2024-02-01T21:00:00.000-0500,2101.728,2144.2,,2024-02-01T21:00:00.000-0500,4,2,2024,2024-02-01,186.1010000000001,-2.7220200000000023,0.0
2024-02-01T22:00:00.000-0500,1994.908,2031.744,,2024-02-01T22:00:00.000-0500,4,2,2024,2024-02-01,298.557,-4.97114,0.0
2024-02-01T23:00:00.000-0500,1859.648,1880.58,,2024-02-01T23:00:00.000-0500,4,2,2024,2024-02-01,449.721,-7.99442,0.0
2024-02-02T00:00:00.000-0500,1744.857,1775.239,,2024-02-02T00:00:00.000-0500,5,2,2024,2024-02-02,555.0619999999999,-10.101239999999999,0.0
2024-02-02T01:00:00.000-0500,1650.543,1656.75,3860.4363,2024-02-02T01:00:00.000-0500,5,2,2024,2024-02-02,673.5509999999999,-12.47102,0.0
2024-02-02T02:00:00.000-0500,1597.817,1601.082,,2024-02-02T02:00:00.000-0500,5,2,2024,2024-02-02,729.2189999999998,-13.584379999999996,0.0
2024-02-02T03:00:00.000-0500,1570.629,1583.04,,2024-02-02T03:00:00.000-0500,5,2,2024,2024-02-02,747.261,-13.945219999999999,0.0
2024-02-02T04:00:00.000-0500,1570.007,1600.071,,2024-02-02T04:00:00.000-0500,5,2,2024,2024-02-02,730.23,-13.604600000000001,0.0
2024-02-02T05:00:00.000-0500,1615.129,1654.238,,2024-02-02T05:00:00.000-0500,5,2,2024,2024-02-02,676.0629999999999,-12.521259999999998,0.0
2024-02-02T06:00:00.000-0500,1725.484,1789.272,,2024-02-02T06:00:00.000-0500,5,2,2024,2024-02-02,541.029,-9.82058,0.0
2024-02-02T07:00:00.000-0500,1923.309,1991.321,,2024-02-02T07:00:00.000-0500,5,2,2024,2024-02-02,338.98,-5.7796,0.0
2024-02-02T08:00:00.000-0500,2055.282,2172.108,,2024-02-02T08:00:00.000-0500,5,2,2024,2024-02-02,158.19299999999976,-2.1638599999999952,0.0
2024-02-02T09:00:00.000-0500,2096.879,2221.902,,2024-02-02T09:00:00.000-0500,5,2,2024,2024-02-02,108.39899999999989,-1.1679799999999978,0.0
2024-02-02T10:00:00.000-0500,2110.07,2232.372,,2024-02-02T10:00:00.000-0500,5,2,2024,2024-02-02,97.92900000000009,-0.9585800000000018,0.0
2024-02-02T11:00:00.000-0500,2102.334,2206.054,,2024-02-02T11:00:00.000-0500,5,2,2024,2024-02-02,124.24699999999984,-1.4849399999999968,0.0
2024-02-02T12:00:00.000-0500,2077.759,2184.718,,2024-02-02T12:00:00.000-0500,5,2,2024,2024-02-02,145.58300000000008,-1.9116600000000017,0.0
2024-02-02T13:00:00.000-0500,2051.234,2190.409,,2024-02-02T13:00:00.000-0500,5,2,2024,2024-02-02,139.89199999999983,-1.7978399999999968,0.0
2024-02-02T14:00:00.000-0500,2017.296,2168.581,,2024-02-02T14:00:00.000-0500,5,2,2024,2024-02-02,161.7199999999998,-2.234399999999996,0.0
2024-02-02T15:00:00.000-0500,2001.89,2205.885,,2024-02-02T15:00:00.000-0500,5,2,2024,2024-02-02,124.41599999999971,-1.488319999999994,0.0
2024-02-02T16:00:00.000-0500,2028.316,2191.421,,2024-02-02T16:00:00.000-0500,5,2,2024,2024-02-02,138.8800000000001,-1.7776000000000023,0.0
2024-02-02T17:00:00.000-0500,2100.361,2228.544,,2024-02-02T17:00:00.000-0500,5,2,2024,2024-02-02,101.75700000000006,-1.035140000000001,0.0
2024-02-02T18:00:00.000-0500,2181.049,2312.042,,2024-02-02T18:00:00.000-0500,5,2,2024,2024-02-02,18.259000000000015,0.6348199999999997,0.6348199999999997
2024-02-02T19:00:00.000-0500,2162.122,2255.49,,2024-02-02T19:00:00.000-0500,5,2,2024,2024-02-02,74.81100000000015,-0.496220000000003,0.0
2024-02-02T20:00:00.000-0500,2093.069,2179.287,,2024-02-02T20:00:00.000-0500,5,2,2024,2024-02-02,151.01400000000012,-2.0202800000000027,0.0
2024-02-02T21:00:00.000-0500,2042.724,2098.489,,2024-02-02T21:00:00.000-0500,5,2,2024,2024-02-02,231.8119999999999,-3.636239999999998,0.0
2024-02-02T22:00:00.000-0500,1957.709,1996.928,,2024-02-02T22:00:00.000-0500,5,2,2024,2024-02-02,333.3729999999998,-5.667459999999997,0.0
2024-02-02T23:00:00.000-0500,1844.074,1888.975,,2024-02-02T23:00:00.000-0500,5,2,2024,2024-02-02,441.326,-7.82652,0.0
2024-02-03T00:00:00.000-0500,1738.108,1792.046,,2024-02-03T00:00:00.000-0500,6,2,2024,2024-02-03,538.2549999999999,-9.765099999999999,0.0
2024-02-03T01:00:00.000-0500,1656.967,1712.844,3860.4363,2024-02-03T01:00:00.000-0500,6,2,2024,2024-02-03,617.4569999999999,-11.349139999999998,0.0
2024-02-03T02:00:00.000-0500,1617.541,1660.475,,2024-02-03T02:00:00.000-0500,6,2,2024,2024-02-03,669.826,-12.39652,0.0
2024-02-03T03:00:00.000-0500,1583.272,1637.035,,2024-02-03T03:00:00.000-0500,6,2,2024,2024-02-03,693.2659999999998,-12.865319999999997,0.0
2024-02-03T04:00:00.000-0500,1580.146,1640.0,,2024-02-03T04:00:00.000-0500,6,2,2024,2024-02-03,690.3009999999999,-12.806019999999998,0.0
2024-02-03T05:00:00.000-0500,1601.716,1670.671,,2024-02-03T05:00:00.000-0500,6,2,2024,2024-02-03,659.6299999999999,-12.192599999999999,0.0
2024-02-03T06:00:00.000-0500,1646.314,1721.167,,2024-02-03T06:00:00.000-0500,6,2,2024,2024-02-03,609.134,-11.182680000000001,0.0
2024-02-03T07:00:00.000-0500,1747.467,1837.723,,2024-02-03T07:00:00.000-0500,6,2,2024,2024-02-03,492.578,-8.85156,0.0
2024-02-03T08:00:00.000-0500,1814.558,1921.114,,2024-02-03T08:00:00.000-0500,6,2,2024,2024-02-03,409.1869999999999,-7.1837399999999985,0.0
2024-02-03T09:00:00.000-0500,1828.112,1926.236,,2024-02-03T09:00:00.000-0500,6,2,2024,2024-02-03,404.0649999999998,-7.081299999999997,0.0
2024-02-03T10:00:00.000-0500,1772.917,1866.591,,2024-02-03T10:00:00.000-0500,6,2,2024,2024-02-03,463.71000000000004,-8.2742,0.0
2024-02-03T11:00:00.000-0500,1704.24,1685.641,,2024-02-03T11:00:00.000-0500,6,2,2024,2024-02-03,644.6599999999999,-11.893199999999997,0.0
2024-02-03T12:00:00.000-0500,1651.942,1629.439,,2024-02-03T12:00:00.000-0500,6,2,2024,2024-02-03,700.8619999999999,-13.017239999999997,0.0
2024-02-03T13:00:00.000-0500,1615.724,1619.597,,2024-02-03T13:00:00.000-0500,6,2,2024,2024-02-03,710.704,-13.21408,0.0
2024-02-03T14:00:00.000-0500,1616.333,1436.503,,2024-02-03T14:00:00.000-0500,6,2,2024,2024-02-03,893.798,-16.87596,0.0
2024-02-03T15:00:00.000-0500,1665.17,1563.132,,2024-02-03T15:00:00.000-0500,6,2,2024,2024-02-03,767.1689999999999,-14.343379999999998,0.0
2024-02-03T16:00:00.000-0500,1788.922,1726.007,,2024-02-03T16:00:00.000-0500,6,2,2024,2024-02-03,604.2939999999999,-11.085879999999998,0.0
2024-02-03T17:00:00.000-0500,1957.942,1954.784,,2024-02-03T17:00:00.000-0500,6,2,2024,2024-02-03,375.5169999999998,-6.510339999999997,0.0
2024-02-03T18:00:00.000-0500,2088.04,2130.931,,2024-02-03T18:00:00.000-0500,6,2,2024,2024-02-03,199.3699999999999,-2.987399999999998,0.0
2024-02-03T19:00:00.000-0500,2096.958,2175.145,,2024-02-03T19:00:00.000-0500,6,2,2024,2024-02-03,155.15599999999995,-2.103119999999999,0.0
2024-02-03T20:00:00.000-0500,2043.921,2115.566,,2024-02-03T20:00:00.000-0500,6,2,2024,2024-02-03,214.73500000000013,-3.2947000000000024,0.0
2024-02-03T21:00:00.000-0500,1996.703,2051.912,,2024-02-03T21:00:00.000-0500,6,2,2024,2024-02-03,278.3890000000001,-4.567780000000003,0.0
2024-02-03T22:00:00.000-0500,1928.706,1972.502,,2024-02-03T22:00:00.000-0500,6,2,2024,2024-02-03,357.799,-6.15598,0.0
2024-02-03T23:00:00.000-0500,1837.351,1891.206,,2024-02-03T23:00:00.000-0500,6,2,2024,2024-02-03,439.095,-7.7819,0.0
2024-02-04T00:00:00.000-0500,1744.921,1792.015,,2024-02-04T00:00:00.000-0500,7,2,2024,2024-02-04,538.2859999999998,-9.765719999999996,0.0
2024-01-29T01:00:00.000-0500,1628.098,1598.558,4338.9623,2024-01-29T01:00:00.000-0500,1,1,2024,2024-01-29,2740.4043,-53.808086,0.0
2024-01-29T02:00:00.000-0500,1573.377,1547.904,,2024-01-29T02:00:00.000-0500,1,1,2024,2024-01-29,2791.0583,-54.821166000000005,0.0
2024-01-29T03:00:00.000-0500,1555.901,1546.688,,2024-01-29T03:00:00.000-0500,1,1,2024,2024-01-29,2792.2743,-54.845486,0.0
2024-01-29T04:00:00.000-0500,1555.299,1546.182,,2024-01-29T04:00:00.000-0500,1,1,2024,2024-01-29,2792.7803000000004,-54.85560600000001,0.0
2024-01-29T05:00:00.000-0500,1609.463,1600.04,,2024-01-29T05:00:00.000-0500,1,1,2024,2024-01-29,2738.9223,-53.778446,0.0
2024-01-29T06:00:00.000-0500,1734.469,1745.532,,2024-01-29T06:00:00.000-0500,1,1,2024,2024-01-29,2593.4303,-50.868606,0.0
2024-01-29T07:00:00.000-0500,1901.457,1939.195,,2024-01-29T07:00:00.000-0500,1,1,2024,2024-01-29,2399.7673000000004,-46.99534600000001,0.0
2024-01-29T08:00:00.000-0500,2037.476,2076.609,,2024-01-29T08:00:00.000-0500,1,1,2024,2024-01-29,2262.3533,-44.247066000000004,0.0
2024-01-29T09:00:00.000-0500,2132.953,2173.585,,2024-01-29T09:00:00.000-0500,1,1,2024,2024-01-29,2165.3773,-42.307546,0.0
2024-01-29T10:00:00.000-0500,2174.976,2232.27,,2024-01-29T10:00:00.000-0500,1,1,2024,2024-01-29,2106.6923,-41.133846000000005,0.0
2024-01-29T11:00:00.000-0500,2197.267,2247.362,,2024-01-29T11:00:00.000-0500,1,1,2024,2024-01-29,2091.6003,-40.832006,0.0
2024-01-29T12:00:00.000-0500,2217.567,2261.221,,2024-01-29T12:00:00.000-0500,1,1,2024,2024-01-29,2077.7413,-40.554826000000006,0.0
2024-01-29T13:00:00.000-0500,2226.209,2261.321,,2024-01-29T13:00:00.000-0500,1,1,2024,2024-01-29,2077.6413000000002,-40.552826,0.0
2024-01-29T14:00:00.000-0500,2216.096,2280.548,,2024-01-29T14:00:00.000-0500,1,1,2024,2024-01-29,2058.4143000000004,-40.16828600000001,0.0
2024-01-29T15:00:00.000-0500,2204.037,2243.317,,2024-01-29T15:00:00.000-0500,1,1,2024,2024-01-29,2095.6453,-40.91290600000001,0.0
2024-01-29T16:00:00.000-0500,2212.061,2242.319,,2024-01-29T16:00:00.000-0500,1,1,2024,2024-01-29,2096.6433,-40.932866000000004,0.0
2024-01-29T17:00:00.000-0500,2279.699,2287.717,,2024-01-29T17:00:00.000-0500,1,1,2024,2024-01-29,2051.2453,-40.024906,0.0
2024-01-29T18:00:00.000-0500,2374.87,2395.837,,2024-01-29T18:00:00.000-0500,1,1,2024,2024-01-29,1943.1253000000002,-37.862506,0.0
2024-01-29T19:00:00.000-0500,2349.518,2357.834,,2024-01-29T19:00:00.000-0500,1,1,2024,2024-01-29,1981.1283000000003,-38.622566000000006,0.0
2024-01-29T20:00:00.000-0500,2263.502,2273.708,,2024-01-29T20:00:00.000-0500,1,1,2024,2024-01-29,2065.2543,-40.305086,0.0
2024-01-29T21:00:00.000-0500,2175.629,2183.714,,2024-01-29T21:00:00.000-0500,1,1,2024,2024-01-29,2155.2483,-42.104966000000005,0.0
2024-01-29T22:00:00.000-0500,2057.733,2064.802,,2024-01-29T22:00:00.000-0500,1,1,2024,2024-01-29,2274.1603,-44.483206,0.0
2024-01-29T23:00:00.000-0500,1915.368,1913.081,,2024-01-29T23:00:00.000-0500,1,1,2024,2024-01-29,2425.8813,-47.517626,0.0
2024-01-30T00:00:00.000-0500,1786.119,1811.567,,2024-01-30T00:00:00.000-0500,2,1,2024,2024-01-30,2527.3953,-49.547906000000005,0.0
2024-01-30T01:00:00.000-0500,1717.839,1726.918,4338.9623,2024-01-30T01:00:00.000-0500,2,1,2024,2024-01-30,2612.0443000000005,-51.24088600000001,0.0
2024-01-30T02:00:00.000-0500,1659.421,1679.647,,2024-01-30T02:00:00.000-0500,2,1,2024,2024-01-30,2659.3153,-52.186306,0.0
2024-01-30T03:00:00.000-0500,1642.051,1674.335,,2024-01-30T03:00:00.000-0500,2,1,2024,2024-01-30,2664.6273,-52.292546,0.0
2024-01-30T04:00:00.000-0500,1639.542,1694.042,,2024-01-30T04:00:00.000-0500,2,1,2024,2024-01-30,2644.9203,-51.89840600000001,0.0
2024-01-30T05:00:00.000-0500,1685.353,1743.096,,2024-01-30T05:00:00.000-0500,2,1,2024,2024-01-30,2595.8663,-50.917326,0.0
2024-01-30T06:00:00.000-0500,1817.339,1876.186,,2024-01-30T06:00:00.000-0500,2,1,2024,2024-01-30,2462.7763000000004,-48.25552600000001,0.0
2024-01-30T07:00:00.000-0500,2015.341,2074.773,,2024-01-30T07:00:00.000-0500,2,1,2024,2024-01-30,2264.1893,-44.283786,0.0
2024-01-30T08:00:00.000-0500,2144.756,2199.345,,2024-01-30T08:00:00.000-0500,2,1,2024,2024-01-30,2139.6173000000003,-41.79234600000001,0.0
2024-01-30T09:00:00.000-0500,2191.844,2251.812,,2024-01-30T09:00:00.000-0500,2,1,2024,2024-01-30,2087.1503000000002,-40.74300600000001,0.0
2024-01-30T10:00:00.000-0500,2231.73,2251.429,,2024-01-30T10:00:00.000-0500,2,1,2024,2024-01-30,2087.5333,-40.750666,0.0
2024-01-30T11:00:00.000-0500,2255.438,2251.643,,2024-01-30T11:00:00.000-0500,2,1,2024,2024-01-30,2087.3193,-40.746386,0.0
2024-01-30T12:00:00.000-0500,2262.03,2263.082,,2024-01-30T12:00:00.000-0500,2,1,2024,2024-01-30,2075.8803000000003,-40.51760600000001,0.0
2024-01-30T13:00:00.000-0500,2260.946,2271.58,,2024-01-30T13:00:00.000-0500,2,1,2024,2024-01-30,2067.3823,-40.347646000000005,0.0
2024-01-30T14:00:00.000-0500,2256.377,2269.843,,2024-01-30T14:00:00.000-0500,2,1,2024,2024-01-30,2069.1193000000003,-40.382386000000004,0.0
2024-01-30T15:00:00.000-0500,2247.682,2291.708,,2024-01-30T15:00:00.000-0500,2,1,2024,2024-01-30,2047.2543,-39.945086,0.0
2024-01-30T16:00:00.000-0500,2264.916,2296.395,,2024-01-30T16:00:00.000-0500,2,1,2024,2024-01-30,2042.5673000000002,-39.85134600000001,0.0
2024-01-30T17:00:00.000-0500,2320.812,2396.137,,2024-01-30T17:00:00.000-0500,2,1,2024,2024-01-30,1942.8253,-37.856506,0.0
2024-01-30T18:00:00.000-0500,2418.962,2480.808,,2024-01-30T18:00:00.000-0500,2,1,2024,2024-01-30,1858.1543000000001,-36.16308600000001,0.0
2024-01-30T19:00:00.000-0500,2401.672,2471.393,,2024-01-30T19:00:00.000-0500,2,1,2024,2024-01-30,1867.5693,-36.351386000000005,0.0
2024-01-30T20:00:00.000-0500,2330.421,2397.289,,2024-01-30T20:00:00.000-0500,2,1,2024,2024-01-30,1941.6733,-37.833466,0.0
2024-01-30T21:00:00.000-0500,2240.241,2286.137,,2024-01-30T21:00:00.000-0500,2,1,2024,2024-01-30,2052.8253,-40.056506,0.0
2024-01-30T22:00:00.000-0500,2120.683,2169.554,,2024-01-30T22:00:00.000-0500,2,1,2024,2024-01-30,2169.4083,-42.388166000000005,0.0
2024-01-30T23:00:00.000-0500,1971.562,2018.341,,2024-01-30T23:00:00.000-0500,2,1,2024,2024-01-30,2320.6213000000002,-45.412426,0.0
2024-01-31T00:00:00.000-0500,1850.36,1908.868,,2024-01-31T00:00:00.000-0500,3,1,2024,2024-01-31,2430.0943,-47.60188600000001,0.0
2024-01-31T01:00:00.000-0500,1774.952,1808.282,4338.9623,2024-01-31T01:00:00.000-0500,3,1,2024,2024-01-31,2530.6803,-49.613606000000004,0.0
2024-01-31T02:00:00.000-0500,1725.235,1735.403,,2024-01-31T02:00:00.000-0500,3,1,2024,2024-01-31,2603.5593,-51.071186,0.0
2024-01-31T03:00:00.000-0500,1698.073,1737.245,,2024-01-31T03:00:00.000-0500,3,1,2024,2024-01-31,2601.7173000000003,-51.034346000000006,0.0
2024-01-31T04:00:00.000-0500,1702.55,1744.331,,2024-01-31T04:00:00.000-0500,3,1,2024,2024-01-31,2594.6313,-50.892626,0.0
2024-01-31T05:00:00.000-0500,1747.502,1777.34,,2024-01-31T05:00:00.000-0500,3,1,2024,2024-01-31,2561.6223,-50.232446,0.0
2024-01-31T06:00:00.000-0500,1879.972,1931.836,,2024-01-31T06:00:00.000-0500,3,1,2024,2024-01-31,2407.1263,-47.142526,0.0
2024-01-31T07:00:00.000-0500,2071.618,2122.214,,2024-01-31T07:00:00.000-0500,3,1,2024,2024-01-31,2216.7483,-43.334966,0.0
2024-01-31T08:00:00.000-0500,2199.027,2235.573,,2024-01-31T08:00:00.000-0500,3,1,2024,2024-01-31,2103.3893000000003,-41.067786000000005,0.0
2024-01-31T09:00:00.000-0500,2246.714,2240.784,,2024-01-31T09:00:00.000-0500,3,1,2024,2024-01-31,2098.1783,-40.963566,0.0
2024-01-31T10:00:00.000-0500,2257.455,2210.031,,2024-01-31T10:00:00.000-0500,3,1,2024,2024-01-31,2128.9313,-41.57862600000001,0.0
2024-01-31T11:00:00.000-0500,2272.546,2268.081,,2024-01-31T11:00:00.000-0500,3,1,2024,2024-01-31,2070.8813,-40.417626,0.0
2024-01-31T12:00:00.000-0500,2251.146,2322.739,,2024-01-31T12:00:00.000-0500,3,1,2024,2024-01-31,2016.2233,-39.324466,0.0
2024-01-31T13:00:00.000-0500,2236.561,2297.766,,2024-01-31T13:00:00.000-0500,3,1,2024,2024-01-31,2041.1963,-39.823926,0.0
2024-01-31T14:00:00.000-0500,2231.096,2305.84,,2024-01-31T14:00:00.000-0500,3,1,2024,2024-01-31,2033.1223,-39.662446,0.0
2024-01-31T15:00:00.000-0500,2208.538,2290.39,,2024-01-31T15:00:00.000-0500,3,1,2024,2024-01-31,2048.5723000000003,-39.97144600000001,0.0
2024-01-31T16:00:00.000-0500,2228.002,2281.222,,2024-01-31T16:00:00.000-0500,3,1,2024,2024-01-31,2057.7403,-40.154806,0.0
2024-01-31T17:00:00.000-0500,2279.22,2310.672,,2024-01-31T17:00:00.000-0500,3,1,2024,2024-01-31,2028.2903000000001,-39.565806,0.0
2024-01-31T18:00:00.000-0500,2374.261,2385.008,,2024-01-31T18:00:00.000-0500,3,1,2024,2024-01-31,1953.9543000000003,-38.07908600000001,0.0
2024-01-31T19:00:00.000-0500,2352.227,2370.402,,2024-01-31T19:00:00.000-0500,3,1,2024,2024-01-31,1968.5603,-38.371206,0.0
2024-01-31T20:00:00.000-0500,2267.475,2304.003,,2024-01-31T20:00:00.000-0500,3,1,2024,2024-01-31,2034.9593,-39.699186,0.0
2024-01-31T21:00:00.000-0500,2182.58,2207.872,,2024-01-31T21:00:00.000-0500,3,1,2024,2024-01-31,2131.0903000000003,-41.62180600000001,0.0
2024-01-31T22:00:00.000-0500,2063.761,2090.914,,2024-01-31T22:00:00.000-0500,3,1,2024,2024-01-31,2248.0483,-43.960966,0.0
2024-01-31T23:00:00.000-0500,1913.957,1938.745,,2024-01-31T23:00:00.000-0500,3,1,2024,2024-01-31,2400.2173000000003,-47.004346000000005,0.0
2024-02-01T01:00:00.000-0500,1712.591,1756.185,2832.8205,2024-02-01T01:00:00.000-0500,4,2,2024,2024-02-01,574.116,-10.48232,0.0
2024-02-01T02:00:00.000-0500,1651.908,1717.709,,2024-02-01T02:00:00.000-0500,4,2,2024,2024-02-01,612.5919999999999,-11.251839999999998,0.0
2024-02-01T03:00:00.000-0500,1624.531,1698.003,,2024-02-01T03:00:00.000-0500,4,2,2024,2024-02-01,632.298,-11.64596,0.0
2024-02-01T04:00:00.000-0500,1627.738,1703.288,,2024-02-01T04:00:00.000-0500,4,2,2024,2024-02-01,627.0129999999999,-11.540259999999998,0.0
2024-02-01T05:00:00.000-0500,1676.294,1710.614,,2024-02-01T05:00:00.000-0500,4,2,2024,2024-02-01,619.6869999999999,-11.393739999999998,0.0
2024-02-01T06:00:00.000-0500,1794.996,1832.544,,2024-02-01T06:00:00.000-0500,4,2,2024,2024-02-01,497.75699999999983,-8.955139999999997,0.0
2024-02-01T07:00:00.000-0500,1990.225,2064.427,,2024-02-01T07:00:00.000-0500,4,2,2024,2024-02-01,265.8739999999998,-4.317479999999996,0.0
2024-02-01T08:00:00.000-0500,2112.359,2222.449,,2024-02-01T08:00:00.000-0500,4,2,2024,2024-02-01,107.85199999999986,-1.1570399999999972,0.0
2024-02-01T09:00:00.000-0500,2140.44,2234.009,,2024-02-01T09:00:00.000-0500,4,2,2024,2024-02-01,96.29199999999992,-0.9258399999999984,0.0
2024-02-01T10:00:00.000-0500,2119.974,2186.309,,2024-02-01T10:00:00.000-0500,4,2,2024,2024-02-01,143.99199999999973,-1.8798399999999948,0.0
2024-02-01T11:00:00.000-0500,2122.672,2156.315,,2024-02-01T11:00:00.000-0500,4,2,2024,2024-02-01,173.98599999999988,-2.4797199999999977,0.0
2024-02-01T12:00:00.000-0500,2130.167,2120.007,,2024-02-01T12:00:00.000-0500,4,2,2024,2024-02-01,210.29399999999987,-3.205879999999998,0.0
2024-02-01T13:00:00.000-0500,2143.911,2120.643,,2024-02-01T13:00:00.000-0500,4,2,2024,2024-02-01,209.6579999999999,-3.193159999999998,0.0
2024-02-01T14:00:00.000-0500,2146.929,2131.555,,2024-02-01T14:00:00.000-0500,4,2,2024,2024-02-01,198.7460000000001,-2.974920000000002,0.0
2024-02-01T15:00:00.000-0500,2135.563,2141.917,,2024-02-01T15:00:00.000-0500,4,2,2024,2024-02-01,188.38400000000001,-2.7676800000000004,0.0
2024-02-01T16:00:00.000-0500,2145.873,2171.486,,2024-02-01T16:00:00.000-0500,4,2,2024,2024-02-01,158.81500000000005,-2.1763000000000012,0.0
2024-02-01T17:00:00.000-0500,2190.466,2240.762,,2024-02-01T17:00:00.000-0500,4,2,2024,2024-02-01,89.53899999999976,-0.7907799999999952,0.0
2024-02-01T18:00:00.000-0500,2276.398,2330.301,,2024-02-01T18:00:00.000-0500,4,2,2024,2024-02-01,0.0,1.0,1.0
2024-02-01T19:00:00.000-0500,2253.491,2300.866,,2024-02-01T19:00:00.000-0500,4,2,2024,2024-02-01,29.434999999999945,0.4113000000000011,0.4113000000000011
2024-02-01T20:00:00.000-0500,2195.422,2225.388,,2024-02-01T20:00:00.000-0500,4,2,2024,2024-02-01,104.91300000000001,-1.0982600000000002,0.0
2024-02-01T21:00:00.000-0500,2101.728,2144.2,,2024-02-01T21:00:00.000-0500,4,2,2024,2024-02-01,186.1010000000001,-2.7220200000000023,0.0
2024-02-01T22:00:00.000-0500,1994.908,2031.744,,2024-02-01T22:00:00.000-0500,4,2,2024,2024-02-01,298.557,-4.97114,0.0
2024-02-01T23:00:00.000-0500,1859.648,1880.58,,2024-02-01T23:00:00.000-0500,4,2,2024,2024-02-01,449.721,-7.99442,0.0
2024-02-02T00:00:00.000-0500,1744.857,1775.239,,2024-02-02T00:00:00.000-0500,5,2,2024,2024-02-02,555.0619999999999,-10.101239999999999,0.0
2024-02-02T01:00:00.000-0500,1650.543,1656.75,3860.4363,2024-02-02T01:00:00.000-0500,5,2,2024,2024-02-02,673.5509999999999,-12.47102,0.0
2024-02-02T02:00:00.000-0500,1597.817,1601.082,,2024-02-02T02:00:00.000-0500,5,2,2024,2024-02-02,729.2189999999998,-13.584379999999996,0.0
2024-02-02T03:00:00.000-0500,1570.629,1583.04,,2024-02-02T03:00:00.000-0500,5,2,2024,2024-02-02,747.261,-13.945219999999999,0.0
2024-02-02T04:00:00.000-0500,1570.007,1600.071,,2024-02-02T04:00:00.000-0500,5,2,2024,2024-02-02,730.23,-13.604600000000001,0.0
2024-02-02T05:00:00.000-0500,1615.129,1654.238,,2024-02-02T05:00:00.000-0500,5,2,2024,2024-02-02,676.0629999999999,-12.521259999999998,0.0
2024-02-02T06:00:00.000-0500,1725.484,1789.272,,2024-02-02T06:00:00.000-0500,5,2,2024,2024-02-02,541.029,-9.82058,0.0
2024-02-02T07:00:00.000-0500,1923.309,1991.321,,2024-02-02T07:00:00.000-0500,5,2,2024,2024-02-02,338.98,-5.7796,0.0
2024-02-02T08:00:00.000-0500,2055.282,2172.108,,2024-02-02T08:00:00.000-0500,5,2,2024,2024-02-02,158.19299999999976,-2.1638599999999952,0.0
2024-02-02T09:00:00.000-0500,2096.879,2221.902,,2024-02-02T09:00:00.000-0500,5,2,2024,2024-02-02,108.39899999999989,-1.1679799999999978,0.0
2024-02-02T10:00:00.000-0500,2110.07,2232.372,,2024-02-02T10:00:00.000-0500,5,2,2024,2024-02-02,97.92900000000009,-0.9585800000000018,0.0
2024-02-02T11:00:00.000-0500,2102.334,2206.054,,2024-02-02T11:00:00.000-0500,5,2,2024,2024-02-02,124.24699999999984,-1.4849399999999968,0.0
2024-02-02T12:00:00.000-0500,2077.759,2184.718,,2024-02-02T12:00:00.000-0500,5,2,2024,2024-02-02,145.58300000000008,-1.9116600000000017,0.0
2024-02-02T13:00:00.000-0500,2051.234,2190.409,,2024-02-02T13:00:00.000-0500,5,2,2024,2024-02-02,139.89199999999983,-1.7978399999999968,0.0
2024-02-02T14:00:00.000-0500,2017.296,2168.581,,2024-02-02T14:00:00.000-0500,5,2,2024,2024-02-02,161.7199999999998,-2.234399999999996,0.0
2024-02-02T15:00:00.000-0500,2001.89,2205.885,,2024-02-02T15:00:00.000-0500,5,2,2024,2024-02-02,124.41599999999971,-1.488319999999994,0.0
2024-02-02T16:00:00.000-0500,2028.316,2191.421,,2024-02-02T16:00:00.000-0500,5,2,2024,2024-02-02,138.8800000000001,-1.7776000000000023,0.0
2024-02-02T17:00:00.000-0500,2100.361,2228.544,,2024-02-02T17:00:00.000-0500,5,2,2024,2024-02-02,101.75700000000006,-1.035140000000001,0.0
2024-02-02T18:00:00.000-0500,2181.049,2312.042,,2024-02-02T18:00:00.000-0500,5,2,2024,2024-02-02,18.259000000000015,0.6348199999999997,0.6348199999999997
2024-02-02T19:00:00.000-0500,2162.122,2255.49,,2024-02-02T19:00:00.000-0500,5,2,2024,2024-02-02,74.81100000000015,-0.496220000000003,0.0
2024-02-02T20:00:00.000-0500,2093.069,2179.287,,2024-02-02T20:00:00.000-0500,5,2,2024,2024-02-02,151.01400000000012,-2.0202800000000027,0.0
2024-02-02T21:00:00.000-0500,2042.724,2098.489,,2024-02-02T21:00:00.000-0500,5,2,2024,2024-02-02,231.8119999999999,-3.636239999999998,0.0
2024-02-02T22:00:00.000-0500,1957.709,1996.928,,2024-02-02T22:00:00.000-0500,5,2,2024,2024-02-02,333.3729999999998,-5.667459999999997,0.0
2024-02-02T23:00:00.000-0500,1844.074,1888.975,,2024-02-02T23:00:00.000-0500,5,2,2024,2024-02-02,441.326,-7.82652,0.0
2024-02-03T00:00:00.000-0500,1738.108,1792.046,,2024-02-03T00:00:00.000-0500,6,2,2024,2024-02-03,538.2549999999999,-9.765099999999999,0.0
2024-02-03T01:00:00.000-0500,1656.967,1712.844,3860.4363,2024-02-03T01:00:00.000-0500,6,2,2024,2024-02-03,617.4569999999999,-11.349139999999998,0.0
2024-02-03T02:00:00.000-0500,1617.541,1660.475,,2024-02-03T02:00:00.000-0500,6,2,2024,2024-02-03,669.826,-12.39652,0.0
2024-02-03T03:00:00.000-0500,1583.272,1637.035,,2024-02-03T03:00:00.000-0500,6,2,2024,2024-02-03,693.2659999999998,-12.865319999999997,0.0
2024-02-03T04:00:00.000-0500,1580.146,1640.0,,2024-02-03T04:00:00.000-0500,6,2,2024,2024-02-03,690.3009999999999,-12.806019999999998,0.0
2024-02-03T05:00:00.000-0500,1601.716,1670.671,,2024-02-03T05:00:00.000-0500,6,2,2024,2024-02-03,659.6299999999999,-12.192599999999999,0.0
2024-02-03T06:00:00.000-0500,1646.314,1721.167,,2024-02-03T06:00:00.000-0500,6,2,2024,2024-02-03,609.134,-11.182680000000001,0.0
2024-02-03T07:00:00.000-0500,1747.467,1837.723,,2024-02-03T07:00:00.000-0500,6,2,2024,2024-02-03,492.578,-8.85156,0.0
2024-02-03T08:00:00.000-0500,1814.558,1921.114,,2024-02-03T08:00:00.000-0500,6,2,2024,2024-02-03,409.1869999999999,-7.1837399999999985,0.0
2024-02-03T09:00:00.000-0500,1828.112,1926.236,,2024-02-03T09:00:00.000-0500,6,2,2024,2024-02-03,404.0649999999998,-7.081299999999997,0.0
2024-02-03T10:00:00.000-0500,1772.917,1866.591,,2024-02-03T10:00:00.000-0500,6,2,2024,2024-02-03,463.71000000000004,-8.2742,0.0
2024-02-03T11:00:00.000-0500,1704.24,1685.641,,2024-02-03T11:00:00.000-0500,6,2,2024,2024-02-03,644.6599999999999,-11.893199999999997,0.0
2024-02-03T12:00:00.000-0500,1651.942,1629.439,,2024-02-03T12:00:00.000-0500,6,2,2024,2024-02-03,700.8619999999999,-13.017239999999997,0.0
2024-02-03T13:00:00.000-0500,1615.724,1619.597,,2024-02-03T13:00:00.000-0500,6,2,2024,2024-02-03,710.704,-13.21408,0.0
2024-02-03T14:00:00.000-0500,1616.333,1436.503,,2024-02-03T14:00:00.000-0500,6,2,2024,2024-02-03,893.798,-16.87596,0.0
2024-02-03T15:00:00.000-0500,1665.17,1563.132,,2024-02-03T15:00:00.000-0500,6,2,2024,2024-02-03,767.1689999999999,-14.343379999999998,0.0
2024-02-03T16:00:00.000-0500,1788.922,1726.007,,2024-02-03T16:00:00.000-0500,6,2,2024,2024-02-03,604.2939999999999,-11.085879999999998,0.0
2024-02-03T17:00:00.000-0500,1957.942,1954.784,,2024-02-03T17:00:00.000-0500,6,2,2024,2024-02-03,375.5169999999998,-6.510339999999997,0.0
2024-02-03T18:00:00.000-0500,2088.04,2130.931,,2024-02-03T18:00:00.000-0500,6,2,2024,2024-02-03,199.3699999999999,-2.987399999999998,0.0
2024-02-03T19:00:00.000-0500,2096.958,2175.145,,2024-02-03T19:00:00.000-0500,6,2,2024,2024-02-03,155.15599999999995,-2.103119999999999,0.0
2024-02-03T20:00:00.000-0500,2043.921,2115.566,,2024-02-03T20:00:00.000-0500,6,2,2024,2024-02-03,214.73500000000013,-3.2947000000000024,0.0
2024-02-03T21:00:00.000-0500,1996.703,2051.912,,2024-02-03T21:00:00.000-0500,6,2,2024,2024-02-03,278.3890000000001,-4.567780000000003,0.0
2024-02-03T22:00:00.000-0500,1928.706,1972.502,,2024-02-03T22:00:00.000-0500,6,2,2024,2024-02-03,357.799,-6.15598,0.0
2024-02-03T23:00:00.000-0500,1837.351,1891.206,,2024-02-03T23:00:00.000-0500,6,2,2024,2024-02-03,439.095,-7.7819,0.0
2024-02-04T00:00:00.000-0500,1744.921,1792.015,,2024-02-04T00:00:00.000-0500,7,2,2024,2024-02-04,538.2859999999998,-9.765719999999996,0.0
2024-02-04T01:00:00.000-0500,1682.654,1736.75,3860.4363,2024-02-04T01:00:00.000-0500,7,2,2024,2024-02-04,593.5509999999999,-10.87102,0.0
2024-02-04T02:00:00.000-0500,1644.42,1704.04,,2024-02-04T02:00:00.000-0500,7,2,2024,2024-02-04,626.261,-11.52522,0.0
2024-02-04T03:00:00.000-0500,1623.202,1655.838,,2024-02-04T03:00:00.000-0500,7,2,2024,2024-02-04,674.463,-12.48926,0.0
2024-02-04T04:00:00.000-0500,1620.507,1638.808,,2024-02-04T04:00:00.000-0500,7,2,2024,2024-02-04,691.4929999999999,-12.829859999999998,0.0
2024-02-04T05:00:00.000-0500,1636.809,1704.95,,2024-02-04T05:00:00.000-0500,7,2,2024,2024-02-04,625.3509999999999,-11.507019999999997,0.0
2024-02-04T06:00:00.000-0500,1684.782,1715.176,,2024-02-04T06:00:00.000-0500,7,2,2024,2024-02-04,615.125,-11.3025,0.0
2024-02-04T07:00:00.000-0500,1752.468,1803.543,,2024-02-04T07:00:00.000-0500,7,2,2024,2024-02-04,526.758,-9.535160000000001,0.0
2024-02-04T08:00:00.000-0500,1811.986,1865.859,,2024-02-04T08:00:00.000-0500,7,2,2024,2024-02-04,464.442,-8.28884,0.0
2024-02-04T09:00:00.000-0500,1787.932,1792.274,,2024-02-04T09:00:00.000-0500,7,2,2024,2024-02-04,538.027,-9.76054,0.0
2024-02-04T10:00:00.000-0500,1717.391,1729.606,,2024-02-04T10:00:00.000-0500,7,2,2024,2024-02-04,600.6949999999999,-11.0139,0.0
2024-02-04T11:00:00.000-0500,1652.829,1504.517,,2024-02-04T11:00:00.000-0500,7,2,2024,2024-02-04,825.7839999999999,-15.515679999999996,0.0
2024-02-04T12:00:00.000-0500,1610.451,1434.979,,2024-02-04T12:00:00.000-0500,7,2,2024,2024-02-04,895.3219999999999,-16.90644,0.0
2024-02-04T13:00:00.000-0500,1593.568,1426.672,,2024-02-04T13:00:00.000-0500,7,2,2024,2024-02-04,903.6289999999999,-17.07258,0.0
2024-02-04T14:00:00.000-0500,1577.943,1473.623,,2024-02-04T14:00:00.000-0500,7,2,2024,2024-02-04,856.6779999999999,-16.13356,0.0
2024-02-04T15:00:00.000-0500,1638.103,1615.665,,2024-02-04T15:00:00.000-0500,7,2,2024,2024-02-04,714.636,-13.29272,0.0
2024-02-04T16:00:00.000-0500,1774.696,1823.47,,2024-02-04T16:00:00.000-0500,7,2,2024,2024-02-04,506.8309999999999,-9.136619999999999,0.0
2024-02-04T17:00:00.000-0500,1960.711,2022.188,,2024-02-04T17:00:00.000-0500,7,2,2024,2024-02-04,308.11299999999983,-5.162259999999996,0.0
2024-02-04T18:00:00.000-0500,2126.98,2199.812,,2024-02-04T18:00:00.000-0500,7,2,2024,2024-02-04,130.48900000000003,-1.6097800000000007,0.0
2024-02-04T19:00:00.000-0500,2150.7,2206.206,,2024-02-04T19:00:00.000-0500,7,2,2024,2024-02-04,124.0949999999998,-1.481899999999996,0.0
2024-02-04T20:00:00.000-0500,2111.43,2133.468,,2024-02-04T20:00:00.000-0500,7,2,2024,2024-02-04,196.83300000000008,-2.9366600000000016,0.0
2024-02-04T21:00:00.000-0500,2030.908,2067.69,,2024-02-04T21:00:00.000-0500,7,2,2024,2024-02-04,262.6109999999999,-4.252219999999998,0.0
2024-02-04T22:00:00.000-0500,1940.689,1985.107,,2024-02-04T22:00:00.000-0500,7,2,2024,2024-02-04,345.19399999999996,-5.903879999999999,0.0
2024-02-04T23:00:00.000-0500,1820.506,1872.073,,2024-02-04T23:00:00.000-0500,7,2,2024,2024-02-04,458.22799999999984,-8.164559999999996,0.0
2024-02-05T00:00:00.000-0500,1716.456,1772.895,,2024-02-05T00:00:00.000-0500,1,2,2024,2024-02-05,557.406,-10.148119999999999,0.0
2024-01-30T01:00:00.000-0500,1717.839,1726.918,4338.9623,2024-01-30T01:00:00.000-0500,2,1,2024,2024-01-30,2612.0443000000005,-51.24088600000001,0.0
2024-01-30T02:00:00.000-0500,1659.421,1679.647,,2024-01-30T02:00:00.000-0500,2,1,2024,2024-01-30,2659.3153,-52.186306,0.0
2024-01-30T03:00:00.000-0500,1642.051,1674.335,,2024-01-30T03:00:00.000-0500,2,1,2024,2024-01-30,2664.6273,-52.292546,0.0
2024-01-30T04:00:00.000-0500,1639.542,1694.042,,2024-01-30T04:00:00.000-0500,2,1,2024,2024-01-30,2644.9203,-51.89840600000001,0.0
2024-01-30T05:00:00.000-0500,1685.353,1743.096,,2024-01-30T05:00:00.000-0500,2,1,2024,2024-01-30,2595.8663,-50.917326,0.0
2024-01-30T06:00:00.000-0500,1817.339,1876.186,,2024-01-30T06:00:00.000-0500,2,1,2024,2024-01-30,2462.7763000000004,-48.25552600000001,0.0
2024-01-30T07:00:00.000-0500,2015.341,2074.773,,2024-01-30T07:00:00.000-0500,2,1,2024,2024-01-30,2264.1893,-44.283786,0.0
2024-01-30T08:00:00.000-0500,2144.756,2199.345,,2024-01-30T08:00:00.000-0500,2,1,2024,2024-01-30,2139.6173000000003,-41.79234600000001,0.0
2024-01-30T09:00:00.000-0500,2191.844,2251.812,,2024-01-30T09:00:00.000-0500,2,1,2024,2024-01-30,2087.1503000000002,-40.74300600000001,0.0
2024-01-30T10:00:00.000-0500,2231.73,2251.429,,2024-01-30T10:00:00.000-0500,2,1,2024,2024-01-30,2087.5333,-40.750666,0.0
2024-01-30T11:00:00.000-0500,2255.438,2251.643,,2024-01-30T11:00:00.000-0500,2,1,2024,2024-01-30,2087.3193,-40.746386,0.0
2024-01-30T12:00:00.000-0500,2262.03,2263.082,,2024-01-30T12:00:00.000-0500,2,1,2024,2024-01-30,2075.8803000000003,-40.51760600000001,0.0
2024-01-30T13:00:00.000-0500,2260.946,2271.58,,2024-01-30T13:00:00.000-0500,2,1,2024,2024-01-30,2067.3823,-40.347646000000005,0.0
2024-01-30T14:00:00.000-0500,2256.377,2269.843,,2024-01-30T14:00:00.000-0500,2,1,2024,2024-01-30,2069.1193000000003,-40.382386000000004,0.0
2024-01-30T15:00:00.000-0500,2247.682,2291.708,,2024-01-30T15:00:00.000-0500,2,1,2024,2024-01-30,2047.2543,-39.945086,0.0
2024-01-30T16:00:00.000-0500,2264.916,2296.395,,2024-01-30T16:00:00.000-0500,2,1,2024,2024-01-30,2042.5673000000002,-39.85134600000001,0.0
2024-01-30T17:00:00.000-0500,2320.812,2396.137,,2024-01-30T17:00:00.000-0500,2,1,2024,2024-01-30,1942.8253,-37.856506,0.0
2024-01-30T18:00:00.000-0500,2418.962,2480.808,,2024-01-30T18:00:00.000-0500,2,1,2024,2024-01-30,1858.1543000000001,-36.16308600000001,0.0
2024-01-30T19:00:00.000-0500,2401.672,2471.393,,2024-01-30T19:00:00.000-0500,2,1,2024,2024-01-30,1867.5693,-36.351386000000005,0.0
2024-01-30T20:00:00.000-0500,2330.421,2397.289,,2024-01-30T20:00:00.000-0500,2,1,2024,2024-01-30,1941.6733,-37.833466,0.0
2024-01-30T21:00:00.000-0500,2240.241,2286.137,,2024-01-30T21:00:00.000-0500,2,1,2024,2024-01-30,2052.8253,-40.056506,0.0
2024-01-30T22:00:00.000-0500,2120.683,2169.554,,2024-01-30T22:00:00.000-0500,2,1,2024,2024-01-30,2169.4083,-42.388166000000005,0.0
2024-01-30T23:00:00.000-0500,1971.562,2018.341,,2024-01-30T23:00:00.000-0500,2,1,2024,2024-01-30,2320.6213000000002,-45.412426,0.0
2024-01-31T00:00:00.000-0500,1850.36,1908.868,,2024-01-31T00:00:00.000-0500,3,1,2024,2024-01-31,2430.0943,-47.60188600000001,0.0
2024-01-31T01:00:00.000-0500,1774.952,1808.282,4338.9623,2024-01-31T01:00:00.000-0500,3,1,2024,2024-01-31,2530.6803,-49.613606000000004,0.0
2024-01-31T02:00:00.000-0500,1725.235,1735.403,,2024-01-31T02:00:00.000-0500,3,1,2024,2024-01-31,2603.5593,-51.071186,0.0
2024-01-31T03:00:00.000-0500,1698.073,1737.245,,2024-01-31T03:00:00.000-0500,3,1,2024,2024-01-31,2601.7173000000003,-51.034346000000006,0.0
2024-01-31T04:00:00.000-0500,1702.55,1744.331,,2024-01-31T04:00:00.000-0500,3,1,2024,2024-01-31,2594.6313,-50.892626,0.0
2024-01-31T05:00:00.000-0500,1747.502,1777.34,,2024-01-31T05:00:00.000-0500,3,1,2024,2024-01-31,2561.6223,-50.232446,0.0
2024-01-31T06:00:00.000-0500,1879.972,1931.836,,2024-01-31T06:00:00.000-0500,3,1,2024,2024-01-31,2407.1263,-47.142526,0.0
2024-01-31T07:00:00.000-0500,2071.618,2122.214,,2024-01-31T07:00:00.000-0500,3,1,2024,2024-01-31,2216.7483,-43.334966,0.0
2024-01-31T08:00:00.000-0500,2199.027,2235.573,,2024-01-31T08:00:00.000-0500,3,1,2024,2024-01-31,2103.3893000000003,-41.067786000000005,0.0
2024-01-31T09:00:00.000-0500,2246.714,2240.784,,2024-01-31T09:00:00.000-0500,3,1,2024,2024-01-31,2098.1783,-40.963566,0.0
2024-01-31T10:00:00.000-0500,2257.455,2210.031,,2024-01-31T10:00:00.000-0500,3,1,2024,2024-01-31,2128.9313,-41.57862600000001,0.0
2024-01-31T11:00:00.000-0500,2272.546,2268.081,,2024-01-31T11:00:00.000-0500,3,1,2024,2024-01-31,2070.8813,-40.417626,0.0
2024-01-31T12:00:00.000-0500,2251.146,2322.739,,2024-01-31T12:00:00.000-0500,3,1,2024,2024-01-31,2016.2233,-39.324466,0.0
2024-01-31T13:00:00.000-0500,2236.561,2297.766,,2024-01-31T13:00:00.000-0500,3,1,2024,2024-01-31,2041.1963,-39.823926,0.0
2024-01-31T14:00:00.000-0500,2231.096,2305.84,,2024-01-31T14:00:00.000-0500,3,1,2024,2024-01-31,2033.1223,-39.662446,0.0
2024-01-31T15:00:00.000-0500,2208.538,2290.39,,2024-01-31T15:00:00.000-0500,3,1,2024,2024-01-31,2048.5723000000003,-39.97144600000001,0.0
2024-01-31T16:00:00.000-0500,2228.002,2281.222,,2024-01-31T16:00:00.000-0500,3,1,2024,2024-01-31,2057.7403,-40.154806,0.0
2024-01-31T17:00:00.000-0500,2279.22,2310.672,,2024-01-31T17:00:00.000-0500,3,1,2024,2024-01-31,2028.2903000000001,-39.565806,0.0
2024-01-31T18:00:00.000-0500,2374.261,2385.008,,2024-01-31T18:00:00.000-0500,3,1,2024,2024-01-31,1953.9543000000003,-38.07908600000001,0.0
2024-01-31T19:00:00.000-0500,2352.227,2370.402,,2024-01-31T19:00:00.000-0500,3,1,2024,2024-01-31,1968.5603,-38.371206,0.0
2024-01-31T20:00:00.000-0500,2267.475,2304.003,,2024-01-31T20:00:00.000-0500,3,1,2024,2024-01-31,2034.9593,-39.699186,0.0
2024-01-31T21:00:00.000-0500,2182.58,2207.872,,2024-01-31T21:00:00.000-0500,3,1,2024,2024-01-31,2131.0903000000003,-41.62180600000001,0.0
2024-01-31T22:00:00.000-0500,2063.761,2090.914,,2024-01-31T22:00:00.000-0500,3,1,2024,2024-01-31,2248.0483,-43.960966,0.0
2024-01-31T23:00:00.000-0500,1913.957,1938.745,,2024-01-31T23:00:00.000-0500,3,1,2024,2024-01-31,2400.2173000000003,-47.004346000000005,0.0
2024-02-01T01:00:00.000-0500,1712.591,1756.185,2832.8205,2024-02-01T01:00:00.000-0500,4,2,2024,2024-02-01,625.2249999999999,-11.504499999999998,0.0
2024-02-01T02:00:00.000-0500,1651.908,1717.709,,2024-02-01T02:00:00.000-0500,4,2,2024,2024-02-01,663.7009999999998,-12.274019999999997,0.0
2024-02-01T03:00:00.000-0500,1624.531,1698.003,,2024-02-01T03:00:00.000-0500,4,2,2024,2024-02-01,683.4069999999999,-12.66814,0.0
2024-02-01T04:00:00.000-0500,1627.738,1703.288,,2024-02-01T04:00:00.000-0500,4,2,2024,2024-02-01,678.1219999999998,-12.562439999999997,0.0
2024-02-01T05:00:00.000-0500,1676.294,1710.614,,2024-02-01T05:00:00.000-0500,4,2,2024,2024-02-01,670.7959999999998,-12.415919999999996,0.0
2024-02-01T06:00:00.000-0500,1794.996,1832.544,,2024-02-01T06:00:00.000-0500,4,2,2024,2024-02-01,548.8659999999998,-9.977319999999995,0.0
2024-02-01T07:00:00.000-0500,1990.225,2064.427,,2024-02-01T07:00:00.000-0500,4,2,2024,2024-02-01,316.9829999999997,-5.339659999999995,0.0
2024-02-01T08:00:00.000-0500,2112.359,2222.449,,2024-02-01T08:00:00.000-0500,4,2,2024,2024-02-01,158.96099999999979,-2.179219999999996,0.0
2024-02-01T09:00:00.000-0500,2140.44,2234.009,,2024-02-01T09:00:00.000-0500,4,2,2024,2024-02-01,147.40099999999984,-1.948019999999997,0.0
2024-02-01T10:00:00.000-0500,2119.974,2186.309,,2024-02-01T10:00:00.000-0500,4,2,2024,2024-02-01,195.10099999999966,-2.902019999999993,0.0
2024-02-01T11:00:00.000-0500,2122.672,2156.315,,2024-02-01T11:00:00.000-0500,4,2,2024,2024-02-01,225.0949999999998,-3.5018999999999965,0.0
2024-02-01T12:00:00.000-0500,2130.167,2120.007,,2024-02-01T12:00:00.000-0500,4,2,2024,2024-02-01,261.4029999999998,-4.228059999999996,0.0
2024-02-01T13:00:00.000-0500,2143.911,2120.643,,2024-02-01T13:00:00.000-0500,4,2,2024,2024-02-01,260.7669999999998,-4.215339999999997,0.0
2024-02-01T14:00:00.000-0500,2146.929,2131.555,,2024-02-01T14:00:00.000-0500,4,2,2024,2024-02-01,249.85500000000002,-3.9971000000000005,0.0
2024-02-01T15:00:00.000-0500,2135.563,2141.917,,2024-02-01T15:00:00.000-0500,4,2,2024,2024-02-01,239.49299999999994,-3.789859999999999,0.0
2024-02-01T16:00:00.000-0500,2145.873,2171.486,,2024-02-01T16:00:00.000-0500,4,2,2024,2024-02-01,209.92399999999998,-3.19848,0.0
2024-02-01T17:00:00.000-0500,2190.466,2240.762,,2024-02-01T17:00:00.000-0500,4,2,2024,2024-02-01,140.64799999999968,-1.8129599999999937,0.0
2024-02-01T18:00:00.000-0500,2276.398,2330.301,,2024-02-01T18:00:00.000-0500,4,2,2024,2024-02-01,51.108999999999924,-0.022179999999998534,0.0
2024-02-01T19:00:00.000-0500,2253.491,2300.866,,2024-02-01T19:00:00.000-0500,4,2,2024,2024-02-01,80.54399999999987,-0.6108799999999974,0.0
2024-02-01T20:00:00.000-0500,2195.422,2225.388,,2024-02-01T20:00:00.000-0500,4,2,2024,2024-02-01,156.02199999999993,-2.1204399999999985,0.0
2024-02-01T21:00:00.000-0500,2101.728,2144.2,,2024-02-01T21:00:00.000-0500,4,2,2024,2024-02-01,237.21000000000004,-3.744200000000001,0.0
2024-02-01T22:00:00.000-0500,1994.908,2031.744,,2024-02-01T22:00:00.000-0500,4,2,2024,2024-02-01,349.66599999999994,-5.993319999999999,0.0
2024-02-01T23:00:00.000-0500,1859.648,1880.58,,2024-02-01T23:00:00.000-0500,4,2,2024,2024-02-01,500.8299999999999,-9.016599999999999,0.0
2024-02-02T00:00:00.000-0500,1744.857,1775.239,,2024-02-02T00:00:00.000-0500,5,2,2024,2024-02-02,606.1709999999998,-11.123419999999996,0.0
2024-02-02T01:00:00.000-0500,1650.543,1656.75,3860.4363,2024-02-02T01:00:00.000-0500,5,2,2024,2024-02-02,724.6599999999999,-13.493199999999998,0.0
2024-02-02T02:00:00.000-0500,1597.817,1601.082,,2024-02-02T02:00:00.000-0500,5,2,2024,2024-02-02,780.3279999999997,-14.606559999999995,0.0
2024-02-02T03:00:00.000-0500,1570.629,1583.04,,2024-02-02T03:00:00.000-0500,5,2,2024,2024-02-02,798.3699999999999,-14.967399999999998,0.0
2024-02-02T04:00:00.000-0500,1570.007,1600.071,,2024-02-02T04:00:00.000-0500,5,2,2024,2024-02-02,781.3389999999999,-14.626779999999998,0.0
2024-02-02T05:00:00.000-0500,1615.129,1654.238,,2024-02-02T05:00:00.000-0500,5,2,2024,2024-02-02,727.1719999999998,-13.543439999999997,0.0
2024-02-02T06:00:00.000-0500,1725.484,1789.272,,2024-02-02T06:00:00.000-0500,5,2,2024,2024-02-02,592.1379999999999,-10.842759999999998,0.0
2024-02-02T07:00:00.000-0500,1923.309,1991.321,,2024-02-02T07:00:00.000-0500,5,2,2024,2024-02-02,390.08899999999994,-6.801779999999999,0.0
2024-02-02T08:00:00.000-0500,2055.282,2172.108,,2024-02-02T08:00:00.000-0500,5,2,2024,2024-02-02,209.30199999999968,-3.186039999999994,0.0
2024-02-02T09:00:00.000-0500,2096.879,2221.902,,2024-02-02T09:00:00.000-0500,5,2,2024,2024-02-02,159.5079999999998,-2.190159999999996,0.0
2024-02-02T10:00:00.000-0500,2110.07,2232.372,,2024-02-02T10:00:00.000-0500,5,2,2024,2024-02-02,149.038,-1.98076,0.0
2024-02-02T11:00:00.000-0500,2102.334,2206.054,,2024-02-02T11:00:00.000-0500,5,2,2024,2024-02-02,175.35599999999977,-2.5071199999999956,0.0
2024-02-02T12:00:00.000-0500,2077.759,2184.718,,2024-02-02T12:00:00.000-0500,5,2,2024,2024-02-02,196.692,-2.9338400000000004,0.0
2024-02-02T13:00:00.000-0500,2051.234,2190.409,,2024-02-02T13:00:00.000-0500,5,2,2024,2024-02-02,191.00099999999975,-2.820019999999995,0.0
2024-02-02T14:00:00.000-0500,2017.296,2168.581,,2024-02-02T14:00:00.000-0500,5,2,2024,2024-02-02,212.82899999999972,-3.2565799999999943,0.0
2024-02-02T15:00:00.000-0500,2001.89,2205.885,,2024-02-02T15:00:00.000-0500,5,2,2024,2024-02-02,175.52499999999964,-2.510499999999993,0.0
2024-02-02T16:00:00.000-0500,2028.316,2191.421,,2024-02-02T16:00:00.000-0500,5,2,2024,2024-02-02,189.98900000000003,-2.7997800000000006,0.0
2024-02-02T17:00:00.000-0500,2100.361,2228.544,,2024-02-02T17:00:00.000-0500,5,2,2024,2024-02-02,152.86599999999999,-2.05732,0.0
2024-02-02T18:00:00.000-0500,2181.049,2312.042,,2024-02-02T18:00:00.000-0500,5,2,2024,2024-02-02,69.36799999999994,-0.3873599999999988,0.0
2024-02-02T19:00:00.000-0500,2162.122,2255.49,,2024-02-02T19:00:00.000-0500,5,2,2024,2024-02-02,125.92000000000007,-1.5184000000000015,0.0
2024-02-02T20:00:00.000-0500,2093.069,2179.287,,2024-02-02T20:00:00.000-0500,5,2,2024,2024-02-02,202.12300000000005,-3.042460000000001,0.0
2024-02-02T21:00:00.000-0500,2042.724,2098.489,,2024-02-02T21:00:00.000-0500,5,2,2024,2024-02-02,282.9209999999998,-4.658419999999997,0.0
2024-02-02T22:00:00.000-0500,1957.709,1996.928,,2024-02-02T22:00:00.000-0500,5,2,2024,2024-02-02,384.48199999999974,-6.689639999999995,0.0
2024-02-02T23:00:00.000-0500,1844.074,1888.975,,2024-02-02T23:00:00.000-0500,5,2,2024,2024-02-02,492.43499999999995,-8.8487,0.0
2024-02-03T00:00:00.000-0500,1738.108,1792.046,,2024-02-03T00:00:00.000-0500,6,2,2024,2024-02-03,589.3639999999998,-10.787279999999996,0.0
2024-02-03T01:00:00.000-0500,1656.967,1712.844,3860.4363,2024-02-03T01:00:00.000-0500,6,2,2024,2024-02-03,668.5659999999998,-12.371319999999997,0.0
2024-02-03T02:00:00.000-0500,1617.541,1660.475,,2024-02-03T02:00:00.000-0500,6,2,2024,2024-02-03,720.935,-13.4187,0.0
2024-02-03T03:00:00.000-0500,1583.272,1637.035,,2024-02-03T03:00:00.000-0500,6,2,2024,2024-02-03,744.3749999999998,-13.887499999999996,0.0
2024-02-03T04:00:00.000-0500,1580.146,1640.0,,2024-02-03T04:00:00.000-0500,6,2,2024,2024-02-03,741.4099999999999,-13.828199999999997,0.0
2024-02-03T05:00:00.000-0500,1601.716,1670.671,,2024-02-03T05:00:00.000-0500,6,2,2024,2024-02-03,710.7389999999998,-13.214779999999996,0.0
2024-02-03T06:00:00.000-0500,1646.314,1721.167,,2024-02-03T06:00:00.000-0500,6,2,2024,2024-02-03,660.2429999999999,-12.204859999999998,0.0
2024-02-03T07:00:00.000-0500,1747.467,1837.723,,2024-02-03T07:00:00.000-0500,6,2,2024,2024-02-03,543.6869999999999,-9.873739999999998,0.0
2024-02-03T08:00:00.000-0500,1814.558,1921.114,,2024-02-03T08:00:00.000-0500,6,2,2024,2024-02-03,460.2959999999998,-8.205919999999997,0.0
2024-02-03T09:00:00.000-0500,1828.112,1926.236,,2024-02-03T09:00:00.000-0500,6,2,2024,2024-02-03,455.17399999999975,-8.103479999999996,0.0
2024-02-03T10:00:00.000-0500,1772.917,1866.591,,2024-02-03T10:00:00.000-0500,6,2,2024,2024-02-03,514.819,-9.29638,0.0
2024-02-03T11:00:00.000-0500,1704.24,1685.641,,2024-02-03T11:00:00.000-0500,6,2,2024,2024-02-03,695.7689999999998,-12.915379999999995,0.0
2024-02-03T12:00:00.000-0500,1651.942,1629.439,,2024-02-03T12:00:00.000-0500,6,2,2024,2024-02-03,751.9709999999998,-14.039419999999996,0.0
2024-02-03T13:00:00.000-0500,1615.724,1619.597,,2024-02-03T13:00:00.000-0500,6,2,2024,2024-02-03,761.8129999999999,-14.236259999999998,0.0
2024-02-03T14:00:00.000-0500,1616.333,1436.503,,2024-02-03T14:00:00.000-0500,6,2,2024,2024-02-03,944.9069999999999,-17.898139999999998,0.0
2024-02-03T15:00:00.000-0500,1665.17,1563.132,,2024-02-03T15:00:00.000-0500,6,2,2024,2024-02-03,818.2779999999998,-15.365559999999995,0.0
2024-02-03T16:00:00.000-0500,1788.922,1726.007,,2024-02-03T16:00:00.000-0500,6,2,2024,2024-02-03,655.4029999999998,-12.108059999999996,0.0
2024-02-03T17:00:00.000-0500,1957.942,1954.784,,2024-02-03T17:00:00.000-0500,6,2,2024,2024-02-03,426.62599999999975,-7.5325199999999946,0.0
2024-02-03T18:00:00.000-0500,2088.04,2130.931,,2024-02-03T18:00:00.000-0500,6,2,2024,2024-02-03,250.47899999999981,-4.009579999999996,0.0
2024-02-03T19:00:00.000-0500,2096.958,2175.145,,2024-02-03T19:00:00.000-0500,6,2,2024,2024-02-03,206.26499999999987,-3.1252999999999975,0.0
2024-02-03T20:00:00.000-0500,2043.921,2115.566,,2024-02-03T20:00:00.000-0500,6,2,2024,2024-02-03,265.84400000000005,-4.316880000000001,0.0
2024-02-03T21:00:00.000-0500,1996.703,2051.912,,2024-02-03T21:00:00.000-0500,6,2,2024,2024-02-03,329.49800000000005,-5.589960000000001,0.0
2024-02-03T22:00:00.000-0500,1928.706,1972.502,,2024-02-03T22:00:00.000-0500,6,2,2024,2024-02-03,408.9079999999999,-7.178159999999998,0.0
2024-02-03T23:00:00.000-0500,1837.351,1891.206,,2024-02-03T23:00:00.000-0500,6,2,2024,2024-02-03,490.20399999999995,-8.804079999999999,0.0
2024-02-04T00:00:00.000-0500,1744.921,1792.015,,2024-02-04T00:00:00.000-0500,7,2,2024,2024-02-04,589.3949999999998,-10.787899999999995,0.0
2024-02-04T01:00:00.000-0500,1682.654,1736.75,3860.4363,2024-02-04T01:00:00.000-0500,7,2,2024,2024-02-04,644.6599999999999,-11.893199999999997,0.0
2024-02-04T02:00:00.000-0500,1644.42,1704.04,,2024-02-04T02:00:00.000-0500,7,2,2024,2024-02-04,677.3699999999999,-12.547399999999998,0.0
2024-02-04T03:00:00.000-0500,1623.202,1655.838,,2024-02-04T03:00:00.000-0500,7,2,2024,2024-02-04,725.5719999999999,-13.511439999999999,0.0
2024-02-04T04:00:00.000-0500,1620.507,1638.808,,2024-02-04T04:00:00.000-0500,7,2,2024,2024-02-04,742.6019999999999,-13.852039999999997,0.0
2024-02-04T05:00:00.000-0500,1636.809,1704.95,,2024-02-04T05:00:00.000-0500,7,2,2024,2024-02-04,676.4599999999998,-12.529199999999996,0.0
2024-02-04T06:00:00.000-0500,1684.782,1715.176,,2024-02-04T06:00:00.000-0500,7,2,2024,2024-02-04,666.2339999999999,-12.324679999999999,0.0
2024-02-04T07:00:00.000-0500,1752.468,1803.543,,2024-02-04T07:00:00.000-0500,7,2,2024,2024-02-04,577.867,-10.55734,0.0
2024-02-04T08:00:00.000-0500,1811.986,1865.859,,2024-02-04T08:00:00.000-0500,7,2,2024,2024-02-04,515.5509999999999,-9.31102,0.0
2024-02-04T09:00:00.000-0500,1787.932,1792.274,,2024-02-04T09:00:00.000-0500,7,2,2024,2024-02-04,589.136,-10.78272,0.0
2024-02-04T10:00:00.000-0500,1717.391,1729.606,,2024-02-04T10:00:00.000-0500,7,2,2024,2024-02-04,651.8039999999999,-12.036079999999998,0.0
2024-02-04T11:00:00.000-0500,1652.829,1504.517,,2024-02-04T11:00:00.000-0500,7,2,2024,2024-02-04,876.8929999999998,-16.537859999999995,0.0
2024-02-04T12:00:00.000-0500,1610.451,1434.979,,2024-02-04T12:00:00.000-0500,7,2,2024,2024-02-04,946.4309999999998,-17.928619999999995,0.0
2024-02-04T13:00:00.000-0500,1593.568,1426.672,,2024-02-04T13:00:00.000-0500,7,2,2024,2024-02-04,954.7379999999998,-18.094759999999997,0.0
2024-02-04T14:00:00.000-0500,1577.943,1473.623,,2024-02-04T14:00:00.000-0500,7,2,2024,2024-02-04,907.7869999999998,-17.155739999999998,0.0
2024-02-04T15:00:00.000-0500,1638.103,1615.665,,2024-02-04T15:00:00.000-0500,7,2,2024,2024-02-04,765.7449999999999,-14.314899999999998,0.0
2024-02-04T16:00:00.000-0500,1774.696,1823.47,,2024-02-04T16:00:00.000-0500,7,2,2024,2024-02-04,557.9399999999998,-10.158799999999998,0.0
2024-02-04T17:00:00.000-0500,1960.711,2022.188,,2024-02-04T17:00:00.000-0500,7,2,2024,2024-02-04,359.22199999999975,-6.184439999999995,0.0
2024-02-04T18:00:00.000-0500,2126.98,2199.812,,2024-02-04T18:00:00.000-0500,7,2,2024,2024-02-04,181.59799999999996,-2.6319599999999994,0.0
2024-02-04T19:00:00.000-0500,2150.7,2206.206,,2024-02-04T19:00:00.000-0500,7,2,2024,2024-02-04,175.20399999999972,-2.5040799999999948,0.0
2024-02-04T20:00:00.000-0500,2111.43,2133.468,,2024-02-04T20:00:00.000-0500,7,2,2024,2024-02-04,247.942,-3.9588400000000004,0.0
2024-02-04T21:00:00.000-0500,2030.908,2067.69,,2024-02-04T21:00:00.000-0500,7,2,2024,2024-02-04,313.7199999999998,-5.274399999999996,0.0
2024-02-04T22:00:00.000-0500,1940.689,1985.107,,2024-02-04T22:00:00.000-0500,7,2,2024,2024-02-04,396.3029999999999,-6.926059999999998,0.0
2024-02-04T23:00:00.000-0500,1820.506,1872.073,,2024-02-04T23:00:00.000-0500,7,2,2024,2024-02-04,509.33699999999976,-9.186739999999995,0.0
2024-02-05T00:00:00.000-0500,1716.456,1772.895,,2024-02-05T00:00:00.000-0500,1,2,2024,2024-02-05,608.5149999999999,-11.170299999999997,0.0
2024-02-05T01:00:00.000-0500,1658.052,1719.648,3860.4363,2024-02-05T01:00:00.000-0500,1,2,2024,2024-02-05,661.762,-12.23524,0.0
2024-02-05T02:00:00.000-0500,1631.422,1703.953,,2024-02-05T02:00:00.000-0500,1,2,2024,2024-02-05,677.4569999999999,-12.549139999999998,0.0
2024-02-05T03:00:00.000-0500,1615.298,1661.871,,2024-02-05T03:00:00.000-0500,1,2,2024,2024-02-05,719.5389999999998,-13.390779999999996,0.0
2024-02-05T04:00:00.000-0500,1633.837,1671.649,,2024-02-05T04:00:00.000-0500,1,2,2024,2024-02-05,709.761,-13.195219999999999,0.0
2024-02-05T05:00:00.000-0500,1684.999,1778.006,,2024-02-05T05:00:00.000-0500,1,2,2024,2024-02-05,603.4039999999998,-11.068079999999995,0.0
2024-02-05T06:00:00.000-0500,1829.853,1851.698,,2024-02-05T06:00:00.000-0500,1,2,2024,2024-02-05,529.7119999999998,-9.594239999999996,0.0
2024-02-05T07:00:00.000-0500,2041.787,2108.624,,2024-02-05T07:00:00.000-0500,1,2,2024,2024-02-05,272.78600000000006,-4.455720000000001,0.0
2024-02-05T08:00:00.000-0500,2147.108,2216.371,,2024-02-05T08:00:00.000-0500,1,2,2024,2024-02-05,165.03899999999976,-2.300779999999995,0.0
2024-02-05T09:00:00.000-0500,2054.842,2093.153,,2024-02-05T09:00:00.000-0500,1,2,2024,2024-02-05,288.25700000000006,-4.7651400000000015,0.0
2024-02-05T10:00:00.000-0500,1908.038,1910.675,,2024-02-05T10:00:00.000-0500,1,2,2024,2024-02-05,470.7349999999999,-8.414699999999998,0.0
2024-02-05T11:00:00.000-0500,1803.446,1615.85,,2024-02-05T11:00:00.000-0500,1,2,2024,2024-02-05,765.56,-14.3112,0.0
2024-02-05T12:00:00.000-0500,1742.971,1561.615,,2024-02-05T12:00:00.000-0500,1,2,2024,2024-02-05,819.7949999999998,-15.395899999999997,0.0
2024-02-05T13:00:00.000-0500,1714.762,1515.525,,2024-02-05T13:00:00.000-0500,1,2,2024,2024-02-05,865.8849999999998,-16.317699999999995,0.0
2024-02-05T14:00:00.000-0500,1722.394,1513.569,,2024-02-05T14:00:00.000-0500,1,2,2024,2024-02-05,867.8409999999999,-16.35682,0.0
2024-02-05T15:00:00.000-0500,1775.22,1631.87,,2024-02-05T15:00:00.000-0500,1,2,2024,2024-02-05,749.54,-13.9908,0.0
2024-02-05T16:00:00.000-0500,1906.811,1860.651,,2024-02-05T16:00:00.000-0500,1,2,2024,2024-02-05,520.7589999999998,-9.415179999999996,0.0
2024-02-05T17:00:00.000-0500,2105.154,2108.723,,2024-02-05T17:00:00.000-0500,1,2,2024,2024-02-05,272.6869999999999,-4.453739999999998,0.0
2024-02-05T18:00:00.000-0500,2258.39,2355.536,,2024-02-05T18:00:00.000-0500,1,2,2024,2024-02-05,25.873999999999796,0.48252000000000406,0.48252000000000406
2024-02-05T19:00:00.000-0500,2268.794,2381.41,,2024-02-05T19:00:00.000-0500,1,2,2024,2024-02-05,0.0,1.0,1.0
2024-02-05T20:00:00.000-0500,2231.64,2301.564,,2024-02-05T20:00:00.000-0500,1,2,2024,2024-02-05,79.846,-0.5969200000000001,0.0
2024-02-05T21:00:00.000-0500,2157.998,2221.554,,2024-02-05T21:00:00.000-0500,1,2,2024,2024-02-05,159.85599999999977,-2.1971199999999955,0.0
2024-02-05T22:00:00.000-0500,2049.173,2113.781,,2024-02-05T22:00:00.000-0500,1,2,2024,2024-02-05,267.6289999999999,-4.352579999999998,0.0
2024-02-05T23:00:00.000-0500,1915.654,1974.447,,2024-02-05T23:00:00.000-0500,1,2,2024,2024-02-05,406.96299999999997,-7.13926,0.0
2024-02-06T00:00:00.000-0500,1795.043,1856.679,,2024-02-06T00:00:00.000-0500,2,2,2024,2024-02-06,524.7309999999998,-9.494619999999996,0.0
2024-01-31T01:00:00.000-0500,1774.952,1808.282,4338.9623,2024-01-31T01:00:00.000-0500,3,1,2024,2024-01-31,2530.6803,-49.613606000000004,0.0
2024-01-31T02:00:00.000-0500,1725.235,1735.403,,2024-01-31T02:00:00.000-0500,3,1,2024,2024-01-31,2603.5593,-51.071186,0.0
2024-01-31T03:00:00.000-0500,1698.073,1737.245,,2024-01-31T03:00:00.000-0500,3,1,2024,2024-01-31,2601.7173000000003,-51.034346000000006,0.0
2024-01-31T04:00:00.000-0500,1702.55,1744.331,,2024-01-31T04:00:00.000-0500,3,1,2024,2024-01-31,2594.6313,-50.892626,0.0
2024-01-31T05:00:00.000-0500,1747.502,1777.34,,2024-01-31T05:00:00.000-0500,3,1,2024,2024-01-31,2561.6223,-50.232446,0.0
2024-01-31T06:00:00.000-0500,1879.972,1931.836,,2024-01-31T06:00:00.000-0500,3,1,2024,2024-01-31,2407.1263,-47.142526,0.0
2024-01-31T07:00:00.000-0500,2071.618,2122.214,,2024-01-31T07:00:00.000-0500,3,1,2024,2024-01-31,2216.7483,-43.334966,0.0
2024-01-31T08:00:00.000-0500,2199.027,2235.573,,2024-01-31T08:00:00.000-0500,3,1,2024,2024-01-31,2103.3893000000003,-41.067786000000005,0.0
2024-01-31T09:00:00.000-0500,2246.714,2240.784,,2024-01-31T09:00:00.000-0500,3,1,2024,2024-01-31,2098.1783,-40.963566,0.0
2024-01-31T10:00:00.000-0500,2257.455,2210.031,,2024-01-31T10:00:00.000-0500,3,1,2024,2024-01-31,2128.9313,-41.57862600000001,0.0
2024-01-31T11:00:00.000-0500,2272.546,2268.081,,2024-01-31T11:00:00.000-0500,3,1,2024,2024-01-31,2070.8813,-40.417626,0.0
2024-01-31T12:00:00.000-0500,2251.146,2322.739,,2024-01-31T12:00:00.000-0500,3,1,2024,2024-01-31,2016.2233,-39.324466,0.0
2024-01-31T13:00:00.000-0500,2236.561,2297.766,,2024-01-31T13:00:00.000-0500,3,1,2024,2024-01-31,2041.1963,-39.823926,0.0
2024-01-31T14:00:00.000-0500,2231.096,2305.84,,2024-01-31T14:00:00.000-0500,3,1,2024,2024-01-31,2033.1223,-39.662446,0.0
2024-01-31T15:00:00.000-0500,2208.538,2290.39,,2024-01-31T15:00:00.000-0500,3,1,2024,2024-01-31,2048.5723000000003,-39.97144600000001,0.0
2024-01-31T16:00:00.000-0500,2228.002,2281.222,,2024-01-31T16:00:00.000-0500,3,1,2024,2024-01-31,2057.7403,-40.154806,0.0
2024-01-31T17:00:00.000-0500,2279.22,2310.672,,2024-01-31T17:00:00.000-0500,3,1,2024,2024-01-31,2028.2903000000001,-39.565806,0.0
2024-01-31T18:00:00.000-0500,2374.261,2385.008,,2024-01-31T18:00:00.000-0500,3,1,2024,2024-01-31,1953.9543000000003,-38.07908600000001,0.0
2024-01-31T19:00:00.000-0500,2352.227,2370.402,,2024-01-31T19:00:00.000-0500,3,1,2024,2024-01-31,1968.5603,-38.371206,0.0
2024-01-31T20:00:00.000-0500,2267.475,2304.003,,2024-01-31T20:00:00.000-0500,3,1,2024,2024-01-31,2034.9593,-39.699186,0.0
2024-01-31T21:00:00.000-0500,2182.58,2207.872,,2024-01-31T21:00:00.000-0500,3,1,2024,2024-01-31,2131.0903000000003,-41.62180600000001,0.0
2024-01-31T22:00:00.000-0500,2063.761,2090.914,,2024-01-31T22:00:00.000-0500,3,1,2024,2024-01-31,2248.0483,-43.960966,0.0
2024-01-31T23:00:00.000-0500,1913.957,1938.745,,2024-01-31T23:00:00.000-0500,3,1,2024,2024-01-31,2400.2173000000003,-47.004346000000005,0.0
2024-02-01T01:00:00.000-0500,1712.591,1756.185,2832.8205,2024-02-01T01:00:00.000-0500,4,2,2024,2024-02-01,625.2249999999999,-11.504499999999998,0.0
2024-02-01T02:00:00.000-0500,1651.908,1717.709,,2024-02-01T02:00:00.000-0500,4,2,2024,2024-02-01,663.7009999999998,-12.274019999999997,0.0
2024-02-01T03:00:00.000-0500,1624.531,1698.003,,2024-02-01T03:00:00.000-0500,4,2,2024,2024-02-01,683.4069999999999,-12.66814,0.0
2024-02-01T04:00:00.000-0500,1627.738,1703.288,,2024-02-01T04:00:00.000-0500,4,2,2024,2024-02-01,678.1219999999998,-12.562439999999997,0.0
2024-02-01T05:00:00.000-0500,1676.294,1710.614,,2024-02-01T05:00:00.000-0500,4,2,2024,2024-02-01,670.7959999999998,-12.415919999999996,0.0
2024-02-01T06:00:00.000-0500,1794.996,1832.544,,2024-02-01T06:00:00.000-0500,4,2,2024,2024-02-01,548.8659999999998,-9.977319999999995,0.0
2024-02-01T07:00:00.000-0500,1990.225,2064.427,,2024-02-01T07:00:00.000-0500,4,2,2024,2024-02-01,316.9829999999997,-5.339659999999995,0.0
2024-02-01T08:00:00.000-0500,2112.359,2222.449,,2024-02-01T08:00:00.000-0500,4,2,2024,2024-02-01,158.96099999999979,-2.179219999999996,0.0
2024-02-01T09:00:00.000-0500,2140.44,2234.009,,2024-02-01T09:00:00.000-0500,4,2,2024,2024-02-01,147.40099999999984,-1.948019999999997,0.0
2024-02-01T10:00:00.000-0500,2119.974,2186.309,,2024-02-01T10:00:00.000-0500,4,2,2024,2024-02-01,195.10099999999966,-2.902019999999993,0.0
2024-02-01T11:00:00.000-0500,2122.672,2156.315,,2024-02-01T11:00:00.000-0500,4,2,2024,2024-02-01,225.0949999999998,-3.5018999999999965,0.0
2024-02-01T12:00:00.000-0500,2130.167,2120.007,,2024-02-01T12:00:00.000-0500,4,2,2024,2024-02-01,261.4029999999998,-4.228059999999996,0.0
2024-02-01T13:00:00.000-0500,2143.911,2120.643,,2024-02-01T13:00:00.000-0500,4,2,2024,2024-02-01,260.7669999999998,-4.215339999999997,0.0
2024-02-01T14:00:00.000-0500,2146.929,2131.555,,2024-02-01T14:00:00.000-0500,4,2,2024,2024-02-01,249.85500000000002,-3.9971000000000005,0.0
2024-02-01T15:00:00.000-0500,2135.563,2141.917,,2024-02-01T15:00:00.000-0500,4,2,2024,2024-02-01,239.49299999999994,-3.789859999999999,0.0
2024-02-01T16:00:00.000-0500,2145.873,2171.486,,2024-02-01T16:00:00.000-0500,4,2,2024,2024-02-01,209.92399999999998,-3.19848,0.0
2024-02-01T17:00:00.000-0500,2190.466,2240.762,,2024-02-01T17:00:00.000-0500,4,2,2024,2024-02-01,140.64799999999968,-1.8129599999999937,0.0
2024-02-01T18:00:00.000-0500,2276.398,2330.301,,2024-02-01T18:00:00.000-0500,4,2,2024,2024-02-01,51.108999999999924,-0.022179999999998534,0.0
2024-02-01T19:00:00.000-0500,2253.491,2300.866,,2024-02-01T19:00:00.000-0500,4,2,2024,2024-02-01,80.54399999999987,-0.6108799999999974,0.0
2024-02-01T20:00:00.000-0500,2195.422,2225.388,,2024-02-01T20:00:00.000-0500,4,2,2024,2024-02-01,156.02199999999993,-2.1204399999999985,0.0
2024-02-01T21:00:00.000-0500,2101.728,2144.2,,2024-02-01T21:00:00.000-0500,4,2,2024,2024-02-01,237.21000000000004,-3.744200000000001,0.0
2024-02-01T22:00:00.000-0500,1994.908,2031.744,,2024-02-01T22:00:00.000-0500,4,2,2024,2024-02-01,349.66599999999994,-5.993319999999999,0.0
2024-02-01T23:00:00.000-0500,1859.648,1880.58,,2024-02-01T23:00:00.000-0500,4,2,2024,2024-02-01,500.8299999999999,-9.016599999999999,0.0
2024-02-02T00:00:00.000-0500,1744.857,1775.239,,2024-02-02T00:00:00.000-0500,5,2,2024,2024-02-02,606.1709999999998,-11.123419999999996,0.0
2024-02-02T01:00:00.000-0500,1650.543,1656.75,3860.4363,2024-02-02T01:00:00.000-0500,5,2,2024,2024-02-02,724.6599999999999,-13.493199999999998,0.0
2024-02-02T02:00:00.000-0500,1597.817,1601.082,,2024-02-02T02:00:00.000-0500,5,2,2024,2024-02-02,780.3279999999997,-14.606559999999995,0.0
2024-02-02T03:00:00.000-0500,1570.629,1583.04,,2024-02-02T03:00:00.000-0500,5,2,2024,2024-02-02,798.3699999999999,-14.967399999999998,0.0
2024-02-02T04:00:00.000-0500,1570.007,1600.071,,2024-02-02T04:00:00.000-0500,5,2,2024,2024-02-02,781.3389999999999,-14.626779999999998,0.0
2024-02-02T05:00:00.000-0500,1615.129,1654.238,,2024-02-02T05:00:00.000-0500,5,2,2024,2024-02-02,727.1719999999998,-13.543439999999997,0.0
2024-02-02T06:00:00.000-0500,1725.484,1789.272,,2024-02-02T06:00:00.000-0500,5,2,2024,2024-02-02,592.1379999999999,-10.842759999999998,0.0
2024-02-02T07:00:00.000-0500,1923.309,1991.321,,2024-02-02T07:00:00.000-0500,5,2,2024,2024-02-02,390.08899999999994,-6.801779999999999,0.0
2024-02-02T08:00:00.000-0500,2055.282,2172.108,,2024-02-02T08:00:00.000-0500,5,2,2024,2024-02-02,209.30199999999968,-3.186039999999994,0.0
2024-02-02T09:00:00.000-0500,2096.879,2221.902,,2024-02-02T09:00:00.000-0500,5,2,2024,2024-02-02,159.5079999999998,-2.190159999999996,0.0
2024-02-02T10:00:00.000-0500,2110.07,2232.372,,2024-02-02T10:00:00.000-0500,5,2,2024,2024-02-02,149.038,-1.98076,0.0
2024-02-02T11:00:00.000-0500,2102.334,2206.054,,2024-02-02T11:00:00.000-0500,5,2,2024,2024-02-02,175.35599999999977,-2.5071199999999956,0.0
2024-02-02T12:00:00.000-0500,2077.759,2184.718,,2024-02-02T12:00:00.000-0500,5,2,2024,2024-02-02,196.692,-2.9338400000000004,0.0
2024-02-02T13:00:00.000-0500,2051.234,2190.409,,2024-02-02T13:00:00.000-0500,5,2,2024,2024-02-02,191.00099999999975,-2.820019999999995,0.0
2024-02-02T14:00:00.000-0500,2017.296,2168.581,,2024-02-02T14:00:00.000-0500,5,2,2024,2024-02-02,212.82899999999972,-3.2565799999999943,0.0
2024-02-02T15:00:00.000-0500,2001.89,2205.885,,2024-02-02T15:00:00.000-0500,5,2,2024,2024-02-02,175.52499999999964,-2.510499999999993,0.0
2024-02-02T16:00:00.000-0500,2028.316,2191.421,,2024-02-02T16:00:00.000-0500,5,2,2024,2024-02-02,189.98900000000003,-2.7997800000000006,0.0
2024-02-02T17:00:00.000-0500,2100.361,2228.544,,2024-02-02T17:00:00.000-0500,5,2,2024,2024-02-02,152.86599999999999,-2.05732,0.0
2024-02-02T18:00:00.000-0500,2181.049,2312.042,,2024-02-02T18:00:00.000-0500,5,2,2024,2024-02-02,69.36799999999994,-0.3873599999999988,0.0
2024-02-02T19:00:00.000-0500,2162.122,2255.49,,2024-02-02T19:00:00.000-0500,5,2,2024,2024-02-02,125.92000000000007,-1.5184000000000015,0.0
2024-02-02T20:00:00.000-0500,2093.069,2179.287,,2024-02-02T20:00:00.000-0500,5,2,2024,2024-02-02,202.12300000000005,-3.042460000000001,0.0
2024-02-02T21:00:00.000-0500,2042.724,2098.489,,2024-02-02T21:00:00.000-0500,5,2,2024,2024-02-02,282.9209999999998,-4.658419999999997,0.0
2024-02-02T22:00:00.000-0500,1957.709,1996.928,,2024-02-02T22:00:00.000-0500,5,2,2024,2024-02-02,384.48199999999974,-6.689639999999995,0.0
2024-02-02T23:00:00.000-0500,1844.074,1888.975,,2024-02-02T23:00:00.000-0500,5,2,2024,2024-02-02,492.43499999999995,-8.8487,0.0
2024-02-03T00:00:00.000-0500,1738.108,1792.046,,2024-02-03T00:00:00.000-0500,6,2,2024,2024-02-03,589.3639999999998,-10.787279999999996,0.0
2024-02-03T01:00:00.000-0500,1656.967,1712.844,3860.4363,2024-02-03T01:00:00.000-0500,6,2,2024,2024-02-03,668.5659999999998,-12.371319999999997,0.0
2024-02-03T02:00:00.000-0500,1617.541,1660.475,,2024-02-03T02:00:00.000-0500,6,2,2024,2024-02-03,720.935,-13.4187,0.0
2024-02-03T03:00:00.000-0500,1583.272,1637.035,,2024-02-03T03:00:00.000-0500,6,2,2024,2024-02-03,744.3749999999998,-13.887499999999996,0.0
2024-02-03T04:00:00.000-0500,1580.146,1640.0,,2024-02-03T04:00:00.000-0500,6,2,2024,2024-02-03,741.4099999999999,-13.828199999999997,0.0
2024-02-03T05:00:00.000-0500,1601.716,1670.671,,2024-02-03T05:00:00.000-0500,6,2,2024,2024-02-03,710.7389999999998,-13.214779999999996,0.0
2024-02-03T06:00:00.000-0500,1646.314,1721.167,,2024-02-03T06:00:00.000-0500,6,2,2024,2024-02-03,660.2429999999999,-12.204859999999998,0.0
2024-02-03T07:00:00.000-0500,1747.467,1837.723,,2024-02-03T07:00:00.000-0500,6,2,2024,2024-02-03,543.6869999999999,-9.873739999999998,0.0
2024-02-03T08:00:00.000-0500,1814.558,1921.114,,2024-02-03T08:00:00.000-0500,6,2,2024,2024-02-03,460.2959999999998,-8.205919999999997,0.0
2024-02-03T09:00:00.000-0500,1828.112,1926.236,,2024-02-03T09:00:00.000-0500,6,2,2024,2024-02-03,455.17399999999975,-8.103479999999996,0.0
2024-02-03T10:00:00.000-0500,1772.917,1866.591,,2024-02-03T10:00:00.000-0500,6,2,2024,2024-02-03,514.819,-9.29638,0.0
2024-02-03T11:00:00.000-0500,1704.24,1685.641,,2024-02-03T11:00:00.000-0500,6,2,2024,2024-02-03,695.7689999999998,-12.915379999999995,0.0
2024-02-03T12:00:00.000-0500,1651.942,1629.439,,2024-02-03T12:00:00.000-0500,6,2,2024,2024-02-03,751.9709999999998,-14.039419999999996,0.0
2024-02-03T13:00:00.000-0500,1615.724,1619.597,,2024-02-03T13:00:00.000-0500,6,2,2024,2024-02-03,761.8129999999999,-14.236259999999998,0.0
2024-02-03T14:00:00.000-0500,1616.333,1436.503,,2024-02-03T14:00:00.000-0500,6,2,2024,2024-02-03,944.9069999999999,-17.898139999999998,0.0
2024-02-03T15:00:00.000-0500,1665.17,1563.132,,2024-02-03T15:00:00.000-0500,6,2,2024,2024-02-03,818.2779999999998,-15.365559999999995,0.0
2024-02-03T16:00:00.000-0500,1788.922,1726.007,,2024-02-03T16:00:00.000-0500,6,2,2024,2024-02-03,655.4029999999998,-12.108059999999996,0.0
2024-02-03T17:00:00.000-0500,1957.942,1954.784,,2024-02-03T17:00:00.000-0500,6,2,2024,2024-02-03,426.62599999999975,-7.5325199999999946,0.0
2024-02-03T18:00:00.000-0500,2088.04,2130.931,,2024-02-03T18:00:00.000-0500,6,2,2024,2024-02-03,250.47899999999981,-4.009579999999996,0.0
2024-02-03T19:00:00.000-0500,2096.958,2175.145,,2024-02-03T19:00:00.000-0500,6,2,2024,2024-02-03,206.26499999999987,-3.1252999999999975,0.0
2024-02-03T20:00:00.000-0500,2043.921,2115.566,,2024-02-03T20:00:00.000-0500,6,2,2024,2024-02-03,265.84400000000005,-4.316880000000001,0.0
2024-02-03T21:00:00.000-0500,1996.703,2051.912,,2024-02-03T21:00:00.000-0500,6,2,2024,2024-02-03,329.49800000000005,-5.589960000000001,0.0
2024-02-03T22:00:00.000-0500,1928.706,1972.502,,2024-02-03T22:00:00.000-0500,6,2,2024,2024-02-03,408.9079999999999,-7.178159999999998,0.0
2024-02-03T23:00:00.000-0500,1837.351,1891.206,,2024-02-03T23:00:00.000-0500,6,2,2024,2024-02-03,490.20399999999995,-8.804079999999999,0.0
2024-02-04T00:00:00.000-0500,1744.921,1792.015,,2024-02-04T00:00:00.000-0500,7,2,2024,2024-02-04,589.3949999999998,-10.787899999999995,0.0
2024-02-04T01:00:00.000-0500,1682.654,1736.75,3860.4363,2024-02-04T01:00:00.000-0500,7,2,2024,2024-02-04,644.6599999999999,-11.893199999999997,0.0
2024-02-04T02:00:00.000-0500,1644.42,1704.04,,2024-02-04T02:00:00.000-0500,7,2,2024,2024-02-04,677.3699999999999,-12.547399999999998,0.0
2024-02-04T03:00:00.000-0500,1623.202,1655.838,,2024-02-04T03:00:00.000-0500,7,2,2024,2024-02-04,725.5719999999999,-13.511439999999999,0.0
2024-02-04T04:00:00.000-0500,1620.507,1638.808,,2024-02-04T04:00:00.000-0500,7,2,2024,2024-02-04,742.6019999999999,-13.852039999999997,0.0
2024-02-04T05:00:00.000-0500,1636.809,1704.95,,2024-02-04T05:00:00.000-0500,7,2,2024,2024-02-04,676.4599999999998,-12.529199999999996,0.0
2024-02-04T06:00:00.000-0500,1684.782,1715.176,,2024-02-04T06:00:00.000-0500,7,2,2024,2024-02-04,666.2339999999999,-12.324679999999999,0.0
2024-02-04T07:00:00.000-0500,1752.468,1803.543,,2024-02-04T07:00:00.000-0500,7,2,2024,2024-02-04,577.867,-10.55734,0.0
2024-02-04T08:00:00.000-0500,1811.986,1865.859,,2024-02-04T08:00:00.000-0500,7,2,2024,2024-02-04,515.5509999999999,-9.31102,0.0
2024-02-04T09:00:00.000-0500,1787.932,1792.274,,2024-02-04T09:00:00.000-0500,7,2,2024,2024-02-04,589.136,-10.78272,0.0
2024-02-04T10:00:00.000-0500,1717.391,1729.606,,2024-02-04T10:00:00.000-0500,7,2,2024,2024-02-04,651.8039999999999,-12.036079999999998,0.0
2024-02-04T11:00:00.000-0500,1652.829,1504.517,,2024-02-04T11:00:00.000-0500,7,2,2024,2024-02-04,876.8929999999998,-16.537859999999995,0.0
2024-02-04T12:00:00.000-0500,1610.451,1434.979,,2024-02-04T12:00:00.000-0500,7,2,2024,2024-02-04,946.4309999999998,-17.928619999999995,0.0
2024-02-04T13:00:00.000-0500,1593.568,1426.672,,2024-02-04T13:00:00.000-0500,7,2,2024,2024-02-04,954.7379999999998,-18.094759999999997,0.0
2024-02-04T14:00:00.000-0500,1577.943,1473.623,,2024-02-04T14:00:00.000-0500,7,2,2024,2024-02-04,907.7869999999998,-17.155739999999998,0.0
2024-02-04T15:00:00.000-0500,1638.103,1615.665,,2024-02-04T15:00:00.000-0500,7,2,2024,2024-02-04,765.7449999999999,-14.314899999999998,0.0
2024-02-04T16:00:00.000-0500,1774.696,1823.47,,2024-02-04T16:00:00.000-0500,7,2,2024,2024-02-04,557.9399999999998,-10.158799999999998,0.0
2024-02-04T17:00:00.000-0500,1960.711,2022.188,,2024-02-04T17:00:00.000-0500,7,2,2024,2024-02-04,359.22199999999975,-6.184439999999995,0.0
2024-02-04T18:00:00.000-0500,2126.98,2199.812,,2024-02-04T18:00:00.000-0500,7,2,2024,2024-02-04,181.59799999999996,-2.6319599999999994,0.0
2024-02-04T19:00:00.000-0500,2150.7,2206.206,,2024-02-04T19:00:00.000-0500,7,2,2024,2024-02-04,175.20399999999972,-2.5040799999999948,0.0
2024-02-04T20:00:00.000-0500,2111.43,2133.468,,2024-02-04T20:00:00.000-0500,7,2,2024,2024-02-04,247.942,-3.9588400000000004,0.0
2024-02-04T21:00:00.000-0500,2030.908,2067.69,,2024-02-04T21:00:00.000-0500,7,2,2024,2024-02-04,313.7199999999998,-5.274399999999996,0.0
2024-02-04T22:00:00.000-0500,1940.689,1985.107,,2024-02-04T22:00:00.000-0500,7,2,2024,2024-02-04,396.3029999999999,-6.926059999999998,0.0
2024-02-04T23:00:00.000-0500,1820.506,1872.073,,2024-02-04T23:00:00.000-0500,7,2,2024,2024-02-04,509.33699999999976,-9.186739999999995,0.0
2024-02-05T00:00:00.000-0500,1716.456,1772.895,,2024-02-05T00:00:00.000-0500,1,2,2024,2024-02-05,608.5149999999999,-11.170299999999997,0.0
2024-02-05T01:00:00.000-0500,1658.052,1719.648,3860.4363,2024-02-05T01:00:00.000-0500,1,2,2024,2024-02-05,661.762,-12.23524,0.0
2024-02-05T02:00:00.000-0500,1631.422,1703.953,,2024-02-05T02:00:00.000-0500,1,2,2024,2024-02-05,677.4569999999999,-12.549139999999998,0.0
2024-02-05T03:00:00.000-0500,1615.298,1661.871,,2024-02-05T03:00:00.000-0500,1,2,2024,2024-02-05,719.5389999999998,-13.390779999999996,0.0
2024-02-05T04:00:00.000-0500,1633.837,1671.649,,2024-02-05T04:00:00.000-0500,1,2,2024,2024-02-05,709.761,-13.195219999999999,0.0
2024-02-05T05:00:00.000-0500,1684.999,1778.006,,2024-02-05T05:00:00.000-0500,1,2,2024,2024-02-05,603.4039999999998,-11.068079999999995,0.0
2024-02-05T06:00:00.000-0500,1829.853,1851.698,,2024-02-05T06:00:00.000-0500,1,2,2024,2024-02-05,529.7119999999998,-9.594239999999996,0.0
2024-02-05T07:00:00.000-0500,2041.787,2108.624,,2024-02-05T07:00:00.000-0500,1,2,2024,2024-02-05,272.78600000000006,-4.455720000000001,0.0
2024-02-05T08:00:00.000-0500,2147.108,2216.371,,2024-02-05T08:00:00.000-0500,1,2,2024,2024-02-05,165.03899999999976,-2.300779999999995,0.0
2024-02-05T09:00:00.000-0500,2054.842,2093.153,,2024-02-05T09:00:00.000-0500,1,2,2024,2024-02-05,288.25700000000006,-4.7651400000000015,0.0
2024-02-05T10:00:00.000-0500,1908.038,1910.675,,2024-02-05T10:00:00.000-0500,1,2,2024,2024-02-05,470.7349999999999,-8.414699999999998,0.0
2024-02-05T11:00:00.000-0500,1803.446,1615.85,,2024-02-05T11:00:00.000-0500,1,2,2024,2024-02-05,765.56,-14.3112,0.0
2024-02-05T12:00:00.000-0500,1742.971,1561.615,,2024-02-05T12:00:00.000-0500,1,2,2024,2024-02-05,819.7949999999998,-15.395899999999997,0.0
2024-02-05T13:00:00.000-0500,1714.762,1515.525,,2024-02-05T13:00:00.000-0500,1,2,2024,2024-02-05,865.8849999999998,-16.317699999999995,0.0
2024-02-05T14:00:00.000-0500,1722.394,1513.569,,2024-02-05T14:00:00.000-0500,1,2,2024,2024-02-05,867.8409999999999,-16.35682,0.0
2024-02-05T15:00:00.000-0500,1775.22,1631.87,,2024-02-05T15:00:00.000-0500,1,2,2024,2024-02-05,749.54,-13.9908,0.0
2024-02-05T16:00:00.000-0500,1906.811,1860.651,,2024-02-05T16:00:00.000-0500,1,2,2024,2024-02-05,520.7589999999998,-9.415179999999996,0.0
2024-02-05T17:00:00.000-0500,2105.154,2108.723,,2024-02-05T17:00:00.000-0500,1,2,2024,2024-02-05,272.6869999999999,-4.453739999999998,0.0
2024-02-05T18:00:00.000-0500,2258.39,2355.536,,2024-02-05T18:00:00.000-0500,1,2,2024,2024-02-05,25.873999999999796,0.48252000000000406,0.48252000000000406
2024-02-05T19:00:00.000-0500,2268.794,2381.41,,2024-02-05T19:00:00.000-0500,1,2,2024,2024-02-05,0.0,1.0,1.0
2024-02-05T20:00:00.000-0500,2231.64,2301.564,,2024-02-05T20:00:00.000-0500,1,2,2024,2024-02-05,79.846,-0.5969200000000001,0.0
2024-02-05T21:00:00.000-0500,2157.998,2221.554,,2024-02-05T21:00:00.000-0500,1,2,2024,2024-02-05,159.85599999999977,-2.1971199999999955,0.0
2024-02-05T22:00:00.000-0500,2049.173,2113.781,,2024-02-05T22:00:00.000-0500,1,2,2024,2024-02-05,267.6289999999999,-4.352579999999998,0.0
2024-02-05T23:00:00.000-0500,1915.654,1974.447,,2024-02-05T23:00:00.000-0500,1,2,2024,2024-02-05,406.96299999999997,-7.13926,0.0
2024-02-06T00:00:00.000-0500,1795.043,1856.679,,2024-02-06T00:00:00.000-0500,2,2,2024,2024-02-06,524.7309999999998,-9.494619999999996,0.0
2024-02-06T01:00:00.000-0500,1735.453,1760.511,3928.8149,2024-02-06T01:00:00.000-0500,2,2,2024,2024-02-06,620.8989999999999,-11.417979999999998,0.0
2024-02-06T02:00:00.000-0500,1688.658,1723.029,,2024-02-06T02:00:00.000-0500,2,2,2024,2024-02-06,658.3809999999999,-12.167619999999998,0.0
2024-02-06T03:00:00.000-0500,1675.019,1692.85,,2024-02-06T03:00:00.000-0500,2,2,2024,2024-02-06,688.56,-12.771199999999999,0.0
2024-02-06T04:00:00.000-0500,1685.39,1709.652,,2024-02-06T04:00:00.000-0500,2,2,2024,2024-02-06,671.7579999999998,-12.435159999999996,0.0
2024-02-06T05:00:00.000-0500,1737.454,1765.314,,2024-02-06T05:00:00.000-0500,2,2,2024,2024-02-06,616.0959999999998,-11.321919999999995,0.0
2024-02-06T06:00:00.000-0500,1863.382,1886.255,,2024-02-06T06:00:00.000-0500,2,2,2024,2024-02-06,495.15499999999975,-8.903099999999995,0.0
2024-02-06T07:00:00.000-0500,2082.195,2107.723,,2024-02-06T07:00:00.000-0500,2,2,2024,2024-02-06,273.6869999999999,-4.4737399999999985,0.0
2024-02-06T08:00:00.000-0500,2176.37,2200.741,,2024-02-06T08:00:00.000-0500,2,2,2024,2024-02-06,180.66899999999987,-2.6133799999999976,0.0
2024-02-06T09:00:00.000-0500,2074.743,2039.078,,2024-02-06T09:00:00.000-0500,2,2,2024,2024-02-06,342.3319999999999,-5.846639999999998,0.0
2024-02-06T10:00:00.000-0500,1919.09,1869.516,,2024-02-06T10:00:00.000-0500,2,2,2024,2024-02-06,511.8939999999998,-9.237879999999995,0.0
2024-02-06T11:00:00.000-0500,1802.711,1790.199,,2024-02-06T11:00:00.000-0500,2,2,2024,2024-02-06,591.2109999999998,-10.824219999999995,0.0
2024-02-06T12:00:00.000-0500,1737.914,1692.803,,2024-02-06T12:00:00.000-0500,2,2,2024,2024-02-06,688.6069999999997,-12.772139999999995,0.0
2024-02-06T13:00:00.000-0500,1708.782,1604.855,,2024-02-06T13:00:00.000-0500,2,2,2024,2024-02-06,776.5549999999998,-14.531099999999997,0.0
2024-02-06T14:00:00.000-0500,1726.492,1608.008,,2024-02-06T14:00:00.000-0500,2,2,2024,2024-02-06,773.4019999999998,-14.468039999999997,0.0
2024-02-06T15:00:00.000-0500,1769.013,1683.576,,2024-02-06T15:00:00.000-0500,2,2,2024,2024-02-06,697.8339999999998,-12.956679999999997,0.0
2024-02-06T16:00:00.000-0500,1895.681,1890.926,,2024-02-06T16:00:00.000-0500,2,2,2024,2024-02-06,490.4839999999999,-8.809679999999998,0.0
2024-02-06T17:00:00.000-0500,2080.228,2167.449,,2024-02-06T17:00:00.000-0500,2,2,2024,2024-02-06,213.96099999999979,-3.279219999999996,0.0
2024-02-06T18:00:00.000-0500,2226.032,2377.407,,2024-02-06T18:00:00.000-0500,2,2,2024,2024-02-06,4.002999999999702,0.919940000000006,0.919940000000006
2024-02-06T19:00:00.000-0500,2251.64,2379.246,,2024-02-06T19:00:00.000-0500,2,2,2024,2024-02-06,2.16399999999976,0.9567200000000048,0.9567200000000048
2024-02-06T20:00:00.000-0500,2227.193,2305.587,,2024-02-06T20:00:00.000-0500,2,2,2024,2024-02-06,75.82299999999987,-0.5164599999999973,0.0
2024-02-06T21:00:00.000-0500,2145.107,2199.362,,2024-02-06T21:00:00.000-0500,2,2,2024,2024-02-06,182.04799999999977,-2.6409599999999958,0.0
2024-02-06T22:00:00.000-0500,2046.073,2088.083,,2024-02-06T22:00:00.000-0500,2,2,2024,2024-02-06,293.32699999999977,-4.866539999999995,0.0
2024-02-06T23:00:00.000-0500,1908.689,1947.095,,2024-02-06T23:00:00.000-0500,2,2,2024,2024-02-06,434.3149999999998,-7.6862999999999975,0.0
2024-02-07T00:00:00.000-0500,1803.881,1824.197,,2024-02-07T00:00:00.000-0500,3,2,2024,2024-02-07,557.213,-10.14426,0.0
